material_request	stock_entry	item_code	bin_location	carton_id	desktop_qty_to_verify	erp_wrong_carton_qty	erp_wms_balance_now	is_blocker	blocker_reason	team_verified	team_confirmed_qty	team_notes
MR-2026-03724	MAT-STE-2026-20120	314636	B006-OWSHEL-014B	CNWH48931	2.0	0.0	2.0	N				
MR-2026-03724	MAT-STE-2026-20120	314638	B006-OWSHEL-015C	CNWH52128	2.0	1.0	0.0	Y	insufficient_balance			
MR-2026-03724	MAT-STE-2026-20120	318481	B004-OWSHEL-024A	CNWH55660	2.0	0.0	2.0	N				
MR-2026-03724	MAT-STE-2026-20120	318492	B004-OWSHEL-024A	CNWH55687	2.0	0.0	2.0	N				
MR-2026-03724	MAT-STE-2026-20120	318505	B004-OWSHEL-024A	CNWH55609	2.0	0.0	1.0	Y	insufficient_balance			
MR-2026-03724	MAT-STE-2026-20120	318507	B004-OWSHEL-024A	CNWH55609	3.0	0.0	4.0	N				
MR-2026-03733	MAT-STE-2026-20121	318477	B004-OWSHEL-003C	CNWH62227	2.0	0.0	0.0	Y	insufficient_balance			
MR-2026-03733	MAT-STE-2026-20121	318505	B003-OWSHEL-012A	CNWH55600	2.0	0.0	1.0	Y	insufficient_balance			
MR-2026-03733	MAT-STE-2026-20121	318505	B003-OWSHEL-012A	CNWH69232	1.0	0.0	0.0	Y	insufficient_balance			
MR-2026-03733	MAT-STE-2026-20121	322686	B006-OWSHEL-013A	CNWH61023	2.0	1.0	0.0	Y	insufficient_balance			
MR-2026-03753	MAT-STE-2026-20123	314644	B006-OWSHEL-015C	CNWH52104	1.0	0.0	1.0	N				
MR-2026-03753	MAT-STE-2026-20123	314644	B006-OWSHEL-015C	CNWH52128	2.0	0.0	2.0	N				
MR-2026-03753	MAT-STE-2026-20123	314659	B006-OWSHEL-015C	CNWH52104	1.0	0.0	0.0	Y	insufficient_balance			
MR-2026-03753	MAT-STE-2026-20123	314659	B006-OWSHEL-015C	CNWH52128	1.0	0.0	0.0	Y	insufficient_balance			
MR-2026-03753	MAT-STE-2026-20123	314659	B006-OWSHEL-015C	CNWH55653	1.0	0.0	1.0	N				
MR-2026-03753	MAT-STE-2026-20123	318477	B005-OWSHEL-035B	CNWH55645	1.0	0.0	1.0	N				
MR-2026-03753	MAT-STE-2026-20123	318502	B004-OWSHEL-024A	CNWH55684	1.0	0.0	1.0	N				
MR-2026-03753	MAT-STE-2026-20123	318502	B004-OWSHEL-027C	CNWH55692	1.0	0.0	1.0	N				
MR-2026-03753	MAT-STE-2026-20123	318506	B004-OWSHEL-024A	CNWH55609	3.0	0.0	3.0	N				
MR-2026-03773	MAT-STE-2026-20125	314637	B006-OWSHEL-015C	CNWH52073	1.0	0.0	2.0	N				
MR-2026-03773	MAT-STE-2026-20125	314642	B003-OWSHEL-012A	CNWH69376	2.0	1.0	1.0	N				
MR-2026-03773	MAT-STE-2026-20125	318505	B004-OWSHEL-023B	CNWH55547	2.0	0.0	0.0	Y	insufficient_balance			
MR-2026-03773	MAT-STE-2026-20125	318506	B002-OWSHEL-011B	CNWH55589	2.0	0.0	3.0	N				
MR-2026-03783	MAT-STE-2026-20126	318476	B004-OWSHEL-023B	CNWH55655	2.0	0.0	3.0	N				
MR-2026-03783	MAT-STE-2026-20126	318483	B004-OWSHEL-023B	CNWH55593	1.0	0.0	0.0	Y	insufficient_balance			
MR-2026-03783	MAT-STE-2026-20126	318519	B003-OWSHEL-012A	CNWH55600	2.0	1.0	0.0	Y	insufficient_balance			
MR-2026-03793	MAT-STE-2026-20127	314635	B006-OWSHEL-015C	CNWH52128	1.0	0.0	1.0	N				
MR-2026-03793	MAT-STE-2026-20127	314638	B006-OWSHEL-015C	CNWH52126	1.0	0.0	0.0	Y	insufficient_balance			
MR-2026-03793	MAT-STE-2026-20127	314659	B006-OWSHEL-015C	CNWH52073	3.0	0.0	0.0	Y	insufficient_balance			
MR-2026-03793	MAT-STE-2026-20127	314659	B006-OWSHEL-015C	CNWH52141	1.0	2.0	1.0	N				
MR-2026-03793	MAT-STE-2026-20127	314661	B006-OWSHEL-014B	CNWH48931	3.0	0.0	3.0	N				
MR-2026-03793	MAT-STE-2026-20127	314661	B006-OWSHEL-015C	CNWH52126	2.0	3.0	0.0	N				
MR-2026-03793	MAT-STE-2026-20127	314668	B004-OWSHEL-024A	CNWH55660	2.0	0.0	2.0	N				
MR-2026-03793	MAT-STE-2026-20127	318477	B004-OWSHEL-003C	CNWH62230	1.0	0.0	0.0	Y	insufficient_balance			
MR-2026-03793	MAT-STE-2026-20127	318477	B005-OWSHEL-035B	CNWH55645	1.0	0.0	1.0	N				
MR-2026-03793	MAT-STE-2026-20127	318483	B004-OWSHEL-023B	CNWH55593	1.0	2.0	0.0	N				
MR-2026-03793	MAT-STE-2026-20127	318483	B005-OWSHEL-003C	CNWH62258	1.0	0.0	0.0	Y	insufficient_balance			
MR-2026-03793	MAT-STE-2026-20127	318489	B004-OWSHEL-023B	CNWH55655	2.0	0.0	2.0	N				
MR-2026-03793	MAT-STE-2026-20127	318489	B004-OWSHEL-023B	CNWH55693	1.0	0.0	2.0	N				
MR-2026-03793	MAT-STE-2026-20127	318505	B002-OWSHEL-011B	CNWH55589	1.0	0.0	0.0	Y	insufficient_balance			
MR-2026-03793	MAT-STE-2026-20127	318505	B002-OWSHEL-011B	CNWH55597	1.0	0.0	0.0	Y	insufficient_balance			
MR-2026-03793	MAT-STE-2026-20127	322686	B006-OWSHEL-013A	CNWH61011	1.0	0.0	0.0	Y	insufficient_balance			
MR-2026-03807	MAT-STE-2026-20023	318477	B004-OWSHEL-024A	CNWH55660	2.0	0.0	0.0	Y	insufficient_balance			
MR-2026-03807	MAT-STE-2026-20023	318495	B004-OWSHEL-024A	CNWH55687	2.0	0.0	2.0	N				
MR-2026-03829	MAT-STE-2026-20306	322390	L010-OWSHEL-003C	CNWH60866	3.0	0.0	3.0	N				
MR-2026-03829	MAT-STE-2026-20306	322391	L010-OWSHEL-002B	CNWH60905	1.0	0.0	3.0	N				
MR-2026-03829	MAT-STE-2026-20306	322397	L010-OWSHEL-036A	CNWH60675	1.0	0.0	4.0	N				
MR-2026-03829	MAT-STE-2026-20306	322403	L010-OWSHEL-035B	CNWH60609	1.0	0.0	5.0	N				
MR-2026-03829	MAT-STE-2026-20306	322409	L010-OWSHEL-023B	CNWH60672	1.0	0.0	5.0	N				
MR-2026-03829	MAT-STE-2026-20306	322415	L010-OWSHEL-036A	CNWH60644	3.0	0.0	8.0	N				
MR-2026-03829	MAT-STE-2026-20306	322432	L010-OWSHEL-023B	CNWH59834	1.0	0.0	8.0	N				
MR-2026-03829	MAT-STE-2026-20306	322435	L010-OWSHEL-022C	CNWH61151	2.0	0.0	2.0	N				
MR-2026-03829	MAT-STE-2026-20306	322438	L010-OWSHEL-022C	CNWH61151	1.0	0.0	8.0	N				
MR-2026-03829	MAT-STE-2026-20306	322476	L010-OWSHEL-015C	CNWH66443	2.0	0.0	3.0	N				
MR-2026-03829	MAT-STE-2026-20306	322504	L010-OWSHEL-004D	CNWH60607	1.0	0.0	7.0	N				
MR-2026-03829	MAT-STE-2026-20306	322510	L010-OWSHEL-001A	CNWH60928	3.0	0.0	6.0	N				
MR-2026-03829	MAT-STE-2026-20306	322532	L010-OWSHEL-011B	CNWH60254	3.0	0.0	4.0	N				
MR-2026-03829	MAT-STE-2026-20306	322535	L010-OWSHEL-012A	CNWH60269	3.0	0.0	0.0	Y	insufficient_balance			
MR-2026-03829	MAT-STE-2026-20306	322537	L010-OWSHEL-014B	CNWH60235	1.0	0.0	3.0	N				
MR-2026-03829	MAT-STE-2026-20306	322568	L017-OWPALT-031B	CNWH60624	2.0	0.0	11.0	N				
MR-2026-03829	MAT-STE-2026-20306	322597	L017-OWPALT-027C	CNWH60961	2.0	1.0	1.0	N				
MR-2026-03829	MAT-STE-2026-20306	322607	L017-OWPALT-046C	CNWH65211	3.0	2.0	5.0	N				
MR-2026-03829	MAT-STE-2026-20306	322608	L017-OWPALT-046C	CNWH65211	1.0	0.0	2.0	N				
MR-2026-03836	MAT-STE-2026-20178	322366	L010-OWSHEL-010C	CNWH60634	1.0	0.0	5.0	N				
MR-2026-03836	MAT-STE-2026-20178	322374	L010-OWSHEL-014B	CNWH56887	2.0	0.0	2.0	N				
MR-2026-03836	MAT-STE-2026-20178	322380	L010-OWSHEL-014B	CNWH60475	2.0	0.0	4.0	N				
MR-2026-03836	MAT-STE-2026-20178	322387	L010-OWSHEL-009D	CNWH60648	2.0	0.0	2.0	N				
MR-2026-03836	MAT-STE-2026-20178	322387	L010-OWSHEL-015C	CNWH60258	1.0	0.0	2.0	N				
MR-2026-03836	MAT-STE-2026-20178	322388	L010-OWSHEL-002B	CNWH60905	3.0	0.0	2.0	Y	insufficient_balance			
MR-2026-03836	MAT-STE-2026-20178	322405	L010-OWSHEL-036A	CNWH60669	2.0	0.0	4.0	N				
MR-2026-03836	MAT-STE-2026-20178	322409	L010-OWSHEL-036A	CNWH60669	3.0	0.0	7.0	N				
MR-2026-03836	MAT-STE-2026-20178	322422	L010-OWSHEL-023B	CNWH61150	1.0	0.0	4.0	N				
MR-2026-03836	MAT-STE-2026-20178	322427	L010-OWSHEL-022C	CNWH61227	1.0	0.0	8.0	N				
MR-2026-03836	MAT-STE-2026-20178	322434	L010-OWSHEL-034C	CNWH61152	1.0	0.0	1.0	N				
MR-2026-03836	MAT-STE-2026-20178	322435	L010-OWSHEL-034C	CNWH61222	1.0	0.0	3.0	N				
MR-2026-03836	MAT-STE-2026-20178	322440	L010-OWSHEL-034C	CNWH61222	1.0	0.0	3.0	N				
MR-2026-03836	MAT-STE-2026-20178	322453	L009-OWSHEL-038B	CNWH61206	1.0	0.0	4.0	N				
MR-2026-03836	MAT-STE-2026-20178	322464	L010-OWSHEL-047B	CNWH59860	2.0	0.0	3.0	N				
MR-2026-03836	MAT-STE-2026-20178	322481	L010-OWSHEL-015C	CNWH61215	1.0	0.0	7.0	N				
MR-2026-03836	MAT-STE-2026-20178	322497	L010-OWSHEL-046C	CNWH61180	3.0	0.0	12.0	N				
MR-2026-03836	MAT-STE-2026-20178	322505	L010-OWSHEL-011B	CNWH60953	1.0	0.0	4.0	N				
MR-2026-03836	MAT-STE-2026-20178	322506	L010-OWSHEL-004D	CNWH60607	1.0	0.0	2.0	N				
MR-2026-03836	MAT-STE-2026-20178	322527	L010-OWSHEL-011B	CNWH60254	1.0	0.0	2.0	N				
MR-2026-03836	MAT-STE-2026-20178	322533	L010-OWSHEL-012A	CNWH60121	1.0	0.0	1.0	N				
MR-2026-03836	MAT-STE-2026-20178	322537	L010-OWSHEL-010C	CNWH60656	1.0	0.0	1.0	N				
MR-2026-03836	MAT-STE-2026-20178	322541	L010-OWSHEL-014B	CNWH60235	1.0	0.0	8.0	N				
MR-2026-03836	MAT-STE-2026-20178	322601	L017-OWPALT-015B	CNWH60604	2.0	0.0	3.0	N				
MR-2026-03843	MAT-STE-2026-20229	322372	L010-OWSHEL-004D	CNWH60595	1.0	0.0	4.0	N				
MR-2026-03843	MAT-STE-2026-20229	322380	L010-OWSHEL-014B	CNWH60475	2.0	0.0	4.0	N				
MR-2026-03843	MAT-STE-2026-20229	322393	L010-OWSHEL-040D	CNWH60614	3.0	1.0	2.0	N				
MR-2026-03843	MAT-STE-2026-20229	322395	L009-OWSHEL-035B	CNWH60173	3.0	0.0	7.0	N				
MR-2026-03843	MAT-STE-2026-20229	322399	L010-OWSHEL-040D	CNWH60674	2.0	0.0	4.0	N				
MR-2026-03843	MAT-STE-2026-20229	322401	L010-OWSHEL-040D	CNWH60674	3.0	0.0	16.0	N				
MR-2026-03843	MAT-STE-2026-20229	322402	L010-OWSHEL-040D	CNWH60674	2.0	0.0	3.0	N				
MR-2026-03843	MAT-STE-2026-20229	322407	L010-OWSHEL-035B	CNWH60608	3.0	0.0	12.0	N				
MR-2026-03843	MAT-STE-2026-20229	322408	L010-OWSHEL-035B	CNWH60608	4.0	0.0	5.0	N				
MR-2026-03843	MAT-STE-2026-20229	322411	L010-OWSHEL-035B	CNWH60643	2.0	0.0	6.0	N				
MR-2026-03843	MAT-STE-2026-20229	322415	L010-OWSHEL-035B	CNWH60643	1.0	0.0	2.0	N				
MR-2026-03843	MAT-STE-2026-20229	322418	L010-OWSHEL-022C	CNWH61156	3.0	0.0	11.0	N				
MR-2026-03843	MAT-STE-2026-20229	322423	L010-OWSHEL-021D	CNWH61228	3.0	0.0	4.0	N				
MR-2026-03843	MAT-STE-2026-20229	322425	L010-OWSHEL-022C	CNWH61227	1.0	0.0	12.0	N				
MR-2026-03843	MAT-STE-2026-20229	322426	L010-OWSHEL-022C	CNWH61227	1.0	0.0	6.0	N				
MR-2026-03843	MAT-STE-2026-20229	322435	L010-OWSHEL-034C	CNWH61222	2.0	0.0	3.0	N				
MR-2026-03843	MAT-STE-2026-20229	322443	L010-OWSHEL-046C	CNWH59859	1.0	0.0	11.0	N				
MR-2026-03843	MAT-STE-2026-20229	322444	L010-OWSHEL-046C	CNWH59859	1.0	0.0	7.0	N				
MR-2026-03843	MAT-STE-2026-20229	322467	L010-OWSHEL-015C	CNWH61225	1.0	0.0	8.0	N				
MR-2026-03843	MAT-STE-2026-20229	322472	L009-OWSHEL-033D	CNWH59848	4.0	1.0	11.0	N				
MR-2026-03843	MAT-STE-2026-20229	322476	L010-OWSHEL-016D	CNWH61188	3.0	0.0	1.0	Y	insufficient_balance			
MR-2026-03843	MAT-STE-2026-20229	322478	L010-OWSHEL-015C	CNWH61215	3.0	0.0	11.0	N				
MR-2026-03843	MAT-STE-2026-20229	322480	L010-OWSHEL-015C	CNWH61215	4.0	0.0	8.0	N				
MR-2026-03843	MAT-STE-2026-20229	322481	L010-OWSHEL-015C	CNWH61215	4.0	0.0	7.0	N				
MR-2026-03843	MAT-STE-2026-20229	322482	L010-OWSHEL-015C	CNWH61215	2.0	1.0	0.0	Y	insufficient_balance			
MR-2026-03843	MAT-STE-2026-20229	322482	L010-OWSHEL-016D	CNWH61229	1.0	0.0	2.0	N				
MR-2026-03843	MAT-STE-2026-20229	322489	L010-OWSHEL-045D	CNWH61148	2.0	1.0	2.0	N				
MR-2026-03843	MAT-STE-2026-20229	322490	L010-OWSHEL-045D	CNWH61148	3.0	0.0	9.0	N				
MR-2026-03843	MAT-STE-2026-20229	322495	L010-OWSHEL-046C	CNWH61180	2.0	0.0	4.0	N				
MR-2026-03843	MAT-STE-2026-20229	322499	L010-OWSHEL-046C	CNWH61180	1.0	0.0	8.0	N				
MR-2026-03843	MAT-STE-2026-20229	322507	L010-OWSHEL-003C	CNWH60234	4.0	0.0	4.0	N				
MR-2026-03843	MAT-STE-2026-20229	322515	L009-OWSHEL-021D	CNWH66473	4.0	3.0	4.0	N				
MR-2026-03843	MAT-STE-2026-20229	322516	L016-OWPALT-026B	CNWH24445	4.0	0.0	7.0	N				
MR-2026-03843	MAT-STE-2026-20229	322521	L010-OWSHEL-001A	CNWH43188	4.0	0.0	4.0	N				
MR-2026-03843	MAT-STE-2026-20229	322523	L010-OWSHEL-001A	CNWH43188	3.0	0.0	4.0	N				
MR-2026-03843	MAT-STE-2026-20229	322526	L016-OWPALT-026B	CNWH11422	4.0	0.0	11.0	N				
MR-2026-03843	MAT-STE-2026-20229	322527	L016-OWPALT-026B	CNWH11422	2.0	0.0	12.0	N				
MR-2026-03843	MAT-STE-2026-20229	322528	L016-OWPALT-026B	CNWH11422	2.0	0.0	3.0	N				
MR-2026-03843	MAT-STE-2026-20229	322532	L010-OWSHEL-012A	CNWH60269	4.0	0.0	14.0	N				
MR-2026-03843	MAT-STE-2026-20229	322542	L010-OWSHEL-014B	CNWH60235	2.0	0.0	1.0	Y	insufficient_balance			
MR-2026-03843	MAT-STE-2026-20229	322547	L010-OWSHEL-024A	CNWH60962	3.0	0.0	6.0	N				
MR-2026-03843	MAT-STE-2026-20229	322548	L010-OWSHEL-011B	CNWH60239	2.0	0.0	3.0	N				
MR-2026-03843	MAT-STE-2026-20229	322573	L017-OWPALT-031B	CNWH60879	1.0	0.0	1.0	N				
MR-2026-03843	MAT-STE-2026-20229	322575	L017-OWPALT-031B	CNWH60879	4.0	0.0	3.0	Y	insufficient_balance			
MR-2026-03843	MAT-STE-2026-20229	322583	L017-OWPALT-031B	CNWH60874	4.0	0.0	3.0	Y	insufficient_balance			
MR-2026-03843	MAT-STE-2026-20229	322607	L017-OWPALT-046C	CNWH65211	3.0	0.0	5.0	N				
MR-2026-03854	MAT-STE-2026-20307	322363	L010-OWSHEL-013A	CNWH60637	1.0	0.0	3.0	N				
MR-2026-03854	MAT-STE-2026-20307	322374	L010-OWSHEL-014B	CNWH60477	1.0	0.0	2.0	N				
MR-2026-03854	MAT-STE-2026-20307	322382	L010-OWSHEL-014B	CNWH60476	2.0	0.0	12.0	N				
MR-2026-03854	MAT-STE-2026-20307	322389	L010-OWSHEL-015C	CNWH60258	3.0	0.0	7.0	N				
MR-2026-03854	MAT-STE-2026-20307	322395	L010-OWSHEL-036A	CNWH60675	4.0	0.0	11.0	N				
MR-2026-03854	MAT-STE-2026-20307	322397	L010-OWSHEL-036A	CNWH60675	4.0	0.0	4.0	N				
MR-2026-03854	MAT-STE-2026-20307	322406	L010-OWSHEL-036A	CNWH60669	1.0	0.0	12.0	N				
MR-2026-03854	MAT-STE-2026-20307	322409	L010-OWSHEL-036A	CNWH60669	1.0	0.0	7.0	N				
MR-2026-03854	MAT-STE-2026-20307	322412	L010-OWSHEL-036A	CNWH60644	3.0	0.0	12.0	N				
MR-2026-03854	MAT-STE-2026-20307	322415	L010-OWSHEL-036A	CNWH60644	4.0	0.0	8.0	N				
MR-2026-03854	MAT-STE-2026-20307	322418	L010-OWSHEL-025A	CNWH61155	3.0	0.0	12.0	N				
MR-2026-03854	MAT-STE-2026-20307	322419	L010-OWSHEL-025A	CNWH61155	4.0	0.0	12.0	N				
MR-2026-03854	MAT-STE-2026-20307	322422	L010-OWSHEL-025A	CNWH61155	1.0	0.0	4.0	N				
MR-2026-03854	MAT-STE-2026-20307	322437	L010-OWSHEL-025A	CNWH59843	1.0	0.0	11.0	N				
MR-2026-03854	MAT-STE-2026-20307	322443	L010-OWSHEL-046C	CNWH59859	3.0	0.0	11.0	N				
MR-2026-03854	MAT-STE-2026-20307	322452	L010-OWSHEL-048A	CNWH59855	1.0	0.0	0.0	Y	insufficient_balance			
MR-2026-03854	MAT-STE-2026-20307	322467	L010-OWSHEL-016D	CNWH61208	3.0	0.0	11.0	N				
MR-2026-03854	MAT-STE-2026-20307	322469	L009-OWSHEL-036A	CNWH59838	4.0	0.0	4.0	N				
MR-2026-03854	MAT-STE-2026-20307	322477	L010-OWSHEL-016D	CNWH61191	2.0	0.0	4.0	N				
MR-2026-03854	MAT-STE-2026-20307	322480	L010-OWSHEL-016D	CNWH61191	4.0	0.0	4.0	N				
MR-2026-03854	MAT-STE-2026-20307	322500	L010-OWSHEL-046C	CNWH61182	2.0	0.0	3.0	N				
MR-2026-03854	MAT-STE-2026-20307	322514	L009-OWSHEL-038B	CNWH60948	3.0	0.0	4.0	N				
MR-2026-03854	MAT-STE-2026-20307	322515	L009-OWSHEL-021D	CNWH66473	3.0	0.0	4.0	N				
MR-2026-03854	MAT-STE-2026-20307	322516	L009-OWSHEL-038B	CNWH60948	1.0	0.0	0.0	Y	insufficient_balance			
MR-2026-03854	MAT-STE-2026-20307	322517	L009-OWSHEL-021D	CNWH66473	4.0	2.0	4.0	N				
MR-2026-03854	MAT-STE-2026-20307	322521	L009-OWSHEL-037A	CNWH60946	3.0	0.0	0.0	Y	insufficient_balance			
MR-2026-03854	MAT-STE-2026-20307	322523	L009-OWSHEL-037A	CNWH60946	4.0	0.0	2.0	Y	insufficient_balance			
MR-2026-03854	MAT-STE-2026-20307	322528	L016-OWPALT-026B	CNWH11422	4.0	3.0	3.0	N				
MR-2026-03854	MAT-STE-2026-20307	322529	L016-OWPALT-026B	CNWH11422	4.0	0.0	8.0	N				
MR-2026-03854	MAT-STE-2026-20307	322532	L010-OWSHEL-011B	CNWH60254	3.0	2.0	4.0	N				
MR-2026-03854	MAT-STE-2026-20307	322533	L010-OWSHEL-012A	CNWH60121	1.0	0.0	1.0	N				
MR-2026-03854	MAT-STE-2026-20307	322535	L009-OWSHEL-008E	CNWH60605	2.0	0.0	0.0	Y	insufficient_balance			
MR-2026-03854	MAT-STE-2026-20307	322535	L010-OWSHEL-011B	CNWH60254	1.0	0.0	0.0	Y	insufficient_balance			
MR-2026-03854	MAT-STE-2026-20307	322539	L010-OWSHEL-014B	CNWH60235	3.0	0.0	12.0	N				
MR-2026-03854	MAT-STE-2026-20307	322575	L017-OWPALT-031B	CNWH60624	2.0	0.0	4.0	N				
MR-2026-03854	MAT-STE-2026-20307	322598	L017-OWPALT-027C	CNWH60961	3.0	0.0	5.0	N				
MR-2026-03854	MAT-STE-2026-20307	322601	L017-OWPALT-046C	CNWH59812	4.0	0.0	5.0	N				
MR-2026-03854	MAT-STE-2026-20307	322606	L017-OWPALT-046C	CNWH65211	2.0	0.0	4.0	N				
MR-2026-03864	MAT-STE-2026-20308	322383	L010-OWSHEL-011B	CNWH60606	3.0	0.0	8.0	N				
MR-2026-03864	MAT-STE-2026-20308	322385	L010-OWSHEL-010C	CNWH60596	3.0	0.0	4.0	N				
MR-2026-03864	MAT-STE-2026-20308	322390	L010-OWSHEL-015C	CNWH60258	3.0	0.0	4.0	N				
MR-2026-03864	MAT-STE-2026-20308	322397	L010-OWSHEL-036A	CNWH60675	1.0	0.0	4.0	N				
MR-2026-03864	MAT-STE-2026-20308	322402	L010-OWSHEL-035B	CNWH60610	3.0	0.0	7.0	N				
MR-2026-03864	MAT-STE-2026-20308	322407	L010-OWSHEL-023B	CNWH60672	4.0	0.0	8.0	N				
MR-2026-03864	MAT-STE-2026-20308	322409	L010-OWSHEL-023B	CNWH60672	1.0	0.0	5.0	N				
MR-2026-03864	MAT-STE-2026-20308	322410	L010-OWSHEL-036A	CNWH60669	1.0	0.0	0.0	Y	insufficient_balance			
MR-2026-03864	MAT-STE-2026-20308	322414	L010-OWSHEL-035B	CNWH60643	1.0	0.0	9.0	N				
MR-2026-03864	MAT-STE-2026-20308	322422	L010-OWSHEL-025A	CNWH61155	2.0	0.0	4.0	N				
MR-2026-03864	MAT-STE-2026-20308	322428	L009-OWSHEL-017E	CNWH61214	2.0	0.0	4.0	N				
MR-2026-03864	MAT-STE-2026-20308	322433	L010-OWSHEL-034C	CNWH61152	1.0	0.0	8.0	N				
MR-2026-03864	MAT-STE-2026-20308	322439	L010-OWSHEL-034C	CNWH61222	1.0	0.0	6.0	N				
MR-2026-03864	MAT-STE-2026-20308	322445	L010-OWSHEL-046C	CNWH59859	4.0	0.0	6.0	N				
MR-2026-03864	MAT-STE-2026-20308	322446	L010-OWSHEL-048A	CNWH59830	2.0	0.0	1.0	Y	insufficient_balance			
MR-2026-03864	MAT-STE-2026-20308	322452	L009-OWSHEL-005E	CNWH61166	2.0	0.0	0.0	Y	insufficient_balance			
MR-2026-03864	MAT-STE-2026-20308	322456	L010-OWSHEL-046C	CNWH59856	1.0	0.0	6.0	N				
MR-2026-03864	MAT-STE-2026-20308	322463	L010-OWSHEL-046C	CNWH59858	1.0	0.0	6.0	N				
MR-2026-03864	MAT-STE-2026-20308	322464	L010-OWSHEL-046C	CNWH59858	1.0	0.0	2.0	N				
MR-2026-03864	MAT-STE-2026-20308	322472	L010-OWSHEL-015C	CNWH66443	1.0	0.0	8.0	N				
MR-2026-03864	MAT-STE-2026-20308	322476	L010-OWSHEL-015C	CNWH66443	1.0	0.0	3.0	N				
MR-2026-03864	MAT-STE-2026-20308	322478	L010-OWSHEL-015C	CNWH61215	1.0	0.0	11.0	N				
MR-2026-03864	MAT-STE-2026-20308	322503	L010-OWSHEL-011B	CNWH60953	3.0	0.0	10.0	N				
MR-2026-03864	MAT-STE-2026-20308	322533	L010-OWSHEL-012A	CNWH60269	1.0	0.0	0.0	Y	insufficient_balance			
MR-2026-03864	MAT-STE-2026-20308	322540	L010-OWSHEL-014B	CNWH60235	1.0	0.0	8.0	N				
MR-2026-03864	MAT-STE-2026-20308	322542	L010-OWSHEL-024A	CNWH60963	1.0	0.0	3.0	N				
MR-2026-03864	MAT-STE-2026-20308	322569	L017-OWPALT-027C	CNWH60602	4.0	0.0	11.0	N				
MR-2026-03864	MAT-STE-2026-20308	322595	L017-OWPALT-022C	CNWH57511	1.0	0.0	1.0	N				
MR-2026-03864	MAT-STE-2026-20308	322599	L017-OWPALT-027C	CNWH60961	3.0	0.0	4.0	N				
MR-2026-03864	MAT-STE-2026-20308	322605	L017-OWPALT-027C	CNWH60961	1.0	0.0	3.0	N				
MR-2026-03879	MAT-STE-2026-20310	322382	L010-OWSHEL-011B	CNWH60606	3.0	0.0	9.0	N				
MR-2026-03879	MAT-STE-2026-20310	322385	L010-OWSHEL-011B	CNWH60606	1.0	0.0	5.0	N				
MR-2026-03879	MAT-STE-2026-20310	322389	L010-OWSHEL-025A	CNWH60594	4.0	0.0	11.0	N				
MR-2026-03879	MAT-STE-2026-20310	322423	L010-OWSHEL-021D	CNWH61228	1.0	0.0	4.0	N				
MR-2026-03879	MAT-STE-2026-20310	322423	L010-OWSHEL-022C	CNWH61227	1.0	0.0	1.0	N				
MR-2026-03879	MAT-STE-2026-20310	322426	L010-OWSHEL-021D	CNWH59837	1.0	0.0	6.0	N				
MR-2026-03879	MAT-STE-2026-20310	322428	L009-OWSHEL-017E	CNWH61214	2.0	0.0	4.0	N				
MR-2026-03879	MAT-STE-2026-20310	322432	L010-OWSHEL-023B	CNWH59834	1.0	0.0	8.0	N				
MR-2026-03879	MAT-STE-2026-20310	322435	L010-OWSHEL-021D	CNWH59827	1.0	0.0	0.0	Y	insufficient_balance			
MR-2026-03879	MAT-STE-2026-20310	322435	L010-OWSHEL-021D	CNWH59840	1.0	0.0	0.0	Y	insufficient_balance			
MR-2026-03879	MAT-STE-2026-20310	322447	L009-OWSHEL-040D	CNWH61175	1.0	0.0	7.0	N				
MR-2026-03879	MAT-STE-2026-20310	322450	L009-OWSHEL-040D	CNWH61175	1.0	0.0	8.0	N				
MR-2026-03879	MAT-STE-2026-20310	322474	L010-OWSHEL-015C	CNWH66443	1.0	0.0	5.0	N				
MR-2026-03879	MAT-STE-2026-20310	322476	L010-OWSHEL-015C	CNWH66443	2.0	0.0	3.0	N				
MR-2026-03879	MAT-STE-2026-20310	322477	L010-OWSHEL-016D	CNWH61191	2.0	0.0	4.0	N				
MR-2026-03879	MAT-STE-2026-20310	322515	L010-OWSHEL-011B	CNWH60880	1.0	0.0	0.0	Y	insufficient_balance			
MR-2026-03879	MAT-STE-2026-20310	322520	L010-OWSHEL-011B	CNWH60901	3.0	0.0	4.0	N				
MR-2026-03879	MAT-STE-2026-20310	322527	L010-OWSHEL-011B	CNWH60254	1.0	0.0	2.0	N				
MR-2026-03879	MAT-STE-2026-20310	322533	L009-OWSHEL-008E	CNWH60605	1.0	0.0	2.0	N				
MR-2026-03879	MAT-STE-2026-20310	322540	L010-OWSHEL-024A	CNWH60679	1.0	0.0	4.0	N				
MR-2026-03879	MAT-STE-2026-20310	322544	L010-OWSHEL-013A	CNWH60876	1.0	0.0	8.0	N				
MR-2026-03879	MAT-STE-2026-20310	322545	L010-OWSHEL-012A	CNWH60199	3.0	0.0	12.0	N				
MR-2026-03879	MAT-STE-2026-20310	322594	L017-OWPALT-022C	CNWH57511	1.0	0.0	8.0	N				
MR-2026-03879	MAT-STE-2026-20310	322600	L017-OWPALT-027C	CNWH60961	1.0	0.0	3.0	N				
MR-2026-03883	MAT-STE-2026-20439	322365	L010-OWSHEL-010C	CNWH60634	3.0	2.0	7.0	N				
MR-2026-03883	MAT-STE-2026-20439	322367	L010-OWSHEL-013A	CNWH60637	1.0	0.0	8.0	N				
MR-2026-03883	MAT-STE-2026-20439	322373	L010-OWSHEL-014B	CNWH56887	1.0	0.0	5.0	N				
MR-2026-03883	MAT-STE-2026-20439	322383	L010-OWSHEL-011B	CNWH60606	3.0	0.0	8.0	N				
MR-2026-03883	MAT-STE-2026-20439	322385	L010-OWSHEL-011B	CNWH60606	3.0	0.0	5.0	N				
MR-2026-03883	MAT-STE-2026-20439	322388	L010-OWSHEL-015C	CNWH60258	4.0	0.0	11.0	N				
MR-2026-03883	MAT-STE-2026-20439	322389	L010-OWSHEL-015C	CNWH60258	4.0	0.0	7.0	N				
MR-2026-03883	MAT-STE-2026-20439	322394	L010-OWSHEL-036A	CNWH60675	1.0	0.0	11.0	N				
MR-2026-03883	MAT-STE-2026-20439	322396	L009-OWSHEL-046C	CNWH60205	4.0	3.0	5.0	N				
MR-2026-03883	MAT-STE-2026-20439	322399	L009-OWSHEL-048A	CNWH60196	1.0	0.0	2.0	N				
MR-2026-03883	MAT-STE-2026-20439	322408	L010-OWSHEL-035B	CNWH60608	2.0	0.0	5.0	N				
MR-2026-03883	MAT-STE-2026-20439	322419	L010-OWSHEL-022C	CNWH61156	3.0	0.0	10.0	N				
MR-2026-03883	MAT-STE-2026-20439	322420	L010-OWSHEL-022C	CNWH61156	3.0	0.0	6.0	N				
MR-2026-03883	MAT-STE-2026-20439	322423	L009-OWSHEL-017E	CNWH61214	1.0	0.0	2.0	N				
MR-2026-03883	MAT-STE-2026-20439	322424	L009-OWSHEL-017E	CNWH61214	1.0	0.0	10.0	N				
MR-2026-03883	MAT-STE-2026-20439	322444	L010-OWSHEL-046C	CNWH59859	2.0	0.0	7.0	N				
MR-2026-03883	MAT-STE-2026-20439	322446	L009-OWSHEL-037A	CNWH61207	1.0	0.0	0.0	Y	insufficient_balance			
MR-2026-03883	MAT-STE-2026-20439	322446	L010-OWSHEL-047B	CNWH59850	1.0	2.0	0.0	N				
MR-2026-03883	MAT-STE-2026-20439	322475	L010-OWSHEL-015C	CNWH61197	2.0	0.0	7.0	N				
MR-2026-03883	MAT-STE-2026-20439	322481	L010-OWSHEL-016D	CNWH61191	4.0	0.0	6.0	N				
MR-2026-03883	MAT-STE-2026-20439	322482	L010-OWSHEL-024A	CNWH61192	1.0	0.0	2.0	N				
MR-2026-03883	MAT-STE-2026-20439	322504	L010-OWSHEL-004D	CNWH60607	3.0	0.0	7.0	N				
MR-2026-03883	MAT-STE-2026-20439	322508	L010-OWSHEL-001A	CNWH60928	4.0	0.0	8.0	N				
MR-2026-03883	MAT-STE-2026-20439	322509	L010-OWSHEL-004D	CNWH60647	4.0	0.0	9.0	N				
MR-2026-03883	MAT-STE-2026-20439	322511	L010-OWSHEL-004D	CNWH60647	1.0	0.0	6.0	N				
MR-2026-03883	MAT-STE-2026-20439	322512	L010-OWSHEL-004D	CNWH60647	2.0	0.0	2.0	N				
MR-2026-03883	MAT-STE-2026-20439	322516	L016-OWPALT-026B	CNWH24445	4.0	0.0	7.0	N				
MR-2026-03883	MAT-STE-2026-20439	322517	L016-OWPALT-026B	CNWH24445	4.0	0.0	6.0	N				
MR-2026-03883	MAT-STE-2026-20439	322521	L010-OWSHEL-011B	CNWH60901	3.0	0.0	3.0	N				
MR-2026-03883	MAT-STE-2026-20439	322523	L010-OWSHEL-011B	CNWH60901	3.0	0.0	4.0	N				
MR-2026-03883	MAT-STE-2026-20439	322533	L009-OWSHEL-008E	CNWH60605	2.0	1.0	2.0	N				
MR-2026-03883	MAT-STE-2026-20439	322541	L010-OWSHEL-010C	CNWH60656	3.0	0.0	8.0	N				
MR-2026-03883	MAT-STE-2026-20439	322546	L010-OWSHEL-012A	CNWH60199	1.0	0.0	0.0	Y	insufficient_balance			
MR-2026-03883	MAT-STE-2026-20439	322546	L010-OWSHEL-012A	CNWH60887	2.0	0.0	8.0	N				
MR-2026-03883	MAT-STE-2026-20439	322569	L017-OWPALT-027C	CNWH60602	3.0	0.0	11.0	N				
MR-2026-03883	MAT-STE-2026-20439	322583	L017-OWPALT-030C	CNWH68106	1.0	0.0	2.0	N				
MR-2026-03883	MAT-STE-2026-20439	322599	L017-OWPALT-046C	CNWH59812	3.0	0.0	14.0	N				
MR-2026-03883	MAT-STE-2026-20439	322601	L017-OWPALT-015B	CNWH60630	2.0	0.0	4.0	N				
MR-2026-03883	MAT-STE-2026-20439	322603	L017-OWPALT-015B	CNWH60635	3.0	1.0	3.0	N				
MR-2026-03883	MAT-STE-2026-20439	322603	L017-OWPALT-046C	CNWH65211	1.0	0.0	4.0	N				
MR-2026-03883	MAT-STE-2026-20439	322604	L017-OWPALT-015B	CNWH60251	3.0	0.0	9.0	N				
MR-2026-03883	MAT-STE-2026-20439	322607	L017-OWPALT-015B	CNWH60635	1.0	0.0	0.0	Y	insufficient_balance			
MR-2026-03887	MAT-STE-2026-20440	322365	L010-OWSHEL-034C	CNWH60970	3.0	0.0	8.0	N				
MR-2026-03887	MAT-STE-2026-20440	322390	L010-OWSHEL-009D	CNWH60648	3.0	0.0	0.0	Y	insufficient_balance			
MR-2026-03887	MAT-STE-2026-20440	322391	L010-OWSHEL-009D	CNWH60648	1.0	0.0	8.0	N				
MR-2026-03887	MAT-STE-2026-20440	322392	L010-OWSHEL-025A	CNWH60594	2.0	1.0	0.0	Y	insufficient_balance			
MR-2026-03887	MAT-STE-2026-20440	322420	L010-OWSHEL-022C	CNWH61156	1.0	0.0	6.0	N				
MR-2026-03887	MAT-STE-2026-20440	322421	L010-OWSHEL-022C	CNWH61156	3.0	0.0	7.0	N				
MR-2026-03887	MAT-STE-2026-20440	322426	L010-OWSHEL-022C	CNWH61227	1.0	0.0	6.0	N				
MR-2026-03887	MAT-STE-2026-20440	322433	L010-OWSHEL-022C	CNWH59836	1.0	0.0	5.0	N				
MR-2026-03887	MAT-STE-2026-20440	322439	L010-OWSHEL-022C	CNWH61151	1.0	0.0	8.0	N				
MR-2026-03887	MAT-STE-2026-20440	322474	L010-OWSHEL-015C	CNWH61197	3.0	0.0	7.0	N				
MR-2026-03887	MAT-STE-2026-20440	322512	L010-OWSHEL-002B	CNWH60225	2.0	1.0	3.0	N				
MR-2026-03887	MAT-STE-2026-20440	322526	L010-OWSHEL-011B	CNWH60254	1.0	0.0	4.0	N				
MR-2026-03887	MAT-STE-2026-20440	322575	L017-OWPALT-051C	CNWH60228	1.0	0.0	6.0	N				
MR-2026-03887	MAT-STE-2026-20440	322581	L017-OWPALT-031B	CNWH60884	1.0	0.0	7.0	N				
MR-2026-03890	MAT-STE-2026-20441	322366	L010-OWSHEL-010C	CNWH60634	1.0	0.0	5.0	N				
MR-2026-03890	MAT-STE-2026-20441	322367	L010-OWSHEL-010C	CNWH60634	1.0	0.0	7.0	N				
MR-2026-03890	MAT-STE-2026-20441	322385	L010-OWSHEL-010C	CNWH60596	1.0	0.0	4.0	N				
MR-2026-03890	MAT-STE-2026-20441	322390	L010-OWSHEL-009D	CNWH60626	4.0	0.0	4.0	N				
MR-2026-03890	MAT-STE-2026-20441	322392	L010-OWSHEL-003C	CNWH60253	1.0	0.0	0.0	Y	insufficient_balance			
MR-2026-03890	MAT-STE-2026-20441	322394	L010-OWSHEL-036A	CNWH60675	3.0	0.0	11.0	N				
MR-2026-03890	MAT-STE-2026-20441	322396	L010-OWSHEL-040D	CNWH60614	1.0	0.0	2.0	N				
MR-2026-03890	MAT-STE-2026-20441	322397	L009-OWSHEL-035B	CNWH60173	3.0	0.0	6.0	N				
MR-2026-03890	MAT-STE-2026-20441	322408	L009-OWSHEL-046C	CNWH60224	1.0	0.0	2.0	N				
MR-2026-03890	MAT-STE-2026-20441	322409	L009-OWSHEL-046C	CNWH60224	1.0	0.0	5.0	N				
MR-2026-03890	MAT-STE-2026-20441	322410	L009-OWSHEL-046C	CNWH60940	1.0	0.0	1.0	N				
MR-2026-03890	MAT-STE-2026-20441	322410	L010-OWSHEL-036A	CNWH60669	1.0	2.0	0.0	N				
MR-2026-03890	MAT-STE-2026-20441	322417	L010-OWSHEL-023B	CNWH61150	1.0	0.0	1.0	N				
MR-2026-03890	MAT-STE-2026-20441	322417	L010-OWSHEL-025A	CNWH61155	1.0	0.0	3.0	N				
MR-2026-03890	MAT-STE-2026-20441	322418	L010-OWSHEL-023B	CNWH61150	3.0	0.0	10.0	N				
MR-2026-03890	MAT-STE-2026-20441	322427	L010-OWSHEL-021D	CNWH59837	1.0	0.0	3.0	N				
MR-2026-03890	MAT-STE-2026-20441	322428	L009-OWSHEL-017E	CNWH61159	2.0	0.0	2.0	N				
MR-2026-03890	MAT-STE-2026-20441	322440	L010-OWSHEL-022C	CNWH61151	2.0	1.0	2.0	N				
MR-2026-03890	MAT-STE-2026-20441	322441	L009-OWSHEL-037A	CNWH61207	2.0	0.0	6.0	N				
MR-2026-03890	MAT-STE-2026-20441	322445	L009-OWSHEL-037A	CNWH61207	4.0	3.0	3.0	N				
MR-2026-03890	MAT-STE-2026-20441	322446	L009-OWSHEL-005E	CNWH61167	1.0	0.0	2.0	N				
MR-2026-03890	MAT-STE-2026-20441	322447	L009-OWSHEL-005E	CNWH61166	2.0	0.0	3.0	N				
MR-2026-03890	MAT-STE-2026-20441	322448	L009-OWSHEL-005E	CNWH61166	3.0	0.0	9.0	N				
MR-2026-03890	MAT-STE-2026-20441	322450	L009-OWSHEL-005E	CNWH61166	3.0	0.0	5.0	N				
MR-2026-03890	MAT-STE-2026-20441	322451	L009-OWSHEL-005E	CNWH61166	4.0	0.0	7.0	N				
MR-2026-03890	MAT-STE-2026-20441	322463	L009-OWSHEL-005E	CNWH61201	3.0	0.0	8.0	N				
MR-2026-03890	MAT-STE-2026-20441	322468	L010-OWSHEL-015C	CNWH61225	4.0	0.0	7.0	N				
MR-2026-03890	MAT-STE-2026-20441	322475	L010-OWSHEL-016D	CNWH61188	1.0	0.0	7.0	N				
MR-2026-03890	MAT-STE-2026-20441	322480	L010-OWSHEL-016D	CNWH61229	1.0	0.0	8.0	N				
MR-2026-03890	MAT-STE-2026-20441	322481	L010-OWSHEL-016D	CNWH61229	1.0	0.0	8.0	N				
MR-2026-03890	MAT-STE-2026-20441	322505	L009-OWSHEL-005E	CNWH60677	1.0	0.0	7.0	N				
MR-2026-03890	MAT-STE-2026-20441	322507	L010-OWSHEL-003C	CNWH60252	2.0	0.0	4.0	N				
MR-2026-03890	MAT-STE-2026-20441	322543	L010-OWSHEL-013A	CNWH60876	1.0	0.0	3.0	N				
MR-2026-03890	MAT-STE-2026-20441	322544	L010-OWSHEL-011B	CNWH60239	4.0	3.0	9.0	N				
MR-2026-03890	MAT-STE-2026-20441	322545	L010-OWSHEL-012A	CNWH60199	3.0	0.0	12.0	N				
MR-2026-03890	MAT-STE-2026-20441	322546	L010-OWSHEL-012A	CNWH60226	3.0	1.0	7.0	N				
MR-2026-03890	MAT-STE-2026-20441	322548	L010-OWSHEL-012A	CNWH60199	2.0	0.0	4.0	N				
MR-2026-03890	MAT-STE-2026-20441	322600	L017-OWPALT-046C	CNWH59804	4.0	0.0	8.0	N				
MR-2026-03890	MAT-STE-2026-20441	322605	L017-OWPALT-046C	CNWH65211	1.0	0.0	20.0	N				
MR-2026-03890	MAT-STE-2026-20441	322606	L017-OWPALT-046C	CNWH65211	3.0	0.0	4.0	N				
MR-2026-03900	MAT-STE-2026-20411	322375	L010-OWSHEL-014B	CNWH60475	2.0	1.0	3.0	N				
MR-2026-03900	MAT-STE-2026-20411	322379	L010-OWSHEL-003C	CNWH60917	1.0	0.0	4.0	N				
MR-2026-03900	MAT-STE-2026-20411	322397	L010-OWSHEL-036A	CNWH60675	1.0	0.0	4.0	N				
MR-2026-03900	MAT-STE-2026-20411	322443	L010-OWSHEL-048A	CNWH59832	1.0	0.0	9.0	N				
MR-2026-03900	MAT-STE-2026-20411	322446	L010-OWSHEL-047B	CNWH59850	1.0	0.0	0.0	Y	insufficient_balance			
MR-2026-03900	MAT-STE-2026-20411	322459	L010-OWSHEL-048A	CNWH59829	1.0	0.0	4.0	N				
MR-2026-03900	MAT-STE-2026-20411	322462	L010-OWSHEL-047B	CNWH59860	2.0	0.0	7.0	N				
MR-2026-03900	MAT-STE-2026-20411	322467	L010-OWSHEL-015C	CNWH61225	1.0	0.0	8.0	N				
MR-2026-03900	MAT-STE-2026-20411	322468	L010-OWSHEL-015C	CNWH61225	3.0	0.0	7.0	N				
MR-2026-03900	MAT-STE-2026-20411	322475	L010-OWSHEL-015C	CNWH61197	3.0	0.0	7.0	N				
MR-2026-03900	MAT-STE-2026-20411	322482	L010-OWSHEL-016D	CNWH61229	1.0	0.0	2.0	N				
MR-2026-03900	MAT-STE-2026-20411	322515	L016-OWPALT-026B	CNWH64810	4.0	0.0	16.0	N				
MR-2026-03900	MAT-STE-2026-20411	322517	L009-OWSHEL-021D	CNWH66473	2.0	0.0	4.0	N				
MR-2026-03900	MAT-STE-2026-20411	322517	L016-OWPALT-026B	CNWH24445	2.0	0.0	6.0	N				
MR-2026-03900	MAT-STE-2026-20411	322523	L010-OWSHEL-032E	CNWH60680	1.0	0.0	0.0	Y	insufficient_balance			
MR-2026-03900	MAT-STE-2026-20411	322529	L010-OWSHEL-012A	CNWH60269	1.0	0.0	1.0	N				
MR-2026-03900	MAT-STE-2026-20411	322543	L010-OWSHEL-012A	CNWH60887	2.0	0.0	1.0	Y	insufficient_balance			
MR-2026-03900	MAT-STE-2026-20411	322544	L010-OWSHEL-011B	CNWH60239	3.0	0.0	9.0	N				
MR-2026-03900	MAT-STE-2026-20411	322545	L010-OWSHEL-011B	CNWH60239	1.0	0.0	12.0	N				
MR-2026-03900	MAT-STE-2026-20411	322581	L017-OWPALT-031B	CNWH60884	1.0	0.0	7.0	N				
MR-2026-03900	MAT-STE-2026-20411	322582	L016-OWPALT-014C	CNWH58174	1.0	0.0	12.0	N				
MR-2026-03900	MAT-STE-2026-20411	322603	L017-OWPALT-015B	CNWH60635	1.0	0.0	3.0	N				
MR-2026-03900	MAT-STE-2026-20411	322606	L017-OWPALT-015B	CNWH60635	4.0	0.0	4.0	N				
MR-2026-03907	MAT-STE-2026-20412	322364	L010-OWSHEL-010C	CNWH60634	1.0	0.0	10.0	N				
MR-2026-03907	MAT-STE-2026-20412	322365	L010-OWSHEL-010C	CNWH60634	1.0	0.0	7.0	N				
MR-2026-03907	MAT-STE-2026-20412	322367	L010-OWSHEL-010C	CNWH60634	1.0	0.0	7.0	N				
MR-2026-03907	MAT-STE-2026-20412	322383	L009-OWSHEL-004D	CNWH60270	4.0	0.0	9.0	N				
MR-2026-03907	MAT-STE-2026-20412	322389	L010-OWSHEL-003C	CNWH60866	1.0	0.0	8.0	N				
MR-2026-03907	MAT-STE-2026-20412	322396	L010-OWSHEL-036A	CNWH60675	1.0	0.0	1.0	N				
MR-2026-03907	MAT-STE-2026-20412	322417	L010-OWSHEL-025A	CNWH61155	2.0	0.0	3.0	N				
MR-2026-03907	MAT-STE-2026-20412	322426	L010-OWSHEL-021D	CNWH59837	1.0	0.0	6.0	N				
MR-2026-03907	MAT-STE-2026-20412	322433	L010-OWSHEL-022C	CNWH59836	1.0	0.0	5.0	N				
MR-2026-03907	MAT-STE-2026-20412	322439	L010-OWSHEL-021D	CNWH59827	1.0	0.0	0.0	Y	insufficient_balance			
MR-2026-03907	MAT-STE-2026-20412	322442	L010-OWSHEL-047B	CNWH59850	1.0	0.0	10.0	N				
MR-2026-03907	MAT-STE-2026-20412	322443	L010-OWSHEL-047B	CNWH59850	1.0	0.0	7.0	N				
MR-2026-03907	MAT-STE-2026-20412	322448	L010-OWSHEL-047B	CNWH59851	3.0	0.0	9.0	N				
MR-2026-03907	MAT-STE-2026-20412	322451	L010-OWSHEL-047B	CNWH59851	1.0	0.0	6.0	N				
MR-2026-03907	MAT-STE-2026-20412	322456	L010-OWSHEL-021D	CNWH59839	1.0	0.0	2.0	N				
MR-2026-03907	MAT-STE-2026-20412	322457	L010-OWSHEL-021D	CNWH59839	1.0	0.0	2.0	N				
MR-2026-03907	MAT-STE-2026-20412	322459	L010-OWSHEL-048A	CNWH59829	2.0	0.0	4.0	N				
MR-2026-03907	MAT-STE-2026-20412	322460	L010-OWSHEL-048A	CNWH59829	3.0	0.0	10.0	N				
MR-2026-03907	MAT-STE-2026-20412	322462	L010-OWSHEL-048A	CNWH59831	1.0	0.0	5.0	N				
MR-2026-03907	MAT-STE-2026-20412	322469	L010-OWSHEL-015C	CNWH61225	1.0	0.0	8.0	N				
MR-2026-03907	MAT-STE-2026-20412	322509	L010-OWSHEL-002B	CNWH60225	1.0	0.0	7.0	N				
MR-2026-03907	MAT-STE-2026-20412	322516	L016-OWPALT-026B	CNWH64810	1.0	0.0	3.0	N				
MR-2026-03907	MAT-STE-2026-20412	322523	L010-OWSHEL-011B	CNWH60953	2.0	0.0	4.0	N				
MR-2026-03907	MAT-STE-2026-20412	322526	L010-OWSHEL-011B	CNWH60880	1.0	0.0	2.0	N				
MR-2026-03907	MAT-STE-2026-20412	322568	L017-OWPALT-051C	CNWH57412	3.0	0.0	21.0	N				
MR-2026-03907	MAT-STE-2026-20412	322569	L017-OWPALT-051C	CNWH57412	4.0	0.0	9.0	N				
MR-2026-03907	MAT-STE-2026-20412	322575	L017-OWPALT-051C	CNWH60857	1.0	0.0	8.0	N				
MR-2026-03907	MAT-STE-2026-20412	322598	L017-OWPALT-046C	CNWH59804	2.0	0.0	2.0	N				
MR-2026-03907	MAT-STE-2026-20412	322598	L017-OWPALT-046C	CNWH59812	2.0	0.0	19.0	N				
MR-2026-03907	MAT-STE-2026-20412	322607	L017-OWPALT-015B	CNWH60635	2.0	1.0	0.0	Y	insufficient_balance			
MR-2026-03907	MAT-STE-2026-20412	322607	L017-OWPALT-046C	CNWH65211	2.0	0.0	5.0	N				
MR-2026-03919	MAT-STE-2026-20181	321985	B004-OWSHEL-002B	CNWH64002	2.0	0.0	1.0	Y	insufficient_balance			
MR-2026-03919	MAT-STE-2026-20181	322028	B004-OWSHEL-026B	CNWH63882	2.0	0.0	1.0	Y	insufficient_balance			
MR-2026-03919	MAT-STE-2026-20181	322042	B004-OWSHEL-025A	CNWH63738	1.0	0.0	0.0	Y	insufficient_balance			
MR-2026-03919	MAT-STE-2026-20181	322058	B002-OWSHEL-001A	CNWH64164	1.0	0.0	1.0	N				
MR-2026-03919	MAT-STE-2026-20181	322071	B004-OWSHEL-025A	CNWH64001	1.0	0.0	1.0	N				
MR-2026-03919	MAT-STE-2026-20181	322072	B004-OWSHEL-002B	CNWH63998	1.0	0.0	2.0	N				
MR-2026-03919	MAT-STE-2026-20181	322082	B004-OWSHEL-026B	CNWH64193	2.0	0.0	3.0	N				
MR-2026-03929	MAT-STE-2026-20182	321992	B005-OWSHEL-002B	CNWH63950	3.0	0.0	1.0	Y	insufficient_balance			
MR-2026-03929	MAT-STE-2026-20182	321992	B005-OWSHEL-002B	CNWH63961	1.0	0.0	5.0	N				
MR-2026-03929	MAT-STE-2026-20182	322047	B004-OWSHEL-002B	CNWH63880	1.0	2.0	0.0	N				
MR-2026-03929	MAT-STE-2026-20182	322047	B005-OWSHEL-002B	CNWH64243	2.0	0.0	1.0	Y	insufficient_balance			
MR-2026-03929	MAT-STE-2026-20182	322058	B005-OWSHEL-002B	CNWH63893	1.0	0.0	0.0	Y	insufficient_balance			
MR-2026-03929	MAT-STE-2026-20182	322059	B005-OWSHEL-002B	CNWH63893	1.0	0.0	0.0	Y	insufficient_balance			
MR-2026-03929	MAT-STE-2026-20182	322072	B004-OWSHEL-002B	CNWH63998	1.0	0.0	2.0	N				
MR-2026-03942	MAT-STE-2026-20208	321981	B002-OWSHEL-011B	CNWH68296	1.0	0.0	0.0	Y	insufficient_balance			
MR-2026-03942	MAT-STE-2026-20208	321986	B003-OWSHEL-025A	CNWH63735	1.0	0.0	0.0	Y	insufficient_balance			
MR-2026-03942	MAT-STE-2026-20208	321986	B003-OWSHEL-025A	CNWH63766	1.0	0.0	1.0	N				
MR-2026-03942	MAT-STE-2026-20208	321986	B003-OWSHEL-025A	CNWH63783	2.0	1.0	1.0	N				
MR-2026-03942	MAT-STE-2026-20208	321987	B003-OWSHEL-025A	CNWH63783	2.0	0.0	2.0	N				
MR-2026-03942	MAT-STE-2026-20208	321992	B003-OWSHEL-001A	CNWH65125	2.0	0.0	0.0	Y	insufficient_balance			
MR-2026-03942	MAT-STE-2026-20208	321993	B005-OWSHEL-002B	CNWH63950	2.0	0.0	0.0	Y	insufficient_balance			
MR-2026-03942	MAT-STE-2026-20208	322029	B002-OWSHEL-013A	CNWH63824	1.0	0.0	0.0	Y	insufficient_balance			
MR-2026-03942	MAT-STE-2026-20208	322047	B004-OWSHEL-002B	CNWH63880	2.0	0.0	0.0	Y	insufficient_balance			
MR-2026-03942	MAT-STE-2026-20208	322059	B002-OWSHEL-001A	CNWH64063	2.0	0.0	1.0	Y	insufficient_balance			
MR-2026-03942	MAT-STE-2026-20208	322060	B002-OWSHEL-001A	CNWH64063	1.0	0.0	0.0	Y	insufficient_balance			
MR-2026-03942	MAT-STE-2026-20208	322064	B004-OWSHEL-025A	CNWH64001	1.0	2.0	0.0	N				
MR-2026-03942	MAT-STE-2026-20208	322064	B004-OWSHEL-026B	CNWH63921	3.0	2.0	0.0	Y	insufficient_balance			
MR-2026-03942	MAT-STE-2026-20208	322065	B004-OWSHEL-026B	CNWH63921	2.0	0.0	0.0	Y	insufficient_balance			
MR-2026-03942	MAT-STE-2026-20208	322070	B004-OWSHEL-025A	CNWH64001	3.0	0.0	1.0	Y	insufficient_balance			
MR-2026-03942	MAT-STE-2026-20208	322071	B002-OWSHEL-014B	CNWH63814	1.0	0.0	0.0	Y	insufficient_balance			
MR-2026-03942	MAT-STE-2026-20208	322071	B004-OWSHEL-025A	CNWH64001	2.0	0.0	1.0	Y	insufficient_balance			
MR-2026-03942	MAT-STE-2026-20208	322072	B002-OWSHEL-014B	CNWH63814	1.0	0.0	0.0	Y	insufficient_balance			
MR-2026-03942	MAT-STE-2026-20208	322081	B002-OWSHEL-013A	CNWH63828	1.0	0.0	1.0	N				
MR-2026-03942	MAT-STE-2026-20208	322082	B002-OWSHEL-013A	CNWH63828	6.0	3.0	0.0	Y	insufficient_balance			
MR-2026-03942	MAT-STE-2026-20208	322083	B002-OWSHEL-013A	CNWH63828	4.0	0.0	2.0	Y	insufficient_balance			
MR-2026-03942	MAT-STE-2026-20208	322085	B002-OWSHEL-013A	CNWH63836	1.0	0.0	0.0	Y	insufficient_balance			
MR-2026-03949	MAT-STE-2026-20183	321981	B004-OWSHEL-002B	CNWH63880	1.0	0.0	0.0	Y	insufficient_balance			
MR-2026-03949	MAT-STE-2026-20183	321985	B004-OWSHEL-001A	CNWH63779	1.0	0.0	1.0	N				
MR-2026-03949	MAT-STE-2026-20183	321986	B004-OWSHEL-001A	CNWH63779	1.0	0.0	3.0	N				
MR-2026-03949	MAT-STE-2026-20183	322029	B004-OWSHEL-002B	CNWH63731	1.0	0.0	0.0	Y	insufficient_balance			
MR-2026-03949	MAT-STE-2026-20183	322029	B004-OWSHEL-002B	CNWH64002	1.0	0.0	0.0	Y	insufficient_balance			
MR-2026-03949	MAT-STE-2026-20183	322042	B004-OWSHEL-025A	CNWH63738	1.0	0.0	0.0	Y	insufficient_balance			
MR-2026-03949	MAT-STE-2026-20183	322048	B005-OWSHEL-036A	CNWH64234	1.0	0.0	0.0	Y	insufficient_balance			
MR-2026-03949	MAT-STE-2026-20183	322060	B002-OWSHEL-001A	CNWH64063	1.0	2.0	0.0	N				
MR-2026-03949	MAT-STE-2026-20183	322060	B002-OWSHEL-001A	CNWH64164	1.0	0.0	0.0	Y	insufficient_balance			
MR-2026-03962	MAT-STE-2026-20202	321981	B002-OWSHEL-014B	CNWH63814	2.0	0.0	6.0	N				
MR-2026-03962	MAT-STE-2026-20202	322029	B004-OWSHEL-025A	CNWH64001	2.0	0.0	0.0	Y	insufficient_balance			
MR-2026-03962	MAT-STE-2026-20202	322039	B004-OWSHEL-025A	CNWH63744	2.0	0.0	0.0	Y	insufficient_balance			
MR-2026-03962	MAT-STE-2026-20202	322058	B002-OWSHEL-001A	CNWH64063	2.0	0.0	0.0	Y	insufficient_balance			
MR-2026-03962	MAT-STE-2026-20202	322071	B002-OWSHEL-014B	CNWH63814	1.0	0.0	0.0	Y	insufficient_balance			
MR-2026-03962	MAT-STE-2026-20202	322071	B002-OWSHEL-014B	CNWH63827	1.0	2.0	0.0	N				
MR-2026-03962	MAT-STE-2026-20202	322072	B002-OWSHEL-014B	CNWH63827	2.0	0.0	0.0	Y	insufficient_balance			
MR-2026-03962	MAT-STE-2026-20202	322081	B002-OWSHEL-013A	CNWH63824	1.0	2.0	0.0	N				
MR-2026-03962	MAT-STE-2026-20202	322081	B002-OWSHEL-014B	CNWH63831	2.0	0.0	1.0	Y	insufficient_balance			
MR-2026-03962	MAT-STE-2026-20202	322081	B002-OWSHEL-014B	CNWH63841	1.0	0.0	0.0	Y	insufficient_balance			
MR-2026-03988	MAT-STE-2026-20186	321994	B005-OWSHEL-002B	CNWH63950	1.0	0.0	0.0	Y	insufficient_balance			
MR-2026-03988	MAT-STE-2026-20186	322024	B005-OWSHEL-002B	CNWH63893	1.0	0.0	2.0	N				
MR-2026-03988	MAT-STE-2026-20186	322029	B004-OWSHEL-026B	CNWH64193	1.0	0.0	0.0	Y	insufficient_balance			
MR-2026-03988	MAT-STE-2026-20186	322029	B004-OWSHEL-027C	CNWH63874	1.0	0.0	0.0	Y	insufficient_balance			
MR-2026-03988	MAT-STE-2026-20186	322041	B004-OWSHEL-025A	CNWH63754	1.0	0.0	3.0	N				
MR-2026-03988	MAT-STE-2026-20186	322047	B005-OWSHEL-002B	CNWH63893	1.0	0.0	1.0	N				
MR-2026-03988	MAT-STE-2026-20186	322048	B005-OWSHEL-002B	CNWH63893	1.0	0.0	0.0	Y	insufficient_balance			
MR-2026-04001	MAT-STE-2026-20187	321982	B003-OWSHEL-025A	CNWH63740	1.0	0.0	0.0	Y	insufficient_balance			
MR-2026-04001	MAT-STE-2026-20187	321985	B003-OWSHEL-025A	CNWH63766	1.0	0.0	0.0	Y	insufficient_balance			
MR-2026-04001	MAT-STE-2026-20187	321985	B003-OWSHEL-025A	CNWH63785	1.0	0.0	0.0	Y	insufficient_balance			
MR-2026-04001	MAT-STE-2026-20187	321988	B004-OWSHEL-001A	CNWH63779	1.0	0.0	1.0	N				
MR-2026-04001	MAT-STE-2026-20187	321991	B004-OWSHEL-026B	CNWH63921	1.0	0.0	0.0	Y	insufficient_balance			
MR-2026-04001	MAT-STE-2026-20187	322029	B004-OWSHEL-002B	CNWH63880	1.0	0.0	0.0	Y	insufficient_balance			
MR-2026-04001	MAT-STE-2026-20187	322039	B004-OWSHEL-025A	CNWH63754	1.0	0.0	2.0	N				
MR-2026-04001	MAT-STE-2026-20187	322039	B004-OWSHEL-025A	CNWH64194	1.0	0.0	0.0	Y	insufficient_balance			
MR-2026-04001	MAT-STE-2026-20187	322085	B002-OWSHEL-001A	CNWH63955	1.0	0.0	0.0	Y	insufficient_balance			
MR-2026-04013	MAT-STE-2026-20203	321981	B002-OWSHEL-014B	CNWH63814	1.0	0.0	6.0	N				
MR-2026-04013	MAT-STE-2026-20203	321988	B004-OWSHEL-001A	CNWH63780	1.0	0.0	1.0	N				
MR-2026-04013	MAT-STE-2026-20203	321991	B004-OWSHEL-026B	CNWH63921	1.0	0.0	0.0	Y	insufficient_balance			
MR-2026-04013	MAT-STE-2026-20203	321992	B004-OWSHEL-026B	CNWH63746	3.0	0.0	2.0	Y	insufficient_balance			
MR-2026-04013	MAT-STE-2026-20203	321992	B004-OWSHEL-026B	CNWH64212	2.0	0.0	0.0	Y	insufficient_balance			
MR-2026-04013	MAT-STE-2026-20203	321992	B005-OWSHEL-002B	CNWH64064	1.0	0.0	4.0	N				
MR-2026-04013	MAT-STE-2026-20203	322023	B004-OWSHEL-026B	CNWH63882	2.0	0.0	2.0	N				
MR-2026-04013	MAT-STE-2026-20203	322028	B004-OWSHEL-026B	CNWH63882	1.0	0.0	1.0	N				
MR-2026-04013	MAT-STE-2026-20203	322028	B004-OWSHEL-026B	CNWH64203	1.0	0.0	0.0	Y	insufficient_balance			
MR-2026-04013	MAT-STE-2026-20203	322039	B004-OWSHEL-025A	CNWH63738	1.0	0.0	0.0	Y	insufficient_balance			
MR-2026-04013	MAT-STE-2026-20203	322070	B004-OWSHEL-002B	CNWH63731	1.0	0.0	0.0	Y	insufficient_balance			
MR-2026-04013	MAT-STE-2026-20203	322070	B004-OWSHEL-002B	CNWH63998	1.0	0.0	1.0	N				
MR-2026-04013	MAT-STE-2026-20203	322071	B004-OWSHEL-002B	CNWH63731	1.0	0.0	0.0	Y	insufficient_balance			
MR-2026-04013	MAT-STE-2026-20203	322071	B004-OWSHEL-002B	CNWH63998	2.0	0.0	2.0	N				
MR-2026-04013	MAT-STE-2026-20203	322082	B002-OWSHEL-014B	CNWH63831	3.0	0.0	3.0	N				
MR-2026-04020	MAT-STE-2026-20204	321981	B002-OWSHEL-013A	CNWH63836	3.0	0.0	1.0	Y	insufficient_balance			
MR-2026-04020	MAT-STE-2026-20204	321985	B003-OWSHEL-025A	CNWH63735	1.0	0.0	0.0	Y	insufficient_balance			
MR-2026-04020	MAT-STE-2026-20204	321985	B003-OWSHEL-025A	CNWH63785	1.0	0.0	0.0	Y	insufficient_balance			
MR-2026-04020	MAT-STE-2026-20204	321988	B004-OWSHEL-001A	CNWH63777	2.0	0.0	1.0	Y	insufficient_balance			
MR-2026-04020	MAT-STE-2026-20204	321991	B005-OWSHEL-002B	CNWH63950	2.0	0.0	0.0	Y	insufficient_balance			
MR-2026-04020	MAT-STE-2026-20204	321991	B005-OWSHEL-002B	CNWH63961	2.0	0.0	2.0	N				
MR-2026-04020	MAT-STE-2026-20204	321993	B005-OWSHEL-002B	CNWH63950	2.0	0.0	0.0	Y	insufficient_balance			
MR-2026-04020	MAT-STE-2026-20204	322028	B004-OWSHEL-002B	CNWH63731	1.0	0.0	2.0	N				
MR-2026-04020	MAT-STE-2026-20204	322028	B004-OWSHEL-002B	CNWH64002	1.0	0.0	0.0	Y	insufficient_balance			
MR-2026-04020	MAT-STE-2026-20204	322039	B004-OWSHEL-025A	CNWH63749	1.0	0.0	0.0	Y	insufficient_balance			
MR-2026-04033	MAT-STE-2026-20205	321982	B003-OWSHEL-001A	CNWH63826	1.0	0.0	0.0	Y	insufficient_balance			
MR-2026-04033	MAT-STE-2026-20205	321982	B005-OWSHEL-003C	CNWH64828	2.0	1.0	0.0	Y	insufficient_balance			
MR-2026-04033	MAT-STE-2026-20205	321986	B004-OWSHEL-001A	CNWH63770	1.0	0.0	2.0	N				
MR-2026-04033	MAT-STE-2026-20205	321986	B004-OWSHEL-001A	CNWH63771	3.0	0.0	3.0	N				
MR-2026-04033	MAT-STE-2026-20205	321987	B004-OWSHEL-001A	CNWH63771	1.0	0.0	3.0	N				
MR-2026-04033	MAT-STE-2026-20205	321991	B005-OWSHEL-002B	CNWH63960	4.0	1.0	3.0	N				
MR-2026-04033	MAT-STE-2026-20205	321993	B005-OWSHEL-002B	CNWH63960	2.0	0.0	0.0	Y	insufficient_balance			
MR-2026-04033	MAT-STE-2026-20205	321993	B005-OWSHEL-002B	CNWH64064	1.0	0.0	0.0	Y	insufficient_balance			
MR-2026-04033	MAT-STE-2026-20205	321993	B005-OWSHEL-002B	CNWH64208	1.0	0.0	0.0	Y	insufficient_balance			
MR-2026-04033	MAT-STE-2026-20205	321994	B005-OWSHEL-002B	CNWH64064	2.0	0.0	1.0	Y	insufficient_balance			
MR-2026-04033	MAT-STE-2026-20205	322022	B004-OWSHEL-027C	CNWH64231	2.0	0.0	2.0	N				
MR-2026-04033	MAT-STE-2026-20205	322024	B004-OWSHEL-027C	CNWH64231	1.0	0.0	4.0	N				
MR-2026-04033	MAT-STE-2026-20205	322027	B004-OWSHEL-026B	CNWH63882	2.0	0.0	1.0	Y	insufficient_balance			
MR-2026-04033	MAT-STE-2026-20205	322029	B004-OWSHEL-026B	CNWH63882	1.0	0.0	0.0	Y	insufficient_balance			
MR-2026-04033	MAT-STE-2026-20205	322040	B004-OWSHEL-025A	CNWH63738	1.0	0.0	3.0	N				
MR-2026-04033	MAT-STE-2026-20205	322040	B004-OWSHEL-025A	CNWH63744	3.0	0.0	3.0	N				
MR-2026-04033	MAT-STE-2026-20205	322042	B004-OWSHEL-025A	CNWH63744	2.0	0.0	1.0	Y	insufficient_balance			
MR-2026-04033	MAT-STE-2026-20205	322042	B004-OWSHEL-025A	CNWH63754	2.0	0.0	3.0	N				
MR-2026-04033	MAT-STE-2026-20205	322047	B005-OWSHEL-036A	CNWH64239	3.0	0.0	2.0	Y	insufficient_balance			
MR-2026-04033	MAT-STE-2026-20205	322048	B005-OWSHEL-002B	CNWH64243	1.0	0.0	0.0	Y	insufficient_balance			
MR-2026-04033	MAT-STE-2026-20205	322048	B005-OWSHEL-036A	CNWH64239	2.0	1.0	1.0	N				
MR-2026-04033	MAT-STE-2026-20205	322058	B002-OWSHEL-001A	CNWH64063	1.0	0.0	0.0	Y	insufficient_balance			
MR-2026-04033	MAT-STE-2026-20205	322059	B005-OWSHEL-002B	CNWH64064	3.0	0.0	3.0	N				
MR-2026-04033	MAT-STE-2026-20205	322060	B002-OWSHEL-001A	CNWH64164	1.0	2.0	0.0	N				
MR-2026-04033	MAT-STE-2026-20205	322060	B005-OWSHEL-002B	CNWH64064	1.0	0.0	0.0	Y	insufficient_balance			
MR-2026-04033	MAT-STE-2026-20205	322065	B004-OWSHEL-026B	CNWH63921	2.0	4.0	0.0	N				
MR-2026-04033	MAT-STE-2026-20205	322065	B004-OWSHEL-026B	CNWH64203	4.0	2.0	0.0	Y	insufficient_balance			
MR-2026-04033	MAT-STE-2026-20205	322071	B002-OWSHEL-014B	CNWH63827	1.0	0.0	0.0	Y	insufficient_balance			
MR-2026-04033	MAT-STE-2026-20205	322081	B003-OWSHEL-001A	CNWH63821	2.0	0.0	1.0	Y	insufficient_balance			
MR-2026-04033	MAT-STE-2026-20205	322081	B003-OWSHEL-001A	CNWH63825	1.0	0.0	1.0	N				
MR-2026-04033	MAT-STE-2026-20205	322083	B003-OWSHEL-001A	CNWH63821	3.0	0.0	3.0	N				
MR-2026-04042	MAT-STE-2026-20206	321981	B003-OWSHEL-025A	CNWH63763	3.0	0.0	2.0	Y	insufficient_balance			
MR-2026-04042	MAT-STE-2026-20206	321994	B005-OWSHEL-002B	CNWH63950	1.0	0.0	0.0	Y	insufficient_balance			
MR-2026-04042	MAT-STE-2026-20206	322064	B004-OWSHEL-025A	CNWH64001	1.0	0.0	0.0	Y	insufficient_balance			
MR-2026-04055	MAT-STE-2026-20207	321981	B002-OWSHEL-014B	CNWH63814	3.0	0.0	6.0	N				
MR-2026-04055	MAT-STE-2026-20207	321981	B002-OWSHEL-014B	CNWH63827	1.0	0.0	0.0	Y	insufficient_balance			
MR-2026-04055	MAT-STE-2026-20207	321987	B004-OWSHEL-001A	CNWH63773	3.0	0.0	3.0	N				
MR-2026-04055	MAT-STE-2026-20207	322022	B004-OWSHEL-026B	CNWH64233	3.0	0.0	0.0	Y	insufficient_balance			
MR-2026-04055	MAT-STE-2026-20207	322023	B004-OWSHEL-026B	CNWH64233	1.0	0.0	0.0	Y	insufficient_balance			
MR-2026-04055	MAT-STE-2026-20207	322027	B004-OWSHEL-002B	CNWH63880	1.0	0.0	0.0	Y	insufficient_balance			
MR-2026-04055	MAT-STE-2026-20207	322028	B004-OWSHEL-002B	CNWH63729	3.0	0.0	1.0	Y	insufficient_balance			
MR-2026-04055	MAT-STE-2026-20207	322029	B004-OWSHEL-002B	CNWH63729	3.0	0.0	1.0	Y	insufficient_balance			
MR-2026-04055	MAT-STE-2026-20207	322071	B002-OWSHEL-014B	CNWH63827	1.0	0.0	0.0	Y	insufficient_balance			
MR-2026-04055	MAT-STE-2026-20207	322071	B004-OWSHEL-002B	CNWH63979	1.0	0.0	2.0	N				
MR-2026-04055	MAT-STE-2026-20207	322081	B003-OWSHEL-001A	CNWH63825	1.0	0.0	1.0	N				
MR-2026-04055	MAT-STE-2026-20207	322081	B003-OWSHEL-001A	CNWH63826	1.0	0.0	1.0	N				
MR-2026-04055	MAT-STE-2026-20207	322082	B003-OWSHEL-001A	CNWH63826	2.0	0.0	3.0	N				
MR-2026-04055	MAT-STE-2026-20207	322084	B003-OWSHEL-001A	CNWH63826	1.0	0.0	2.0	N				
MR-2026-04127	MAT-STE-2026-20503	322623	L016-OWPALT-016A	CNWH59723	3.0	0.0	0.0	Y	insufficient_balance			
MR-2026-04127	MAT-STE-2026-20503	324102	L016-OWPALT-049A	CNWH66173	1.0	0.0	1.0	N				
MR-2026-04140	MAT-STE-2026-20504	322624	L016-OWPALT-016A	CNWH59723	3.0	0.0	1.0	Y	insufficient_balance			
MR-2026-04140	MAT-STE-2026-20504	324087	L009-OWSHEL-020E	CNWH63628	2.0	0.0	2.0	N				
MR-2026-04140	MAT-STE-2026-20504	324139	L009-OWSHEL-020E	CNWH63642	1.0	0.0	4.0	N				
MR-2026-04140	MAT-STE-2026-20504	329659	L017-OWPALT-015B	CNWH67033	1.0	0.0	5.0	N				
MR-2026-04140	MAT-STE-2026-20504	329671	L017-OWPALT-027C	CNWH67045	1.0	0.0	1.0	N				
MR-2026-04140	MAT-STE-2026-20504	329673	L017-OWPALT-038C	CNWH50783	1.0	0.0	1.0	N				
MR-2026-04140	MAT-STE-2026-20504	329701	L017-OWPALT-015B	CNWH67028	1.0	0.0	0.0	Y	insufficient_balance			
MR-2026-04153	MAT-STE-2026-20473	321202	L016-OWPALT-010B	CNWH54161	1.0	0.0	0.0	Y	insufficient_balance			
MR-2026-04153	MAT-STE-2026-20473	322623	L016-OWPALT-026B	CNWH56477	2.0	0.0	1.0	Y	insufficient_balance			
MR-2026-04153	MAT-STE-2026-20473	329701	L017-OWPALT-015B	CNWH67032	1.0	0.0	0.0	Y	insufficient_balance			
MR-2026-04166	MAT-STE-2026-20505	318324	L017-OWPALT-046C	CNWH59816	2.0	0.0	3.0	N				
MR-2026-04166	MAT-STE-2026-20505	322611	L010-OWSHEL-028D	CNWH59773	2.0	0.0	1.0	Y	insufficient_balance			
MR-2026-04166	MAT-STE-2026-20505	322611	L010-OWSHEL-028D	CNWH59790	1.0	3.0	1.0	N				
MR-2026-04166	MAT-STE-2026-20505	322621	L016-OWPALT-026B	CNWH56477	2.0	1.0	1.0	N				
MR-2026-04166	MAT-STE-2026-20505	322659	L010-OWSHEL-034C	CNWH59724	1.0	0.0	1.0	N				
MR-2026-04166	MAT-STE-2026-20505	324092	L009-OWSHEL-020E	CNWH63670	2.0	1.0	0.0	Y	insufficient_balance			
MR-2026-04166	MAT-STE-2026-20505	324135	L009-OWSHEL-020E	CNWH63642	2.0	0.0	2.0	N				
MR-2026-04166	MAT-STE-2026-20505	329662	L017-OWPALT-015B	CNWH67049	1.0	0.0	0.0	Y	insufficient_balance			
MR-2026-04166	MAT-STE-2026-20505	329680	L017-OWPALT-038C	CNWH56296	4.0	0.0	4.0	N				
MR-2026-04166	MAT-STE-2026-20505	329686	L017-OWPALT-038C	CNWH53607	1.0	0.0	5.0	N				
MR-2026-04166	MAT-STE-2026-20505	329693	L017-OWPALT-015B	CNWH67030	3.0	4.0	2.0	N				
MR-2026-04166	MAT-STE-2026-20505	329693	L017-OWPALT-015B	CNWH67034	1.0	0.0	0.0	Y	insufficient_balance			
MR-2026-04179	MAT-STE-2026-20474	321201	L016-OWPALT-010B	CNWH54161	3.0	0.0	3.0	N				
MR-2026-04179	MAT-STE-2026-20474	321202	L016-OWPALT-026B	CNWH64810	4.0	1.0	0.0	Y	insufficient_balance			
MR-2026-04179	MAT-STE-2026-20474	322624	L016-OWPALT-026B	CNWH56477	2.0	0.0	2.0	N				
MR-2026-04179	MAT-STE-2026-20474	324105	L009-OWSHEL-005E	CNWH63630	1.0	0.0	1.0	N				
MR-2026-04192	MAT-STE-2026-20506	321199	L016-OWPALT-026B	CNWH56477	2.0	0.0	2.0	N				
MR-2026-04192	MAT-STE-2026-20506	322611	L010-OWSHEL-028D	CNWH59790	1.0	0.0	1.0	N				
MR-2026-04192	MAT-STE-2026-20506	329705	L017-OWPALT-015B	CNWH67049	1.0	0.0	0.0	Y	insufficient_balance			
MR-2026-04203	MAT-STE-2026-20475	318356	L017-OWPALT-006C	CNWH53548	1.0	0.0	1.0	N				
MR-2026-04203	MAT-STE-2026-20475	318425	L017-OWPALT-038C	CNWH51359	1.0	0.0	1.0	N				
MR-2026-04203	MAT-STE-2026-20475	321202	L010-OWSHEL-017E	CNWH59714	1.0	0.0	0.0	Y	insufficient_balance			
MR-2026-04203	MAT-STE-2026-20475	324095	L016-OWPALT-047B	CNWH67939	1.0	0.0	1.0	N				
MR-2026-04203	MAT-STE-2026-20475	324099	L016-OWPALT-047B	CNWH67939	1.0	0.0	1.0	N				
MR-2026-04203	MAT-STE-2026-20475	329660	L017-OWPALT-015B	CNWH67033	2.0	1.0	2.0	N				
MR-2026-04203	MAT-STE-2026-20475	329671	L017-OWPALT-027C	CNWH67047	1.0	0.0	4.0	N				
MR-2026-04203	MAT-STE-2026-20475	329698	L017-OWPALT-015B	CNWH67034	1.0	0.0	0.0	Y	insufficient_balance			
MR-2026-04216	MAT-STE-2026-20507	318329	L017-OWPALT-034B	CNWH59802	2.0	0.0	4.0	N				
MR-2026-04216	MAT-STE-2026-20507	321202	L010-OWSHEL-017E	CNWH59714	1.0	0.0	0.0	Y	insufficient_balance			
MR-2026-04216	MAT-STE-2026-20507	322649	L010-OWSHEL-025A	CNWH59747	1.0	0.0	2.0	N				
MR-2026-04216	MAT-STE-2026-20507	324090	L016-OWPALT-047B	CNWH67940	1.0	0.0	1.0	N				
MR-2026-04216	MAT-STE-2026-20507	324096	L009-OWSHEL-005E	CNWH64918	2.0	0.0	2.0	N				
MR-2026-04216	MAT-STE-2026-20507	324111	L016-OWPALT-047B	CNWH67940	1.0	0.0	1.0	N				
MR-2026-04216	MAT-STE-2026-20507	324116	L016-OWPALT-047B	CNWH67940	1.0	0.0	1.0	N				
MR-2026-04216	MAT-STE-2026-20507	326532	L017-OWPALT-034B	CNWH61098	1.0	0.0	1.0	N				
MR-2026-04216	MAT-STE-2026-20507	326532	L017-OWPALT-034B	CNWH62606	1.0	0.0	2.0	N				
MR-2026-04216	MAT-STE-2026-20507	326533	L017-OWPALT-034B	CNWH61098	2.0	0.0	2.0	N				
MR-2026-04229	MAT-STE-2026-20476	318324	L017-OWPALT-034B	CNWH56359	1.0	0.0	3.0	N				
MR-2026-04229	MAT-STE-2026-20476	321202	L010-OWSHEL-017E	CNWH59714	1.0	2.0	0.0	N				
MR-2026-04229	MAT-STE-2026-20476	321202	L010-OWSHEL-017E	CNWH59735	2.0	0.0	0.0	Y	insufficient_balance			
MR-2026-04229	MAT-STE-2026-20476	321202	L016-OWPALT-026B	CNWH59191	1.0	0.0	0.0	Y	insufficient_balance			
MR-2026-04229	MAT-STE-2026-20476	329668	L017-OWPALT-027C	CNWH67047	1.0	0.0	2.0	N				
MR-2026-04254	MAT-STE-2026-20478	318324	L017-OWPALT-034B	CNWH56359	1.0	0.0	3.0	N				
MR-2026-04254	MAT-STE-2026-20478	318341	L017-OWPALT-006C	CNWH53548	1.0	0.0	1.0	N				
MR-2026-04254	MAT-STE-2026-20478	324089	L009-OWSHEL-020E	CNWH63628	1.0	0.0	1.0	N				
MR-2026-04254	MAT-STE-2026-20478	324127	L009-OWSHEL-005E	CNWH63677	1.0	0.0	2.0	N				
MR-2026-04254	MAT-STE-2026-20478	329682	L017-OWPALT-027C	CNWH60628	1.0	0.0	3.0	N				
MR-2026-04254	MAT-STE-2026-20478	329693	L017-OWPALT-015B	CNWH60597	1.0	3.0	0.0	N				
MR-2026-04254	MAT-STE-2026-20478	329693	L017-OWPALT-015B	CNWH67030	2.0	0.0	2.0	N				
MR-2026-04254	MAT-STE-2026-20478	329698	L017-OWPALT-015B	CNWH67028	1.0	0.0	0.0	Y	insufficient_balance			
MR-2026-04254	MAT-STE-2026-20478	329706	L017-OWPALT-027C	CNWH60628	1.0	0.0	0.0	Y	insufficient_balance			
MR-2026-04266	MAT-STE-2026-20479	318318	L017-OWPALT-034B	CNWH59802	2.0	0.0	5.0	N				
MR-2026-04266	MAT-STE-2026-20479	322623	L016-OWPALT-026B	CNWH56477	1.0	0.0	1.0	N				
MR-2026-04266	MAT-STE-2026-20479	322624	L016-OWPALT-026B	CNWH56477	2.0	1.0	2.0	N				
MR-2026-04266	MAT-STE-2026-20479	322649	L010-OWSHEL-025A	CNWH59747	1.0	0.0	2.0	N				
MR-2026-04266	MAT-STE-2026-20479	324092	L016-OWPALT-047B	CNWH67940	1.0	0.0	0.0	Y	insufficient_balance			
MR-2026-04271	MAT-STE-2026-20280	326861	L009-OWSHEL-023B	CNWH66459	1.0	0.0	0.0	Y	insufficient_balance			
MR-2026-04272	MAT-STE-2026-20281	326873	L016-OWPALT-014C	CNWH58174	1.0	0.0	0.0	Y	insufficient_balance			
MR-2026-04272	MAT-STE-2026-20281	326877	L009-OWSHEL-009D	CNWH66416	5.0	0.0	5.0	N				
MR-2026-04275	MAT-STE-2026-20283	326840	L009-OWSHEL-002B	CNWH66384	4.0	3.0	1.0	N				
MR-2026-04275	MAT-STE-2026-20283	326848	L009-OWSHEL-013A	CNWH66437	2.0	0.0	0.0	Y	insufficient_balance			
MR-2026-04275	MAT-STE-2026-20283	326852	L009-OWSHEL-002B	CNWH66391	6.0	5.0	1.0	N				
MR-2026-04275	MAT-STE-2026-20283	326853	L009-OWSHEL-024A	CNWH66448	6.0	5.0	0.0	Y	insufficient_balance			
MR-2026-04275	MAT-STE-2026-20283	326857	L009-OWSHEL-002B	CNWH66398	2.0	0.0	4.0	N				
MR-2026-04275	MAT-STE-2026-20283	326863	L009-OWSHEL-002B	CNWH66384	2.0	0.0	3.0	N				
MR-2026-04275	MAT-STE-2026-20283	326875	L009-OWSHEL-012A	CNWH66411	2.0	0.0	2.0	N				
MR-2026-04276	MAT-STE-2026-20284	326847	L009-OWSHEL-013A	CNWH66437	4.0	0.0	4.0	N				
MR-2026-04276	MAT-STE-2026-20284	326848	L009-OWSHEL-024A	CNWH66470	1.0	0.0	0.0	Y	insufficient_balance			
MR-2026-04276	MAT-STE-2026-20284	326851	L009-OWSHEL-002B	CNWH66391	2.0	0.0	4.0	N				
MR-2026-04276	MAT-STE-2026-20284	326853	L009-OWSHEL-010C	CNWH66423	1.0	0.0	0.0	Y	insufficient_balance			
MR-2026-04276	MAT-STE-2026-20284	326861	L009-OWSHEL-012A	CNWH66412	2.0	0.0	0.0	Y	insufficient_balance			
MR-2026-04276	MAT-STE-2026-20284	326873	L009-OWSHEL-013A	CNWH64827	1.0	0.0	0.0	Y	insufficient_balance			
MR-2026-04276	MAT-STE-2026-20284	326878	L009-OWSHEL-009D	CNWH66416	3.0	1.0	2.0	N				
MR-2026-04277	MAT-STE-2026-20276	326833	L009-OWSHEL-024A	CNWH66452	4.0	0.0	3.0	Y	insufficient_balance			
MR-2026-04277	MAT-STE-2026-20276	326848	L009-OWSHEL-024A	CNWH66470	2.0	0.0	0.0	Y	insufficient_balance			
MR-2026-04278	MAT-STE-2026-20277	326861	L009-OWSHEL-014B	CNWH66454	2.0	0.0	0.0	Y	insufficient_balance			
MR-2026-04281	MAT-STE-2026-20279	326833	L009-OWSHEL-013A	CNWH66430	2.0	0.0	0.0	Y	insufficient_balance			
MR-2026-04283	MAT-STE-2026-20311	322180	L009-OWSHEL-037A	CNWH61115	2.0	0.0	6.0	N				
MR-2026-04283	MAT-STE-2026-20311	322185	L009-OWSHEL-039C	CNWH66406	2.0	0.0	5.0	N				
MR-2026-04283	MAT-STE-2026-20311	322191	L009-OWSHEL-040D	CNWH62334	2.0	0.0	1.0	Y	insufficient_balance			
MR-2026-04283	MAT-STE-2026-20311	322235	L010-OWSHEL-039C	CNWH61108	1.0	0.0	0.0	Y	insufficient_balance			
MR-2026-04283	MAT-STE-2026-20311	322236	L010-OWSHEL-039C	CNWH61108	1.0	0.0	3.0	N				
MR-2026-04284	MAT-STE-2026-20312	322137	L010-OWSHEL-034C	CNWH61990	2.0	1.0	3.0	N				
MR-2026-04284	MAT-STE-2026-20312	322191	L009-OWSHEL-005E	CNWH61121	1.0	3.0	1.0	N				
MR-2026-04284	MAT-STE-2026-20312	322191	L009-OWSHEL-040D	CNWH62334	2.0	0.0	1.0	Y	insufficient_balance			
MR-2026-04284	MAT-STE-2026-20312	322203	L010-OWSHEL-038B	CNWH61145	1.0	0.0	7.0	N				
MR-2026-04284	MAT-STE-2026-20312	322204	L016-OWPALT-056A	CNWH64097	1.0	0.0	1.0	N				
MR-2026-04284	MAT-STE-2026-20312	322210	L010-OWSHEL-037A	CNWH61118	2.0	0.0	1.0	Y	insufficient_balance			
MR-2026-04284	MAT-STE-2026-20312	322216	L010-OWSHEL-039C	CNWH61126	2.0	0.0	3.0	N				
MR-2026-04284	MAT-STE-2026-20312	322226	L010-OWSHEL-037A	CNWH61138	2.0	1.0	7.0	N				
MR-2026-04284	MAT-STE-2026-20312	322228	L010-OWSHEL-037A	CNWH61138	2.0	0.0	0.0	Y	insufficient_balance			
MR-2026-04284	MAT-STE-2026-20312	322230	L010-OWSHEL-037A	CNWH61138	2.0	0.0	0.0	Y	insufficient_balance			
MR-2026-04284	MAT-STE-2026-20312	322232	L010-OWSHEL-037A	CNWH61118	2.0	0.0	9.0	N				
MR-2026-04284	MAT-STE-2026-20312	322236	L010-OWSHEL-038B	CNWH62333	1.0	0.0	1.0	N				
MR-2026-04284	MAT-STE-2026-20312	322239	L010-OWSHEL-038B	CNWH61145	1.0	0.0	0.0	Y	insufficient_balance			
MR-2026-04285	MAT-STE-2026-20432	322130	L010-OWSHEL-006F	CNWH56487	1.0	0.0	0.0	Y	insufficient_balance			
MR-2026-04285	MAT-STE-2026-20432	322131	L010-OWSHEL-034C	CNWH61990	2.0	0.0	3.0	N				
MR-2026-04285	MAT-STE-2026-20432	322161	L009-OWSHEL-005E	CNWH61102	2.0	0.0	8.0	N				
MR-2026-04285	MAT-STE-2026-20432	322186	L009-OWSHEL-039C	CNWH66406	2.0	0.0	5.0	N				
MR-2026-04285	MAT-STE-2026-20432	322212	L010-OWSHEL-039C	CNWH61122	1.0	0.0	1.0	N				
MR-2026-04285	MAT-STE-2026-20432	322212	L010-OWSHEL-039C	CNWH61692	1.0	2.0	1.0	N				
MR-2026-04285	MAT-STE-2026-20432	322235	L010-OWSHEL-039C	CNWH61108	1.0	0.0	0.0	Y	insufficient_balance			
MR-2026-04285	MAT-STE-2026-20432	322239	L010-OWSHEL-038B	CNWH61145	1.0	0.0	0.0	Y	insufficient_balance			
MR-2026-04286	MAT-STE-2026-20433	322130	L010-OWSHEL-034C	CNWH61990	1.0	0.0	0.0	Y	insufficient_balance			
MR-2026-04286	MAT-STE-2026-20433	322142	L010-OWSHEL-025A	CNWH61991	1.0	0.0	1.0	N				
MR-2026-04286	MAT-STE-2026-20433	322144	L010-OWSHEL-025A	CNWH61991	3.0	1.0	5.0	N				
MR-2026-04286	MAT-STE-2026-20433	322161	L009-OWSHEL-005E	CNWH61076	4.0	3.0	2.0	N				
MR-2026-04286	MAT-STE-2026-20433	322187	L009-OWSHEL-005E	CNWH61121	2.0	1.0	0.0	Y	insufficient_balance			
MR-2026-04286	MAT-STE-2026-20433	322191	L009-OWSHEL-005E	CNWH61083	1.0	0.0	7.0	N				
MR-2026-04286	MAT-STE-2026-20433	322196	L009-OWSHEL-038B	CNWH61131	1.0	0.0	5.0	N				
MR-2026-04286	MAT-STE-2026-20433	322216	L010-OWSHEL-039C	CNWH61126	2.0	1.0	3.0	N				
MR-2026-04286	MAT-STE-2026-20433	322235	L010-OWSHEL-040D	CNWH61089	1.0	0.0	3.0	N				
MR-2026-04286	MAT-STE-2026-20433	322239	L010-OWSHEL-037A	CNWH61090	3.0	0.0	0.0	Y	insufficient_balance			
MR-2026-04287	MAT-STE-2026-20434	322125	L010-OWSHEL-037A	CNWH61090	2.0	1.0	1.0	N				
MR-2026-04287	MAT-STE-2026-20434	322134	L016-OWPALT-056A	CNWH64097	1.0	0.0	0.0	Y	insufficient_balance			
MR-2026-04287	MAT-STE-2026-20434	322137	L010-OWSHEL-034C	CNWH61990	2.0	0.0	3.0	N				
MR-2026-04287	MAT-STE-2026-20434	322143	L010-OWSHEL-025A	CNWH61991	2.0	0.0	8.0	N				
MR-2026-04287	MAT-STE-2026-20434	322144	L010-OWSHEL-025A	CNWH61991	2.0	0.0	5.0	N				
MR-2026-04287	MAT-STE-2026-20434	322161	L016-OWPALT-056A	CNWH64097	1.0	0.0	0.0	Y	insufficient_balance			
MR-2026-04287	MAT-STE-2026-20434	322186	L009-OWSHEL-039C	CNWH66406	2.0	0.0	5.0	N				
MR-2026-04287	MAT-STE-2026-20434	322202	L010-OWSHEL-037A	CNWH61079	1.0	0.0	2.0	N				
MR-2026-04287	MAT-STE-2026-20434	322203	L010-OWSHEL-037A	CNWH61079	2.0	1.0	3.0	N				
MR-2026-04287	MAT-STE-2026-20434	322211	L010-OWSHEL-040D	CNWH61112	1.0	0.0	5.0	N				
MR-2026-04287	MAT-STE-2026-20434	322230	L010-OWSHEL-038B	CNWH61110	2.0	1.0	0.0	Y	insufficient_balance			
MR-2026-04287	MAT-STE-2026-20434	322234	L010-OWSHEL-038B	CNWH62333	2.0	0.0	6.0	N				
MR-2026-04287	MAT-STE-2026-20434	322235	L010-OWSHEL-040D	CNWH61089	1.0	0.0	3.0	N				
MR-2026-04287	MAT-STE-2026-20434	322236	L010-OWSHEL-040D	CNWH61089	1.0	0.0	2.0	N				
MR-2026-04289	MAT-STE-2026-20436	322161	L009-OWSHEL-005E	CNWH61132	3.0	0.0	6.0	N				
MR-2026-04289	MAT-STE-2026-20436	322185	L009-OWSHEL-039C	CNWH66406	2.0	0.0	5.0	N				
MR-2026-04289	MAT-STE-2026-20436	322210	L010-OWSHEL-040D	CNWH61116	1.0	0.0	8.0	N				
MR-2026-04289	MAT-STE-2026-20436	322226	L010-OWSHEL-037A	CNWH61079	1.0	0.0	0.0	Y	insufficient_balance			
MR-2026-04289	MAT-STE-2026-20436	322226	L010-OWSHEL-037A	CNWH61138	1.0	0.0	7.0	N				
MR-2026-04289	MAT-STE-2026-20436	322227	L010-OWSHEL-038B	CNWH61110	2.0	0.0	9.0	N				
MR-2026-04289	MAT-STE-2026-20436	322239	L010-OWSHEL-037A	CNWH61090	1.0	2.0	0.0	N				
MR-2026-04289	MAT-STE-2026-20436	322239	L010-OWSHEL-038B	CNWH61145	1.0	0.0	0.0	Y	insufficient_balance			
MR-2026-04290	MAT-STE-2026-20381	322186	L009-OWSHEL-040D	CNWH62334	2.0	0.0	6.0	N				
MR-2026-04290	MAT-STE-2026-20381	322202	L010-OWSHEL-038B	CNWH61145	2.0	0.0	3.0	N				
MR-2026-04290	MAT-STE-2026-20381	322210	L010-OWSHEL-040D	CNWH61116	1.0	0.0	8.0	N				
MR-2026-04290	MAT-STE-2026-20381	322211	L010-OWSHEL-040D	CNWH61112	1.0	0.0	5.0	N				
MR-2026-04290	MAT-STE-2026-20381	322211	L010-OWSHEL-040D	CNWH61116	1.0	0.0	0.0	Y	insufficient_balance			
MR-2026-04290	MAT-STE-2026-20381	322220	L010-OWSHEL-038B	CNWH61105	1.0	0.0	1.0	N				
MR-2026-04290	MAT-STE-2026-20381	322230	L010-OWSHEL-037A	CNWH61138	1.0	0.0	0.0	Y	insufficient_balance			
MR-2026-04290	MAT-STE-2026-20381	322235	L010-OWSHEL-040D	CNWH61089	1.0	0.0	3.0	N				
MR-2026-04291	MAT-STE-2026-20382	322160	L009-OWSHEL-005E	CNWH61076	1.0	0.0	0.0	Y	insufficient_balance			
MR-2026-04291	MAT-STE-2026-20382	322184	L009-OWSHEL-040D	CNWH62334	1.0	0.0	7.0	N				
MR-2026-04291	MAT-STE-2026-20382	322185	L009-OWSHEL-040D	CNWH62334	3.0	0.0	17.0	N				
MR-2026-04291	MAT-STE-2026-20382	322186	L009-OWSHEL-040D	CNWH62334	2.0	0.0	6.0	N				
MR-2026-04291	MAT-STE-2026-20382	322187	L009-OWSHEL-040D	CNWH62334	1.0	0.0	0.0	Y	insufficient_balance			
MR-2026-04291	MAT-STE-2026-20382	322203	L010-OWSHEL-040D	CNWH61112	1.0	0.0	0.0	Y	insufficient_balance			
MR-2026-04291	MAT-STE-2026-20382	322210	L010-OWSHEL-040D	CNWH61116	1.0	0.0	8.0	N				
MR-2026-04291	MAT-STE-2026-20382	322211	L010-OWSHEL-040D	CNWH61116	1.0	0.0	0.0	Y	insufficient_balance			
MR-2026-04291	MAT-STE-2026-20382	322230	L010-OWSHEL-037A	CNWH61140	1.0	0.0	0.0	Y	insufficient_balance			
MR-2026-04292	MAT-STE-2026-20383	322130	L016-OWPALT-056A	CNWH64097	1.0	0.0	0.0	Y	insufficient_balance			
MR-2026-04292	MAT-STE-2026-20383	322134	L010-OWSHEL-006F	CNWH56487	1.0	0.0	0.0	Y	insufficient_balance			
MR-2026-04292	MAT-STE-2026-20383	322137	L010-OWSHEL-006F	CNWH56487	1.0	0.0	1.0	N				
MR-2026-04292	MAT-STE-2026-20383	322160	L009-OWSHEL-005E	CNWH61102	1.0	0.0	1.0	N				
MR-2026-04292	MAT-STE-2026-20383	322161	L009-OWSHEL-005E	CNWH61076	4.0	0.0	2.0	Y	insufficient_balance			
MR-2026-04292	MAT-STE-2026-20383	322185	L009-OWSHEL-040D	CNWH62334	2.0	0.0	17.0	N				
MR-2026-04292	MAT-STE-2026-20383	322191	L009-OWSHEL-005E	CNWH61121	3.0	0.0	1.0	Y	insufficient_balance			
MR-2026-04292	MAT-STE-2026-20383	322202	L016-OWPALT-056A	CNWH64097	1.0	0.0	0.0	Y	insufficient_balance			
MR-2026-04292	MAT-STE-2026-20383	322203	L010-OWSHEL-038B	CNWH61145	1.0	0.0	7.0	N				
MR-2026-04292	MAT-STE-2026-20383	322203	L016-OWPALT-056A	CNWH64097	1.0	0.0	0.0	Y	insufficient_balance			
MR-2026-04292	MAT-STE-2026-20383	322226	L010-OWSHEL-038B	CNWH61110	1.0	0.0	4.0	N				
MR-2026-04292	MAT-STE-2026-20383	322227	L010-OWSHEL-038B	CNWH61110	1.0	0.0	9.0	N				
MR-2026-04292	MAT-STE-2026-20383	322228	L010-OWSHEL-038B	CNWH61110	1.0	0.0	4.0	N				
MR-2026-04292	MAT-STE-2026-20383	322234	L010-OWSHEL-038B	CNWH62333	2.0	0.0	6.0	N				
MR-2026-04292	MAT-STE-2026-20383	322235	L010-OWSHEL-038B	CNWH62333	1.0	0.0	0.0	Y	insufficient_balance			
MR-2026-04292	MAT-STE-2026-20383	322235	L010-OWSHEL-040D	CNWH61089	1.0	0.0	3.0	N				
MR-2026-04293	MAT-STE-2026-20384	322211	L010-OWSHEL-039C	CNWH61692	1.0	0.0	0.0	Y	insufficient_balance			
MR-2026-04293	MAT-STE-2026-20384	322230	L010-OWSHEL-037A	CNWH61079	1.0	0.0	0.0	Y	insufficient_balance			
MR-2026-04293	MAT-STE-2026-20384	322230	L010-OWSHEL-038B	CNWH61110	1.0	0.0	0.0	Y	insufficient_balance			
MR-2026-04294	MAT-STE-2026-20385	322180	L009-OWSHEL-037A	CNWH61115	2.0	0.0	6.0	N				
MR-2026-04294	MAT-STE-2026-20385	322191	L009-OWSHEL-005E	CNWH61083	2.0	3.0	7.0	N				
MR-2026-04294	MAT-STE-2026-20385	322191	L009-OWSHEL-005E	CNWH61121	1.0	0.0	1.0	N				
MR-2026-04294	MAT-STE-2026-20385	322230	L010-OWSHEL-037A	CNWH61079	1.0	0.0	0.0	Y	insufficient_balance			
MR-2026-04294	MAT-STE-2026-20385	322230	L010-OWSHEL-037A	CNWH61090	1.0	0.0	0.0	Y	insufficient_balance			
MR-2026-04317	MAT-STE-2026-20676	302053	L009-OWSHEL-027C	CNWH66782	1.0	0.0	0.0	Y	insufficient_balance			
MR-2026-04317	MAT-STE-2026-20676	302054	L009-OWSHEL-027C	CNWH66782	1.0	0.0	3.0	N				
MR-2026-04317	MAT-STE-2026-20676	302090	L009-OWSHEL-027C	CNWH66782	1.0	0.0	3.0	N				
MR-2026-04317	MAT-STE-2026-20676	302091	L016-OWPALT-002B	CNWH67950	1.0	0.0	1.0	N				
MR-2026-04317	MAT-STE-2026-20676	302096	L009-OWSHEL-027C	CNWH60469	1.0	0.0	0.0	Y	insufficient_balance			
MR-2026-04317	MAT-STE-2026-20676	302096	L016-OWPALT-032A	CNWH66732	1.0	2.0	0.0	N				
MR-2026-04317	MAT-STE-2026-20676	302101	L016-OWPALT-032A	CNWH66732	1.0	0.0	3.0	N				
MR-2026-04317	MAT-STE-2026-20676	302102	L016-OWPALT-032A	CNWH66732	1.0	0.0	3.0	N				
MR-2026-04317	MAT-STE-2026-20676	314570	L009-OWSHEL-037A	CNWH62624	3.0	0.0	3.0	N				
MR-2026-04317	MAT-STE-2026-20676	314571	L009-OWSHEL-037A	CNWH62624	2.0	0.0	0.0	Y	insufficient_balance			
MR-2026-04317	MAT-STE-2026-20676	314577	L009-OWSHEL-006F	CNWH64315	2.0	0.0	0.0	Y	insufficient_balance			
MR-2026-04329	MAT-STE-2026-20677	302018	L016-OWPALT-015B	CNWH64938	1.0	0.0	1.0	N				
MR-2026-04329	MAT-STE-2026-20677	302041	L009-OWSHEL-041E	CNWH55840	1.0	0.0	0.0	Y	insufficient_balance			
MR-2026-04329	MAT-STE-2026-20677	302043	L016-OWPALT-015B	CNWH64938	2.0	1.0	0.0	Y	insufficient_balance			
MR-2026-04329	MAT-STE-2026-20677	302054	L009-OWSHEL-011B	CNWH66436	1.0	0.0	1.0	N				
MR-2026-04329	MAT-STE-2026-20677	314535	L009-OWSHEL-041E	CNWH54012	2.0	0.0	6.0	N				
MR-2026-04329	MAT-STE-2026-20677	314536	L016-OWPALT-018B	CNWH60245	1.0	0.0	1.0	N				
MR-2026-04329	MAT-STE-2026-20677	314553	L009-OWSHEL-006F	CNWH50794	2.0	0.0	3.0	N				
MR-2026-04329	MAT-STE-2026-20677	314571	L009-OWSHEL-006F	CNWH50794	1.0	0.0	6.0	N				
MR-2026-04329	MAT-STE-2026-20677	314577	L009-OWSHEL-006F	CNWH64315	1.0	0.0	0.0	Y	insufficient_balance			
MR-2026-04329	MAT-STE-2026-20677	322295	L017-OWPALT-030C	CNWH63656	1.0	0.0	0.0	Y	insufficient_balance			
MR-2026-04329	MAT-STE-2026-20677	322306	L017-OWPALT-046C	CNWH60229	1.0	0.0	1.0	N				
MR-2026-04329	MAT-STE-2026-20677	322331	L017-OWPALT-046C	CNWH59816	1.0	0.0	1.0	N				
MR-2026-04329	MAT-STE-2026-20677	322334	L017-OWPALT-046C	CNWH59803	1.0	0.0	7.0	N				
MR-2026-04329	MAT-STE-2026-20677	322340	L017-OWPALT-046C	CNWH59818	2.0	0.0	3.0	N				
MR-2026-04329	MAT-STE-2026-20677	322342	L017-OWPALT-046C	CNWH59818	1.0	0.0	6.0	N				
MR-2026-04341	MAT-STE-2026-20678	302023	L016-OWPALT-015B	CNWH64938	1.0	0.0	2.0	N				
MR-2026-04341	MAT-STE-2026-20678	302024	L010-OWSHEL-006F	CNWH54069	1.0	0.0	3.0	N				
MR-2026-04341	MAT-STE-2026-20678	302036	L009-OWSHEL-027C	CNWH66782	1.0	0.0	2.0	N				
MR-2026-04341	MAT-STE-2026-20678	302041	L009-OWSHEL-007F	CNWH64300	1.0	0.0	0.0	Y	insufficient_balance			
MR-2026-04341	MAT-STE-2026-20678	302041	L010-OWSHEL-044E	CNWH65115	1.0	0.0	0.0	Y	insufficient_balance			
MR-2026-04341	MAT-STE-2026-20678	302042	L009-OWSHEL-010C	CNWH66413	1.0	0.0	2.0	N				
MR-2026-04341	MAT-STE-2026-20678	302049	L009-OWSHEL-027C	CNWH60198	1.0	0.0	1.0	N				
MR-2026-04341	MAT-STE-2026-20678	302053	L009-OWSHEL-027C	CNWH66782	1.0	0.0	0.0	Y	insufficient_balance			
MR-2026-04341	MAT-STE-2026-20678	302083	L016-OWPALT-015B	CNWH64938	1.0	0.0	0.0	Y	insufficient_balance			
MR-2026-04341	MAT-STE-2026-20678	302091	L016-OWPALT-002B	CNWH67950	1.0	0.0	1.0	N				
MR-2026-04341	MAT-STE-2026-20678	302102	L009-OWSHEL-009D	CNWH66449	1.0	0.0	2.0	N				
MR-2026-04341	MAT-STE-2026-20678	314534	L009-OWSHEL-027C	CNWH60469	1.0	0.0	6.0	N				
MR-2026-04341	MAT-STE-2026-20678	314535	L010-OWSHEL-006F	CNWH56517	1.0	0.0	2.0	N				
MR-2026-04341	MAT-STE-2026-20678	314541	L009-OWSHEL-006F	CNWH64315	1.0	0.0	2.0	N				
MR-2026-04341	MAT-STE-2026-20678	314546	L009-OWSHEL-006F	CNWH64315	1.0	0.0	0.0	Y	insufficient_balance			
MR-2026-04341	MAT-STE-2026-20678	314547	L009-OWSHEL-009D	CNWH66449	1.0	0.0	3.0	N				
MR-2026-04341	MAT-STE-2026-20678	314570	L009-OWSHEL-009D	CNWH66449	1.0	0.0	0.0	Y	insufficient_balance			
MR-2026-04341	MAT-STE-2026-20678	314571	L009-OWSHEL-009D	CNWH66449	4.0	0.0	2.0	Y	insufficient_balance			
MR-2026-04341	MAT-STE-2026-20678	314583	L010-OWSHEL-044E	CNWH65115	1.0	0.0	1.0	N				
MR-2026-04341	MAT-STE-2026-20678	322295	L017-OWPALT-022C	CNWH59806	1.0	0.0	0.0	Y	insufficient_balance			
MR-2026-04341	MAT-STE-2026-20678	322334	L017-OWPALT-046C	CNWH59782	1.0	0.0	1.0	N				
MR-2026-04341	MAT-STE-2026-20678	322347	L017-OWPALT-015B	CNWH59791	1.0	0.0	0.0	Y	insufficient_balance			
MR-2026-04351	MAT-STE-2026-20679	302024	L009-OWSHEL-043F	CNWH64363	1.0	0.0	0.0	Y	insufficient_balance			
MR-2026-04351	MAT-STE-2026-20679	302101	L016-OWPALT-015B	CNWH61298	1.0	0.0	1.0	N				
MR-2026-04351	MAT-STE-2026-20679	314565	L016-OWPALT-015B	CNWH61298	1.0	0.0	2.0	N				
MR-2026-04351	MAT-STE-2026-20679	314583	L009-OWSHEL-043F	CNWH64288	1.0	0.0	0.0	Y	insufficient_balance			
MR-2026-04351	MAT-STE-2026-20679	322328	L017-OWPALT-046C	CNWH59818	1.0	0.0	1.0	N				
MR-2026-04364	MAT-STE-2026-20680	302018	L016-OWPALT-015B	CNWH66168	1.0	0.0	0.0	Y	insufficient_balance			
MR-2026-04364	MAT-STE-2026-20680	302053	L009-OWSHEL-012A	CNWH66420	1.0	0.0	0.0	Y	insufficient_balance			
MR-2026-04364	MAT-STE-2026-20680	302053	L009-OWSHEL-027C	CNWH66782	1.0	3.0	0.0	N				
MR-2026-04364	MAT-STE-2026-20680	302053	L009-OWSHEL-043F	CNWH53861	2.0	1.0	1.0	N				
MR-2026-04364	MAT-STE-2026-20680	302083	L016-OWPALT-032A	CNWH66732	1.0	0.0	1.0	N				
MR-2026-04364	MAT-STE-2026-20680	302084	L009-OWSHEL-027C	CNWH66782	2.0	1.0	1.0	N				
MR-2026-04364	MAT-STE-2026-20680	314565	L009-OWSHEL-011B	CNWH66436	1.0	0.0	2.0	N				
MR-2026-04364	MAT-STE-2026-20680	314583	L010-OWSHEL-044E	CNWH65115	1.0	0.0	1.0	N				
MR-2026-04364	MAT-STE-2026-20680	322293	L017-OWPALT-046C	CNWH59804	1.0	0.0	2.0	N				
MR-2026-04364	MAT-STE-2026-20680	322336	L017-OWPALT-046C	CNWH59821	1.0	0.0	5.0	N				
MR-2026-04376	MAT-STE-2026-20575	302018	L016-OWPALT-015B	CNWH50787	1.0	0.0	1.0	N				
MR-2026-04376	MAT-STE-2026-20575	302048	L009-OWSHEL-027C	CNWH66782	1.0	0.0	3.0	N				
MR-2026-04376	MAT-STE-2026-20575	302091	L016-OWPALT-032A	CNWH66081	1.0	0.0	0.0	Y	insufficient_balance			
MR-2026-04376	MAT-STE-2026-20575	314538	L016-OWPALT-032A	CNWH66081	1.0	0.0	1.0	N				
MR-2026-04376	MAT-STE-2026-20575	314541	L016-OWPALT-015B	CNWH62604	1.0	0.0	3.0	N				
MR-2026-04376	MAT-STE-2026-20575	314546	L009-OWSHEL-009D	CNWH66449	4.0	0.0	3.0	Y	insufficient_balance			
MR-2026-04376	MAT-STE-2026-20575	314547	L009-OWSHEL-011B	CNWH66436	1.0	0.0	4.0	N				
MR-2026-04376	MAT-STE-2026-20575	314576	L009-OWSHEL-010C	CNWH66413	1.0	0.0	3.0	N				
MR-2026-04376	MAT-STE-2026-20575	314578	L009-OWSHEL-010C	CNWH66413	1.0	0.0	4.0	N				
MR-2026-04376	MAT-STE-2026-20575	322293	L017-OWPALT-046C	CNWH59804	1.0	0.0	2.0	N				
MR-2026-04376	MAT-STE-2026-20575	322299	L017-OWPALT-046C	CNWH59804	1.0	0.0	0.0	Y	insufficient_balance			
MR-2026-04376	MAT-STE-2026-20575	322345	L017-OWPALT-015B	CNWH59791	1.0	0.0	1.0	N				
MR-2026-04388	MAT-STE-2026-20576	302054	L009-OWSHEL-011B	CNWH66436	1.0	0.0	1.0	N				
MR-2026-04388	MAT-STE-2026-20576	302054	L009-OWSHEL-027C	CNWH66782	1.0	0.0	3.0	N				
MR-2026-04388	MAT-STE-2026-20576	302096	L016-OWPALT-032A	CNWH66732	2.0	1.0	0.0	Y	insufficient_balance			
MR-2026-04388	MAT-STE-2026-20576	314533	L010-OWSHEL-044E	CNWH65115	1.0	0.0	0.0	Y	insufficient_balance			
MR-2026-04388	MAT-STE-2026-20576	322293	L017-OWPALT-054C	CNWH62696	2.0	0.0	2.0	N				
MR-2026-04388	MAT-STE-2026-20576	322294	L017-OWPALT-054C	CNWH62696	3.0	0.0	3.0	N				
MR-2026-04388	MAT-STE-2026-20576	322299	L017-OWPALT-054C	CNWH62696	1.0	0.0	2.0	N				
MR-2026-04388	MAT-STE-2026-20576	322343	L017-OWPALT-054C	CNWH59813	1.0	0.0	3.0	N				
MR-2026-04399	MAT-STE-2026-20457	302035	L009-OWSHEL-027C	CNWH60198	2.0	0.0	1.0	Y	insufficient_balance			
MR-2026-04399	MAT-STE-2026-20457	302035	L009-OWSHEL-027C	CNWH66782	2.0	0.0	3.0	N				
MR-2026-04399	MAT-STE-2026-20457	302054	L009-OWSHEL-027C	CNWH66782	1.0	0.0	3.0	N				
MR-2026-04399	MAT-STE-2026-20457	314533	L010-OWSHEL-006F	CNWH56517	1.0	0.0	1.0	N				
MR-2026-04399	MAT-STE-2026-20457	314552	L016-OWPALT-018B	CNWH54206	1.0	0.0	2.0	N				
MR-2026-04399	MAT-STE-2026-20457	314564	L009-OWSHEL-037A	CNWH62624	1.0	0.0	2.0	N				
MR-2026-04399	MAT-STE-2026-20457	314577	L009-OWSHEL-009D	CNWH66449	3.0	0.0	1.0	Y	insufficient_balance			
MR-2026-04399	MAT-STE-2026-20457	314577	L009-OWSHEL-011B	CNWH66436	1.0	0.0	2.0	N				
MR-2026-04399	MAT-STE-2026-20457	322340	L017-OWPALT-006C	CNWH57515	1.0	0.0	3.0	N				
MR-2026-04410	MAT-STE-2026-20502	302018	L016-OWPALT-015B	CNWH64938	2.0	0.0	1.0	Y	insufficient_balance			
MR-2026-04410	MAT-STE-2026-20502	302024	L009-OWSHEL-027C	CNWH66782	1.0	0.0	1.0	N				
MR-2026-04410	MAT-STE-2026-20502	302035	L009-OWSHEL-012A	CNWH66420	2.0	0.0	1.0	Y	insufficient_balance			
MR-2026-04433	MAT-STE-2026-20578	302035	L009-OWSHEL-027C	CNWH66782	1.0	0.0	3.0	N				
MR-2026-04433	MAT-STE-2026-20578	302041	L009-OWSHEL-020E	CNWH54884	1.0	0.0	0.0	Y	insufficient_balance			
MR-2026-04433	MAT-STE-2026-20578	314535	L016-OWPALT-018B	CNWH60245	1.0	0.0	1.0	N				
MR-2026-04433	MAT-STE-2026-20578	314547	L009-OWSHEL-011B	CNWH66436	1.0	0.0	4.0	N				
MR-2026-04433	MAT-STE-2026-20578	322304	L017-OWPALT-054C	CNWH65166	1.0	0.0	2.0	N				
MR-2026-04433	MAT-STE-2026-20578	322307	L017-OWPALT-046C	CNWH65029	1.0	2.0	0.0	N				
MR-2026-04433	MAT-STE-2026-20578	322307	L017-OWPALT-051C	CNWH60222	1.0	0.0	1.0	N				
MR-2026-04433	MAT-STE-2026-20578	322310	L017-OWPALT-030C	CNWH45292	1.0	0.0	1.0	N				
MR-2026-04433	MAT-STE-2026-20578	322329	L017-OWPALT-054C	CNWH62696	1.0	0.0	1.0	N				
MR-2026-04433	MAT-STE-2026-20578	322341	L017-OWPALT-054C	CNWH59813	1.0	0.0	9.0	N				
MR-2026-04433	MAT-STE-2026-20578	322347	L017-OWPALT-054C	CNWH59784	2.0	0.0	12.0	N				
MR-2026-04433	MAT-STE-2026-20578	322348	L017-OWPALT-054C	CNWH59784	1.0	0.0	11.0	N				
MR-2026-04442	MAT-STE-2026-20443	232350	L017-OWPALT-024A	CNWH62401	1.0	0.0	0.0	Y	insufficient_balance			
MR-2026-04442	MAT-STE-2026-20443	232362	L017-OWPALT-039B	CNWH65812	2.0	0.0	0.0	Y	insufficient_balance			
MR-2026-04442	MAT-STE-2026-20443	232374	L017-OWPALT-024A	CNWH62401	5.0	3.0	5.0	N				
MR-2026-04442	MAT-STE-2026-20443	232375	L017-OWPALT-024A	CNWH51363	3.0	0.0	0.0	Y	insufficient_balance			
MR-2026-04442	MAT-STE-2026-20443	232375	L017-OWPALT-024A	CNWH62401	3.0	6.0	0.0	N				
MR-2026-04442	MAT-STE-2026-20443	232399	L017-OWPALT-039B	CNWH65812	1.0	0.0	0.0	Y	insufficient_balance			
MR-2026-04443	MAT-STE-2026-20437	232350	L017-OWPALT-024A	CNWH51363	1.0	0.0	0.0	Y	insufficient_balance			
MR-2026-04443	MAT-STE-2026-20437	232362	L017-OWPALT-024A	CNWH51363	2.0	0.0	0.0	Y	insufficient_balance			
MR-2026-04443	MAT-STE-2026-20437	232374	L017-OWPALT-024A	CNWH51363	2.0	0.0	0.0	Y	insufficient_balance			
MR-2026-04443	MAT-STE-2026-20437	232375	L017-OWPALT-024A	CNWH51363	3.0	0.0	0.0	Y	insufficient_balance			
MR-2026-04443	MAT-STE-2026-20437	232381	L017-OWPALT-024A	CNWH51363	1.0	0.0	0.0	Y	insufficient_balance			
MR-2026-04443	MAT-STE-2026-20437	232393	L017-OWPALT-024A	CNWH51363	1.0	0.0	0.0	Y	insufficient_balance			
MR-2026-04444	MAT-STE-2026-20444	232350	L017-OWPALT-030C	CNWH45292	1.0	0.0	0.0	Y	insufficient_balance			
MR-2026-04444	MAT-STE-2026-20444	232362	L017-OWPALT-039B	CNWH65812	3.0	2.0	0.0	Y	insufficient_balance			
MR-2026-04444	MAT-STE-2026-20444	232375	L017-OWPALT-024A	CNWH51363	3.0	6.0	0.0	N				
MR-2026-04444	MAT-STE-2026-20444	232375	L017-OWPALT-039B	CNWH65812	3.0	0.0	0.0	Y	insufficient_balance			
MR-2026-04444	MAT-STE-2026-20444	232398	L017-OWPALT-024A	CNWH62401	1.0	0.0	0.0	Y	insufficient_balance			
MR-2026-04444	MAT-STE-2026-20444	232399	L017-OWPALT-024A	CNWH51363	1.0	0.0	0.0	Y	insufficient_balance			
MR-2026-04445	MAT-STE-2026-20442	232350	L017-OWPALT-024A	CNWH51363	2.0	1.0	0.0	N				
MR-2026-04445	MAT-STE-2026-20442	232362	L017-OWPALT-024A	CNWH62401	3.0	0.0	0.0	N				
MR-2026-04445	MAT-STE-2026-20442	232374	L017-OWPALT-024A	CNWH51363	10.0	0.0	0.0	N				
MR-2026-04445	MAT-STE-2026-20442	232374	L017-OWPALT-024A	CNWH62401	10.0	0.0	5.0	N				
MR-2026-04445	MAT-STE-2026-20442	232375	L017-OWPALT-024A	CNWH62401	6.0	0.0	0.0	N				
MR-2026-04445	MAT-STE-2026-20442	232381	L017-OWPALT-024A	CNWH51363	4.0	2.0	0.0	N				
MR-2026-04445	MAT-STE-2026-20442	232381	L017-OWPALT-024A	CNWH62401	8.0	2.0	4.0	N				
MR-2026-04445	MAT-STE-2026-20442	232393	L017-OWPALT-024A	CNWH62401	1.0	0.0	1.0	N				
MR-2026-04445	MAT-STE-2026-20442	232398	L017-OWPALT-039B	CNWH65812	2.0	1.0	0.0	N				
MR-2026-04449	MAT-STE-2026-20687	301435	L009-OWSHEL-041E	CNWH54012	7.0	0.0	12.0	N				
MR-2026-04449	MAT-STE-2026-20687	301436	L009-OWSHEL-022C	CNWH66467	3.0	0.0	7.0	N				
MR-2026-04449	MAT-STE-2026-20687	301438	L009-OWSHEL-022C	CNWH66467	3.0	0.0	3.0	N				
MR-2026-04449	MAT-STE-2026-20687	301441	L009-OWSHEL-015C	CNWH42314	3.0	0.0	7.0	N				
MR-2026-04449	MAT-STE-2026-20687	301442	L009-OWSHEL-015C	CNWH43211	2.0	0.0	2.0	N				
MR-2026-04449	MAT-STE-2026-20687	301442	L009-OWSHEL-022C	CNWH66471	1.0	0.0	6.0	N				
MR-2026-04449	MAT-STE-2026-20687	301443	L009-OWSHEL-015C	CNWH43211	2.0	0.0	2.0	N				
MR-2026-04449	MAT-STE-2026-20687	301443	L009-OWSHEL-022C	CNWH66471	1.0	0.0	3.0	N				
MR-2026-04449	MAT-STE-2026-20687	301444	L009-OWSHEL-015C	CNWH43211	1.0	0.0	1.0	N				
MR-2026-04449	MAT-STE-2026-20687	301444	L009-OWSHEL-022C	CNWH66471	1.0	0.0	3.0	N				
MR-2026-04449	MAT-STE-2026-20687	301455	L009-OWSHEL-015C	CNWH43211	2.0	0.0	3.0	N				
MR-2026-04449	MAT-STE-2026-20687	301456	L009-OWSHEL-015C	CNWH43211	2.0	0.0	4.0	N				
MR-2026-04449	MAT-STE-2026-20687	301466	L009-OWSHEL-035B	CNWH60202	2.0	0.0	9.0	N				
MR-2026-04449	MAT-STE-2026-20687	301467	L009-OWSHEL-035B	CNWH60202	2.0	0.0	4.0	N				
MR-2026-04449	MAT-STE-2026-20687	301470	L016-OWPALT-007B	CNWH54615	2.0	0.0	24.0	N				
MR-2026-04449	MAT-STE-2026-20687	301471	L009-OWSHEL-016D	CNWH66435	2.0	0.0	0.0	N				
MR-2026-04449	MAT-STE-2026-20687	301472	L009-OWSHEL-016D	CNWH66435	1.0	0.0	1.0	N				
MR-2026-04449	MAT-STE-2026-20687	301472	L009-OWSHEL-016D	CNWH66442	1.0	0.0	4.0	N				
MR-2026-04449	MAT-STE-2026-20687	301473	L009-OWSHEL-016D	CNWH66435	2.0	0.0	1.0	N				
MR-2026-04449	MAT-STE-2026-20687	301474	L009-OWSHEL-016D	CNWH66435	2.0	0.0	4.0	N				
MR-2026-04449	MAT-STE-2026-20687	301475	L009-OWSHEL-016D	CNWH66435	2.0	0.0	0.0	N				
MR-2026-04449	MAT-STE-2026-20687	301477	L009-OWSHEL-035B	CNWH60202	2.0	0.0	3.0	N				
MR-2026-04449	MAT-STE-2026-20687	301479	L016-OWPALT-040A	CNWH64785	1.0	0.0	1.0	N				
MR-2026-04449	MAT-STE-2026-20687	301480	L009-OWSHEL-044E	CNWH65019	2.0	1.0	2.0	N				
MR-2026-04449	MAT-STE-2026-20687	301481	L009-OWSHEL-044E	CNWH64411	2.0	1.0	1.0	N				
MR-2026-04449	MAT-STE-2026-20687	301496	L009-OWSHEL-015C	CNWH42314	2.0	0.0	2.0	N				
MR-2026-04449	MAT-STE-2026-20687	301501	L009-OWSHEL-015C	CNWH41108	1.0	0.0	4.0	N				
MR-2026-04449	MAT-STE-2026-20687	301501	L009-OWSHEL-015C	CNWH42314	1.0	0.0	1.0	N				
MR-2026-04449	MAT-STE-2026-20687	301502	L009-OWSHEL-015C	CNWH41108	2.0	0.0	16.0	N				
MR-2026-04449	MAT-STE-2026-20687	301503	L009-OWSHEL-015C	CNWH41108	1.0	0.0	1.0	N				
MR-2026-04449	MAT-STE-2026-20687	301503	L009-OWSHEL-022C	CNWH66431	1.0	2.0	0.0	N				
MR-2026-04449	MAT-STE-2026-20687	301504	L009-OWSHEL-015C	CNWH41108	2.0	0.0	10.0	N				
MR-2026-04449	MAT-STE-2026-20687	301507	L009-OWSHEL-015C	CNWH42314	2.0	1.0	1.0	N				
MR-2026-04449	MAT-STE-2026-20687	301513	L009-OWSHEL-016D	CNWH66442	1.0	0.0	1.0	N				
MR-2026-04449	MAT-STE-2026-20687	301514	L009-OWSHEL-007F	CNWH57834	2.0	0.0	2.0	N				
MR-2026-04449	MAT-STE-2026-20687	301515	L016-OWPALT-040A	CNWH64785	1.0	0.0	1.0	N				
MR-2026-04449	MAT-STE-2026-20687	301516	L009-OWSHEL-007F	CNWH57834	1.0	0.0	1.0	N				
MR-2026-04449	MAT-STE-2026-20687	301543	L009-OWSHEL-016D	CNWH66442	2.0	0.0	3.0	N				
MR-2026-04449	MAT-STE-2026-20687	301544	L009-OWSHEL-016D	CNWH52980	2.0	0.0	3.0	N				
MR-2026-04449	MAT-STE-2026-20687	301545	L009-OWSHEL-016D	CNWH52980	1.0	0.0	1.0	N				
MR-2026-04449	MAT-STE-2026-20687	301545	L016-OWPALT-040A	CNWH64785	1.0	0.0	1.0	N				
MR-2026-04449	MAT-STE-2026-20687	301546	L009-OWSHEL-016D	CNWH52980	1.0	0.0	3.0	N				
MR-2026-04449	MAT-STE-2026-20687	301546	L009-OWSHEL-016D	CNWH66442	1.0	0.0	2.0	N				
MR-2026-04449	MAT-STE-2026-20687	301547	L009-OWSHEL-016D	CNWH52980	1.0	0.0	1.0	N				
MR-2026-04449	MAT-STE-2026-20687	301547	L009-OWSHEL-016D	CNWH66468	1.0	0.0	1.0	N				
MR-2026-04449	MAT-STE-2026-20687	301549	L009-OWSHEL-016D	CNWH66442	2.0	0.0	6.0	N				
MR-2026-04449	MAT-STE-2026-20687	301550	L009-OWSHEL-016D	CNWH66442	2.0	0.0	9.0	N				
MR-2026-04449	MAT-STE-2026-20687	301551	L009-OWSHEL-016D	CNWH66442	2.0	0.0	5.0	N				
MR-2026-04449	MAT-STE-2026-20687	301552	L009-OWSHEL-016D	CNWH66442	2.0	0.0	2.0	N				
MR-2026-04449	MAT-STE-2026-20687	301553	L009-OWSHEL-016D	CNWH66442	2.0	0.0	2.0	N				
MR-2026-04656	MAT-STE-2026-21247	321985	B004-OWSHEL-001A	CNWH63773	1.0	0.0	1.0	N				
MR-2026-04656	MAT-STE-2026-21247	321986	B003-OWSHEL-026B	CNWH60706	2.0	0.0	3.0	N				
MR-2026-04656	MAT-STE-2026-21247	321988	B004-OWSHEL-001A	CNWH63778	1.0	0.0	0.0	Y	insufficient_balance			
MR-2026-04656	MAT-STE-2026-21247	322047	B004-OWSHEL-026B	CNWH64233	1.0	0.0	0.0	Y	insufficient_balance			
MR-2026-04656	MAT-STE-2026-21247	322071	B004-OWSHEL-002B	CNWH63998	2.0	0.0	2.0	N				
MR-2026-04656	MAT-STE-2026-21247	322082	B004-OWSHEL-026B	CNWH64193	1.0	0.0	3.0	N				
MR-2026-04657	MAT-STE-2026-21246	321992	B005-OWSHEL-036A	CNWH63956	2.0	0.0	3.0	N				
MR-2026-04657	MAT-STE-2026-21246	321993	B005-OWSHEL-036A	CNWH63956	1.0	0.0	2.0	N				
MR-2026-04657	MAT-STE-2026-21246	321994	B005-OWSHEL-002B	CNWH63961	1.0	0.0	2.0	N				
MR-2026-04657	MAT-STE-2026-21246	322023	B004-OWSHEL-025A	CNWH64227	1.0	0.0	2.0	N				
MR-2026-04657	MAT-STE-2026-21246	322023	B005-OWSHEL-002B	CNWH63893	3.0	0.0	2.0	Y	insufficient_balance			
MR-2026-04657	MAT-STE-2026-21246	322027	B004-OWSHEL-002B	CNWH63729	1.0	0.0	2.0	N				
MR-2026-04657	MAT-STE-2026-21246	322028	B004-OWSHEL-002B	CNWH63731	2.0	0.0	2.0	N				
MR-2026-04657	MAT-STE-2026-21246	322039	B004-OWSHEL-025A	CNWH63753	2.0	0.0	1.0	Y	insufficient_balance			
MR-2026-04657	MAT-STE-2026-21246	322059	B002-OWSHEL-001A	CNWH64164	1.0	0.0	1.0	N				
MR-2026-04657	MAT-STE-2026-21246	322081	B003-OWSHEL-001A	CNWH63826	1.0	0.0	1.0	N				
MR-2026-04658	MAT-STE-2026-21245	321981	B002-OWSHEL-014B	CNWH63805	1.0	0.0	2.0	N				
MR-2026-04658	MAT-STE-2026-21245	321986	B004-OWSHEL-001A	CNWH63780	1.0	0.0	3.0	N				
MR-2026-04658	MAT-STE-2026-21245	321987	B004-OWSHEL-001A	CNWH63780	1.0	0.0	3.0	N				
MR-2026-04658	MAT-STE-2026-21245	321988	B004-OWSHEL-001A	CNWH63776	2.0	0.0	0.0	Y	insufficient_balance			
MR-2026-04658	MAT-STE-2026-21245	321988	B004-OWSHEL-001A	CNWH63778	1.0	2.0	0.0	N				
MR-2026-04658	MAT-STE-2026-21245	321991	B005-OWSHEL-002B	CNWH63961	1.0	0.0	2.0	N				
MR-2026-04658	MAT-STE-2026-21245	321993	B005-OWSHEL-036A	CNWH63949	1.0	0.0	2.0	N				
MR-2026-04658	MAT-STE-2026-21245	321994	B005-OWSHEL-002B	CNWH63961	1.0	0.0	2.0	N				
MR-2026-04658	MAT-STE-2026-21245	322022	B004-OWSHEL-026B	CNWH63882	1.0	0.0	1.0	N				
MR-2026-04658	MAT-STE-2026-21245	322022	B004-OWSHEL-026B	CNWH64203	1.0	0.0	0.0	Y	insufficient_balance			
MR-2026-04658	MAT-STE-2026-21245	322022	B004-OWSHEL-026B	CNWH64233	3.0	5.0	0.0	N				
MR-2026-04658	MAT-STE-2026-21245	322023	B004-OWSHEL-026B	CNWH64213	1.0	0.0	0.0	Y	insufficient_balance			
MR-2026-04658	MAT-STE-2026-21245	322029	B004-OWSHEL-002B	CNWH63781	1.0	0.0	0.0	Y	insufficient_balance			
MR-2026-04658	MAT-STE-2026-21245	322040	B003-OWSHEL-025A	CNWH63783	2.0	0.0	2.0	N				
MR-2026-04658	MAT-STE-2026-21245	322041	B003-OWSHEL-025A	CNWH63783	1.0	0.0	3.0	N				
MR-2026-04658	MAT-STE-2026-21245	322042	B003-OWSHEL-025A	CNWH63735	1.0	0.0	1.0	N				
MR-2026-04658	MAT-STE-2026-21245	322042	B003-OWSHEL-025A	CNWH63783	2.0	0.0	1.0	Y	insufficient_balance			
MR-2026-04658	MAT-STE-2026-21245	322042	B004-OWSHEL-025A	CNWH63738	1.0	2.0	0.0	N				
MR-2026-04658	MAT-STE-2026-21245	322058	B005-OWSHEL-036A	CNWH63949	2.0	0.0	2.0	N				
MR-2026-04658	MAT-STE-2026-21245	322058	B005-OWSHEL-036A	CNWH64037	2.0	0.0	2.0	N				
MR-2026-04658	MAT-STE-2026-21245	322070	B004-OWSHEL-002B	CNWH63979	2.0	0.0	2.0	N				
MR-2026-04658	MAT-STE-2026-21245	322071	B004-OWSHEL-002B	CNWH63979	2.0	0.0	2.0	N				
MR-2026-04658	MAT-STE-2026-21245	322072	B004-OWSHEL-002B	CNWH63979	1.0	0.0	0.0	Y	insufficient_balance			
MR-2026-04658	MAT-STE-2026-21245	322082	B003-OWSHEL-001A	CNWH63821	3.0	0.0	3.0	N				
MR-2026-04658	MAT-STE-2026-21245	322082	B003-OWSHEL-001A	CNWH63826	1.0	0.0	3.0	N				
MR-2026-04658	MAT-STE-2026-21245	322083	B003-OWSHEL-001A	CNWH63825	1.0	0.0	3.0	N				
MR-2026-04658	MAT-STE-2026-21245	322083	B003-OWSHEL-001A	CNWH63826	3.0	0.0	3.0	N				
MR-2026-04659	MAT-STE-2026-21244	321981	B003-OWSHEL-025A	CNWH63766	2.0	0.0	0.0	Y	insufficient_balance			
MR-2026-04659	MAT-STE-2026-21244	321993	B005-OWSHEL-036A	CNWH63956	1.0	0.0	2.0	N				
MR-2026-04659	MAT-STE-2026-21244	322022	B004-OWSHEL-025A	CNWH64227	1.0	0.0	1.0	N				
MR-2026-04659	MAT-STE-2026-21244	322024	B004-OWSHEL-002B	CNWH63880	1.0	0.0	1.0	N				
MR-2026-04659	MAT-STE-2026-21244	322027	B004-OWSHEL-001A	CNWH63770	1.0	0.0	1.0	N				
MR-2026-04659	MAT-STE-2026-21244	322027	B004-OWSHEL-002B	CNWH63729	2.0	1.0	2.0	N				
MR-2026-04659	MAT-STE-2026-21244	322028	B004-OWSHEL-002B	CNWH63729	1.0	0.0	1.0	N				
MR-2026-04659	MAT-STE-2026-21244	322028	B004-OWSHEL-002B	CNWH63731	1.0	0.0	2.0	N				
MR-2026-04659	MAT-STE-2026-21244	322028	B004-OWSHEL-027C	CNWH63874	1.0	2.0	0.0	N				
MR-2026-04659	MAT-STE-2026-21244	322029	B004-OWSHEL-026B	CNWH64203	2.0	0.0	1.0	Y	insufficient_balance			
MR-2026-04659	MAT-STE-2026-21244	322042	B004-OWSHEL-025A	CNWH63754	1.0	0.0	3.0	N				
MR-2026-04659	MAT-STE-2026-21244	322058	B005-OWSHEL-036A	CNWH63949	1.0	0.0	2.0	N				
MR-2026-04659	MAT-STE-2026-21244	322059	B005-OWSHEL-036A	CNWH63956	1.0	0.0	0.0	Y	insufficient_balance			
MR-2026-04659	MAT-STE-2026-21244	322082	B002-OWSHEL-013A	CNWH63836	3.0	0.0	2.0	Y	insufficient_balance			
MR-2026-04659	MAT-STE-2026-21244	322084	B002-OWSHEL-013A	CNWH63819	1.0	0.0	3.0	N				
MR-2026-04660	MAT-STE-2026-21468	321981	B002-OWSHEL-014B	CNWH63805	2.0	0.0	2.0	N				
MR-2026-04660	MAT-STE-2026-21468	321987	B004-OWSHEL-001A	CNWH63777	1.0	0.0	3.0	N				
MR-2026-04660	MAT-STE-2026-21468	321992	B005-OWSHEL-002B	CNWH63961	4.0	1.0	5.0	N				
MR-2026-04660	MAT-STE-2026-21468	321993	B005-OWSHEL-036A	CNWH63956	1.0	0.0	2.0	N				
MR-2026-04660	MAT-STE-2026-21468	322023	B004-OWSHEL-026B	CNWH63882	1.0	0.0	2.0	N				
MR-2026-04660	MAT-STE-2026-21468	322024	B004-OWSHEL-027C	CNWH64231	2.0	0.0	4.0	N				
MR-2026-04660	MAT-STE-2026-21468	322027	B004-OWSHEL-001A	CNWH63770	1.0	0.0	1.0	N				
MR-2026-04660	MAT-STE-2026-21468	322047	B005-OWSHEL-002B	CNWH63893	1.0	0.0	1.0	N				
MR-2026-04660	MAT-STE-2026-21468	322047	B005-OWSHEL-036A	CNWH64239	1.0	2.0	2.0	N				
MR-2026-04660	MAT-STE-2026-21468	322070	B004-OWSHEL-002B	CNWH63979	1.0	0.0	2.0	N				
MR-2026-04660	MAT-STE-2026-21468	322071	B003-OWSHEL-025A	CNWH63999	1.0	0.0	0.0	Y	insufficient_balance			
MR-2026-04660	MAT-STE-2026-21468	322071	B004-OWSHEL-002B	CNWH63979	1.0	0.0	2.0	N				
MR-2026-04660	MAT-STE-2026-21468	322071	B004-OWSHEL-027C	CNWH63881	1.0	0.0	1.0	N				
MR-2026-04660	MAT-STE-2026-21468	322072	B004-OWSHEL-027C	CNWH63881	1.0	0.0	0.0	Y	insufficient_balance			
MR-2026-04660	MAT-STE-2026-21468	322083	B003-OWSHEL-001A	CNWH63818	1.0	0.0	6.0	N				
MR-2026-04660	MAT-STE-2026-21468	322084	B003-OWSHEL-001A	CNWH63818	3.0	0.0	4.0	N				
MR-2026-04661	MAT-STE-2026-21469	321981	B002-OWSHEL-014B	CNWH63805	1.0	0.0	2.0	N				
MR-2026-04661	MAT-STE-2026-21469	321988	B004-OWSHEL-001A	CNWH63779	1.0	0.0	1.0	N				
MR-2026-04661	MAT-STE-2026-21469	321993	B005-OWSHEL-036A	CNWH64234	1.0	0.0	0.0	Y	insufficient_balance			
MR-2026-04661	MAT-STE-2026-21469	321993	B005-OWSHEL-036A	CNWH64239	1.0	0.0	0.0	Y	insufficient_balance			
MR-2026-04661	MAT-STE-2026-21469	322023	B004-OWSHEL-027C	CNWH64231	1.0	0.0	2.0	N				
MR-2026-04661	MAT-STE-2026-21469	322042	B004-OWSHEL-026B	CNWH64213	1.0	0.0	2.0	N				
MR-2026-04661	MAT-STE-2026-21469	322047	B005-OWSHEL-036A	CNWH64234	3.0	0.0	3.0	N				
MR-2026-04661	MAT-STE-2026-21469	322071	B003-OWSHEL-025A	CNWH63982	1.0	0.0	4.0	N				
MR-2026-04661	MAT-STE-2026-21469	322072	B003-OWSHEL-025A	CNWH63999	1.0	0.0	1.0	N				
MR-2026-04661	MAT-STE-2026-21469	322083	B002-OWSHEL-013A	CNWH63824	1.0	0.0	1.0	N				
MR-2026-04661	MAT-STE-2026-21469	322084	B002-OWSHEL-013A	CNWH63819	2.0	0.0	3.0	N				
MR-2026-04662	MAT-STE-2026-21243	321985	B004-OWSHEL-001A	CNWH63777	2.0	0.0	1.0	Y	insufficient_balance			
MR-2026-04662	MAT-STE-2026-21243	321985	B004-OWSHEL-001A	CNWH63778	1.0	2.0	0.0	N				
MR-2026-04662	MAT-STE-2026-21243	321993	B005-OWSHEL-036A	CNWH63949	1.0	0.0	2.0	N				
MR-2026-04662	MAT-STE-2026-21243	322041	B003-OWSHEL-025A	CNWH63783	1.0	0.0	3.0	N				
MR-2026-04662	MAT-STE-2026-21243	322083	B002-OWSHEL-013A	CNWH63819	2.0	0.0	3.0	N				
MR-2026-04662	MAT-STE-2026-21243	322084	B002-OWSHEL-013A	CNWH63819	1.0	0.0	3.0	N				
MR-2026-04663	MAT-STE-2026-21189	321992	B005-OWSHEL-002B	CNWH63960	1.0	0.0	0.0	Y	insufficient_balance			
MR-2026-04663	MAT-STE-2026-21189	322059	B005-OWSHEL-002B	CNWH64187	1.0	0.0	3.0	N				
MR-2026-04663	MAT-STE-2026-21189	322082	B004-OWSHEL-026B	CNWH64195	1.0	0.0	3.0	N				
MR-2026-04663	MAT-STE-2026-21189	322083	B004-OWSHEL-026B	CNWH64195	1.0	0.0	3.0	N				
MR-2026-04664	MAT-STE-2026-21242	321985	B004-OWSHEL-001A	CNWH63778	1.0	0.0	0.0	Y	insufficient_balance			
MR-2026-04664	MAT-STE-2026-21242	321992	B005-OWSHEL-002B	CNWH63960	2.0	0.0	0.0	Y	insufficient_balance			
MR-2026-04664	MAT-STE-2026-21242	322022	B004-OWSHEL-026B	CNWH64212	1.0	0.0	1.0	N				
MR-2026-04664	MAT-STE-2026-21242	322024	B004-OWSHEL-025A	CNWH64227	1.0	0.0	0.0	Y	insufficient_balance			
MR-2026-04665	MAT-STE-2026-21241	321981	B003-OWSHEL-025A	CNWH63785	2.0	0.0	3.0	N				
MR-2026-04665	MAT-STE-2026-21241	321985	B004-OWSHEL-001A	CNWH63779	1.0	0.0	1.0	N				
MR-2026-04665	MAT-STE-2026-21241	321985	B004-OWSHEL-001A	CNWH63780	1.0	0.0	1.0	N				
MR-2026-04665	MAT-STE-2026-21241	321986	B003-OWSHEL-025A	CNWH63766	1.0	0.0	1.0	N				
MR-2026-04665	MAT-STE-2026-21241	321993	B005-OWSHEL-036A	CNWH63949	1.0	0.0	2.0	N				
MR-2026-04665	MAT-STE-2026-21241	322023	B005-OWSHEL-003C	CNWH63883	1.0	0.0	2.0	N				
MR-2026-04665	MAT-STE-2026-21241	322024	B004-OWSHEL-026B	CNWH64233	1.0	0.0	1.0	N				
MR-2026-04665	MAT-STE-2026-21241	322024	B005-OWSHEL-002B	CNWH63893	1.0	0.0	2.0	N				
MR-2026-04665	MAT-STE-2026-21241	322047	B005-OWSHEL-003C	CNWH63883	1.0	0.0	1.0	N				
MR-2026-04665	MAT-STE-2026-21241	322058	B005-OWSHEL-003C	CNWH57151	1.0	0.0	0.0	Y	insufficient_balance			
MR-2026-04665	MAT-STE-2026-21241	322059	B005-OWSHEL-003C	CNWH57151	1.0	0.0	4.0	N				
MR-2026-04665	MAT-STE-2026-21241	322071	B003-OWSHEL-025A	CNWH63999	2.0	0.0	0.0	Y	insufficient_balance			
MR-2026-04665	MAT-STE-2026-21241	322081	B002-OWSHEL-013A	CNWH63828	1.0	0.0	1.0	N				
MR-2026-04666	MAT-STE-2026-21190	321988	B004-OWSHEL-002B	CNWH63775	3.0	0.0	2.0	Y	insufficient_balance			
MR-2026-04666	MAT-STE-2026-21190	321991	B004-OWSHEL-026B	CNWH64213	1.0	0.0	1.0	N				
MR-2026-04666	MAT-STE-2026-21190	322022	B004-OWSHEL-026B	CNWH64212	1.0	0.0	1.0	N				
MR-2026-04666	MAT-STE-2026-21190	322023	B004-OWSHEL-027C	CNWH64231	1.0	0.0	2.0	N				
MR-2026-04666	MAT-STE-2026-21190	322029	B004-OWSHEL-002B	CNWH63781	1.0	0.0	0.0	Y	insufficient_balance			
MR-2026-04666	MAT-STE-2026-21190	322058	B002-OWSHEL-001A	CNWH64164	1.0	0.0	1.0	N				
MR-2026-04666	MAT-STE-2026-21190	322059	B002-OWSHEL-001A	CNWH64164	2.0	0.0	1.0	Y	insufficient_balance			
MR-2026-04666	MAT-STE-2026-21190	322070	B003-OWSHEL-025A	CNWH63999	2.0	0.0	2.0	N				
MR-2026-04666	MAT-STE-2026-21190	322083	B002-OWSHEL-013A	CNWH63819	2.0	0.0	3.0	N				
MR-2026-04667	MAT-STE-2026-21598	263315	L003-OWPALT-049A	CNWH69296	1.0	0.0	0.0	Y	insufficient_balance			
MR-2026-04667	MAT-STE-2026-21598	263315	L006-OWPALT-001A	CNWH10911	1.0	0.0	1.0	N				
MR-2026-04667	MAT-STE-2026-21598	267358	L002-OWPALT-009A	CNWH56699	1.0	0.0	0.0	Y	insufficient_balance			
MR-2026-04667	MAT-STE-2026-21598	267358	L003-OWPALT-049A	CNWH05616	2.0	0.0	0.0	Y	insufficient_balance			
MR-2026-04667	MAT-STE-2026-21598	279306	L001-OWPALT-032A	CNWH69711	1.0	0.0	4.0	N				
MR-2026-04667	MAT-STE-2026-21598	287705	L001-OWPALT-025A	CNWH17979	1.0	0.0	1.0	N				
MR-2026-04667	MAT-STE-2026-21598	303910	L002-OWPALT-049A	CNWH49432	1.0	0.0	0.0	Y	insufficient_balance			
MR-2026-04667	MAT-STE-2026-21598	308311	L001-OWPALT-042B	CNWH43794	1.0	0.0	1.0	N				
MR-2026-04667	MAT-STE-2026-21598	312595	L001-OWPALT-065A	CNWH55406	1.0	0.0	2.0	N				
MR-2026-04667	MAT-STE-2026-21598	322769	L001-OWPALT-024A	CNWH69815	1.0	0.0	0.0	Y	insufficient_balance			
MR-2026-04667	MAT-STE-2026-21598	322770	L002-OWPALT-025A	CNWH59626	1.0	0.0	1.0	N				
MR-2026-04667	MAT-STE-2026-21598	324245	L003-OWPALT-017A	CNWH62844	1.0	0.0	1.0	N				
MR-2026-04668	MAT-STE-2026-21599	247775	L001-OWPALT-074B	CNWH61873	1.0	0.0	17.0	N				
MR-2026-04668	MAT-STE-2026-21599	247782	L001-OWPALT-032A	CNWH69723	1.0	0.0	0.0	Y	insufficient_balance			
MR-2026-04668	MAT-STE-2026-21599	267358	L003-OWPALT-031B	CNWH05674	1.0	0.0	0.0	Y	insufficient_balance			
MR-2026-04668	MAT-STE-2026-21599	267358	L003-OWPALT-031B	CNWH05676	1.0	0.0	0.0	Y	insufficient_balance			
MR-2026-04668	MAT-STE-2026-21599	267358	L003-OWPALT-056A	CNWH15146	1.0	0.0	0.0	Y	insufficient_balance			
MR-2026-04668	MAT-STE-2026-21599	279306	L001-OWPALT-032A	CNWH69711	1.0	0.0	4.0	N				
MR-2026-04668	MAT-STE-2026-21599	287699	L003-OWPALT-041A	CNWH18193	1.0	0.0	1.0	N				
MR-2026-04668	MAT-STE-2026-21599	306417	L001-OWPALT-032A	CNWH69723	1.0	0.0	2.0	N				
MR-2026-04668	MAT-STE-2026-21599	312595	L001-OWPALT-065A	CNWH55406	1.0	0.0	2.0	N				
MR-2026-04668	MAT-STE-2026-21599	320125	L001-OWPALT-057A	CNWH64587	4.0	6.0	2.0	N				
MR-2026-04668	MAT-STE-2026-21599	320125	L001-OWPALT-064A	CNWH64586	2.0	0.0	5.0	N				
MR-2026-04668	MAT-STE-2026-21599	320126	L001-OWPALT-080A	CNWH64533	2.0	0.0	8.0	N				
MR-2026-04668	MAT-STE-2026-21599	320127	L001-OWPALT-049A	CNWH67848	1.0	0.0	0.0	Y	insufficient_balance			
MR-2026-04668	MAT-STE-2026-21599	320127	L001-OWPALT-065A	CNWH63569	3.0	0.0	7.0	N				
MR-2026-04668	MAT-STE-2026-21599	320130	L001-OWPALT-057A	CNWH50788	2.0	0.0	3.0	N				
MR-2026-04668	MAT-STE-2026-21599	322769	L001-OWPALT-024A	CNWH69815	1.0	0.0	0.0	Y	insufficient_balance			
MR-2026-04668	MAT-STE-2026-21599	322769	L002-OWPALT-016A	CNWH60566	1.0	0.0	1.0	N				
MR-2026-04668	MAT-STE-2026-21599	322770	L002-OWPALT-033A	CNWH60585	1.0	0.0	1.0	N				
MR-2026-04668	MAT-STE-2026-21599	324245	L001-OWPALT-055B	CNWH62776	1.0	0.0	0.0	Y	insufficient_balance			
MR-2026-04668	MAT-STE-2026-21599	324245	L003-OWPALT-008A	CNWH62892	1.0	0.0	1.0	N				
MR-2026-04668	MAT-STE-2026-21599	324245	L003-OWPALT-008A	CNWH62899	1.0	0.0	1.0	N				
MR-2026-04668	MAT-STE-2026-21599	324245	L003-OWPALT-009A	CNWH62777	1.0	0.0	1.0	N				
MR-2026-04668	MAT-STE-2026-21599	324245	L003-OWPALT-009A	CNWH62954	1.0	0.0	1.0	N				
MR-2026-04668	MAT-STE-2026-21599	324245	L003-OWPALT-009A	CNWH62981	1.0	0.0	1.0	N				
MR-2026-04668	MAT-STE-2026-21599	324245	L003-OWPALT-048A	CNWH62851	1.0	0.0	1.0	N				
MR-2026-04669	MAT-STE-2026-21501	263315	L003-OWPALT-054C	CNWH69300	1.0	0.0	0.0	Y	insufficient_balance			
MR-2026-04669	MAT-STE-2026-21501	267358	L002-OWPALT-032A	CNWH25899	1.0	0.0	0.0	Y	insufficient_balance			
MR-2026-04669	MAT-STE-2026-21501	267358	L002-OWPALT-064A	CNWH05711	1.0	0.0	0.0	Y	insufficient_balance			
MR-2026-04669	MAT-STE-2026-21501	308315	L002-OWPALT-034B	CNWH44167	1.0	0.0	0.0	Y	insufficient_balance			
MR-2026-04669	MAT-STE-2026-21501	308315	L002-OWPALT-034B	CNWH62419	1.0	0.0	1.0	N				
MR-2026-04669	MAT-STE-2026-21501	308318	L001-OWPALT-060D	CNWH44212	1.0	0.0	1.0	N				
MR-2026-04669	MAT-STE-2026-21501	308318	L001-OWPALT-060D	CNWH44215	1.0	0.0	1.0	N				
MR-2026-04669	MAT-STE-2026-21501	320123	L001-OWPALT-048A	CNWH64517	2.0	0.0	7.0	N				
MR-2026-04669	MAT-STE-2026-21501	320125	L001-OWPALT-049A	CNWH63547	1.0	0.0	1.0	N				
MR-2026-04669	MAT-STE-2026-21501	320125	L001-OWPALT-069D	CNWH67896	1.0	0.0	1.0	N				
MR-2026-04669	MAT-STE-2026-21501	320126	L001-OWPALT-040A	CNWH64540	4.0	0.0	4.0	N				
MR-2026-04669	MAT-STE-2026-21501	320126	L001-OWPALT-075C	CNWH64527	1.0	0.0	7.0	N				
MR-2026-04669	MAT-STE-2026-21501	320126	L001-OWPALT-080A	CNWH64533	1.0	0.0	8.0	N				
MR-2026-04669	MAT-STE-2026-21501	320127	L001-OWPALT-075C	CNWH63556	4.0	0.0	7.0	N				
MR-2026-04669	MAT-STE-2026-21501	320128	L001-OWPALT-064A	CNWH63597	4.0	0.0	18.0	N				
MR-2026-04669	MAT-STE-2026-21501	322769	L001-OWPALT-067C	CNWH60543	1.0	0.0	1.0	N				
MR-2026-04669	MAT-STE-2026-21501	322769	L002-OWPALT-033A	CNWH60100	1.0	0.0	1.0	N				
MR-2026-04669	MAT-STE-2026-21501	322769	L002-OWPALT-041A	CNWH60144	1.0	0.0	1.0	N				
MR-2026-04669	MAT-STE-2026-21501	322770	L001-OWPALT-067C	CNWH60040	1.0	0.0	1.0	N				
MR-2026-04669	MAT-STE-2026-21501	322770	L001-OWPALT-067C	CNWH60543	1.0	0.0	1.0	N				
MR-2026-04669	MAT-STE-2026-21501	322770	L001-OWPALT-067C	CNWH67840	1.0	0.0	1.0	N				
MR-2026-04669	MAT-STE-2026-21501	322770	L002-OWPALT-033A	CNWH60100	1.0	0.0	1.0	N				
MR-2026-04669	MAT-STE-2026-21501	322770	L002-OWPALT-041A	CNWH60143	1.0	0.0	1.0	N				
MR-2026-04669	MAT-STE-2026-21501	322770	L002-OWPALT-041A	CNWH60146	1.0	0.0	1.0	N				
MR-2026-04669	MAT-STE-2026-21501	324245	L003-OWPALT-034B	CNWH62859	1.0	0.0	1.0	N				
MR-2026-04669	MAT-STE-2026-21501	324252	L003-OWPALT-057A	CNWH63519	1.0	0.0	1.0	N				
MR-2026-04670	MAT-STE-2026-21600	247782	L001-OWPALT-049A	CNWH12844	2.0	0.0	5.0	N				
MR-2026-04670	MAT-STE-2026-21600	247782	L001-OWPALT-071B	CNWH60756	2.0	4.0	0.0	N				
MR-2026-04670	MAT-STE-2026-21600	247787	L001-OWPALT-041A	CNWH42441	1.0	0.0	11.0	N				
MR-2026-04670	MAT-STE-2026-21600	263315	L001-OWPALT-051C	CNWH10839	1.0	0.0	0.0	Y	insufficient_balance			
MR-2026-04670	MAT-STE-2026-21600	263315	L003-OWPALT-063B	CNWH10877	1.0	0.0	1.0	N				
MR-2026-04670	MAT-STE-2026-21600	267358	L003-OWPALT-031B	CNWH05673	1.0	0.0	0.0	Y	insufficient_balance			
MR-2026-04670	MAT-STE-2026-21600	267358	L003-OWPALT-031B	CNWH05677	1.0	0.0	0.0	Y	insufficient_balance			
MR-2026-04670	MAT-STE-2026-21600	267358	L003-OWPALT-031B	CNWH05678	1.0	0.0	0.0	Y	insufficient_balance			
MR-2026-04670	MAT-STE-2026-21600	267358	L003-OWPALT-031B	CNWH15147	1.0	0.0	0.0	Y	insufficient_balance			
MR-2026-04670	MAT-STE-2026-21600	267358	L003-OWPALT-031B	CNWH15148	1.0	0.0	0.0	Y	insufficient_balance			
MR-2026-04670	MAT-STE-2026-21600	267358	L003-OWPALT-031B	CNWH15151	1.0	0.0	0.0	Y	insufficient_balance			
MR-2026-04670	MAT-STE-2026-21600	279306	L001-OWPALT-072A	CNWH12807	2.0	0.0	17.0	N				
MR-2026-04670	MAT-STE-2026-21600	287705	L001-OWPALT-016A	CNWH15987	1.0	0.0	1.0	N				
MR-2026-04670	MAT-STE-2026-21600	287705	L001-OWPALT-016A	CNWH15988	1.0	0.0	1.0	N				
MR-2026-04670	MAT-STE-2026-21600	287708	L003-OWPALT-041A	CNWH69271	1.0	0.0	1.0	N				
MR-2026-04670	MAT-STE-2026-21600	303910	L002-OWPALT-049A	CNWH49563	1.0	0.0	0.0	Y	insufficient_balance			
MR-2026-04670	MAT-STE-2026-21600	308318	L002-OWPALT-001A	CNWH67845	1.0	0.0	1.0	N				
MR-2026-04670	MAT-STE-2026-21600	308318	L003-OWPALT-041A	CNWH44297	1.0	0.0	1.0	N				
MR-2026-04670	MAT-STE-2026-21600	308318	L003-OWPALT-041A	CNWH44303	1.0	0.0	1.0	N				
MR-2026-04670	MAT-STE-2026-21600	320123	L001-OWPALT-048A	CNWH64517	2.0	0.0	7.0	N				
MR-2026-04670	MAT-STE-2026-21600	320125	L001-OWPALT-057A	CNWH64585	2.0	0.0	1.0	Y	insufficient_balance			
MR-2026-04670	MAT-STE-2026-21600	320125	L001-OWPALT-057A	CNWH64591	4.0	8.0	0.0	N				
MR-2026-04670	MAT-STE-2026-21600	320125	L001-OWPALT-064A	CNWH64575	6.0	0.0	7.0	N				
MR-2026-04670	MAT-STE-2026-21600	320126	L001-OWPALT-041A	CNWH64553	4.0	0.0	8.0	N				
MR-2026-04670	MAT-STE-2026-21600	320127	L001-OWPALT-048A	CNWH53203	2.0	0.0	3.0	N				
MR-2026-04670	MAT-STE-2026-21600	320128	L001-OWPALT-064A	CNWH63597	2.0	0.0	18.0	N				
MR-2026-04670	MAT-STE-2026-21600	320129	L001-OWPALT-057A	CNWH50788	2.0	0.0	5.0	N				
MR-2026-04670	MAT-STE-2026-21600	324245	L003-OWPALT-016A	CNWH62815	1.0	0.0	1.0	N				
MR-2026-04670	MAT-STE-2026-21600	324245	L003-OWPALT-016A	CNWH62997	1.0	0.0	1.0	N				
MR-2026-04670	MAT-STE-2026-21600	324250	L001-OWPALT-017A	CNWH63376	1.0	0.0	0.0	Y	insufficient_balance			
MR-2026-04672	MAT-STE-2026-21602	247782	L001-OWPALT-071B	CNWH60756	1.0	0.0	0.0	Y	insufficient_balance			
MR-2026-04672	MAT-STE-2026-21602	247785	L001-OWPALT-072A	CNWH15443	1.0	0.0	16.0	N				
MR-2026-04672	MAT-STE-2026-21602	247788	L001-OWPALT-071B	CNWH27072	1.0	0.0	18.0	N				
MR-2026-04672	MAT-STE-2026-21602	267358	L002-OWPALT-010B	CNWH05636	1.0	0.0	0.0	Y	insufficient_balance			
MR-2026-04672	MAT-STE-2026-21602	267358	L002-OWPALT-010B	CNWH51081	1.0	0.0	0.0	Y	insufficient_balance			
MR-2026-04672	MAT-STE-2026-21602	267358	L002-OWPALT-016A	CNWH62428	1.0	0.0	0.0	Y	insufficient_balance			
MR-2026-04672	MAT-STE-2026-21602	267358	L002-OWPALT-026B	CNWH67858	1.0	0.0	0.0	Y	insufficient_balance			
MR-2026-04672	MAT-STE-2026-21602	267358	L002-OWPALT-058B	CNWH12695	1.0	0.0	0.0	Y	insufficient_balance			
MR-2026-04672	MAT-STE-2026-21602	267358	L002-OWPALT-058B	CNWH42249	1.0	0.0	0.0	Y	insufficient_balance			
MR-2026-04672	MAT-STE-2026-21602	267358	L002-OWPALT-058B	CNWH63602	1.0	0.0	0.0	Y	insufficient_balance			
MR-2026-04672	MAT-STE-2026-21602	267358	L003-OWPALT-051C	CNWH05685	1.0	0.0	0.0	Y	insufficient_balance			
MR-2026-04672	MAT-STE-2026-21602	287705	L001-OWPALT-016A	CNWH15935	1.0	0.0	0.0	Y	insufficient_balance			
MR-2026-04672	MAT-STE-2026-21602	287705	L001-OWPALT-016A	CNWH15937	1.0	0.0	0.0	Y	insufficient_balance			
MR-2026-04672	MAT-STE-2026-21602	306412	L001-OWPALT-064A	CNWH42242	2.0	0.0	19.0	N				
MR-2026-04672	MAT-STE-2026-21602	306417	L001-OWPALT-071B	CNWH42166	1.0	0.0	25.0	N				
MR-2026-04672	MAT-STE-2026-21602	308315	L002-OWPALT-034B	CNWH44169	1.0	0.0	1.0	N				
MR-2026-04672	MAT-STE-2026-21602	320123	L001-OWPALT-049A	CNWH64515	4.0	0.0	6.0	N				
MR-2026-04672	MAT-STE-2026-21602	320125	L001-OWPALT-065A	CNWH55406	1.0	0.0	0.0	Y	insufficient_balance			
MR-2026-04672	MAT-STE-2026-21602	320126	L001-OWPALT-041A	CNWH64553	4.0	0.0	8.0	N				
MR-2026-04672	MAT-STE-2026-21602	320126	L001-OWPALT-041A	CNWH64556	2.0	8.0	0.0	N				
MR-2026-04672	MAT-STE-2026-21602	320126	L001-OWPALT-041A	CNWH64562	6.0	4.0	4.0	N				
MR-2026-04672	MAT-STE-2026-21602	320127	L001-OWPALT-065A	CNWH63574	1.0	2.0	8.0	N				
MR-2026-04672	MAT-STE-2026-21602	320127	L001-OWPALT-065A	CNWH64589	1.0	0.0	0.0	Y	insufficient_balance			
MR-2026-04672	MAT-STE-2026-21602	320129	L001-OWPALT-040A	CNWH63609	1.0	0.0	23.0	N				
MR-2026-04672	MAT-STE-2026-21602	320130	L001-OWPALT-079B	CNWH63616	2.0	0.0	6.0	N				
MR-2026-04672	MAT-STE-2026-21602	322769	L003-OWPALT-050B	CNWH60557	1.0	0.0	1.0	N				
MR-2026-04672	MAT-STE-2026-21602	322769	L003-OWPALT-050B	CNWH60559	1.0	0.0	1.0	N				
MR-2026-04672	MAT-STE-2026-21602	324245	L003-OWPALT-016A	CNWH62818	3.0	0.0	1.0	Y	insufficient_balance			
MR-2026-04672	MAT-STE-2026-21602	324245	L003-OWPALT-017A	CNWH62739	1.0	0.0	1.0	N				
MR-2026-04672	MAT-STE-2026-21602	324249	L001-OWPALT-017A	CNWH63376	1.0	0.0	1.0	N				
MR-2026-04672	MAT-STE-2026-21602	324251	L003-OWPALT-015B	CNWH63505	1.0	0.0	1.0	N				
MR-2026-04672	MAT-STE-2026-21602	324251	L003-OWPALT-015B	CNWH63508	1.0	0.0	1.0	N				
MR-2026-04673	MAT-STE-2026-21603	247782	L001-OWPALT-071B	CNWH60756	3.0	0.0	0.0	N				
MR-2026-04673	MAT-STE-2026-21603	267358	L002-OWPALT-032A	CNWH05713	1.0	0.0	0.0	N				
MR-2026-04673	MAT-STE-2026-21603	287703	L002-OWPALT-064A	CNWH15895	1.0	0.0	1.0	N				
MR-2026-04673	MAT-STE-2026-21603	303910	L002-OWPALT-049A	CNWH49564	1.0	0.0	1.0	N				
MR-2026-04673	MAT-STE-2026-21603	303910	L002-OWPALT-049A	CNWH49565	1.0	0.0	1.0	N				
MR-2026-04673	MAT-STE-2026-21603	306412	L001-OWPALT-064A	CNWH42238	1.0	0.0	14.0	N				
MR-2026-04673	MAT-STE-2026-21603	312595	L001-OWPALT-065A	CNWH55406	2.0	5.0	2.0	N				
MR-2026-04673	MAT-STE-2026-21603	312595	L001-OWPALT-065A	CNWH64589	7.0	0.0	8.0	N				
MR-2026-04673	MAT-STE-2026-21603	320123	L001-OWPALT-048A	CNWH64518	2.0	0.0	7.0	N				
MR-2026-04673	MAT-STE-2026-21603	320125	L001-OWPALT-065A	CNWH64580	6.0	5.0	3.0	N				
MR-2026-04673	MAT-STE-2026-21603	320126	L001-OWPALT-041A	CNWH64538	2.0	0.0	4.0	N				
MR-2026-04673	MAT-STE-2026-21603	320126	L001-OWPALT-041A	CNWH64562	2.0	0.0	4.0	N				
MR-2026-04673	MAT-STE-2026-21603	320127	L001-OWPALT-065A	CNWH60147	4.0	0.0	5.0	N				
MR-2026-04673	MAT-STE-2026-21603	320128	L001-OWPALT-064A	CNWH63595	2.0	0.0	12.0	N				
MR-2026-04673	MAT-STE-2026-21603	320130	L001-OWPALT-079B	CNWH63616	1.0	0.0	6.0	N				
MR-2026-04673	MAT-STE-2026-21603	322769	L001-OWPALT-055B	CNWH60064	1.0	0.0	1.0	N				
MR-2026-04673	MAT-STE-2026-21603	324250	L001-OWPALT-017A	CNWH63374	1.0	0.0	0.0	N				
MR-2026-04674	MAT-STE-2026-21604	247775	L001-OWPALT-040A	CNWH12858	2.0	0.0	14.0	N				
MR-2026-04674	MAT-STE-2026-21604	247782	L001-OWPALT-049A	CNWH12844	9.0	3.0	5.0	Y	insufficient_balance			
MR-2026-04674	MAT-STE-2026-21604	247787	L001-OWPALT-041A	CNWH42441	1.0	0.0	11.0	N				
MR-2026-04674	MAT-STE-2026-21604	256098	L001-OWPALT-049A	CNWH15360	1.0	0.0	20.0	N				
MR-2026-04674	MAT-STE-2026-21604	263315	L001-OWPALT-033A	CNWH69814	1.0	0.0	0.0	Y	insufficient_balance			
MR-2026-04674	MAT-STE-2026-21604	263315	L006-OWPALT-001A	CNWH10905	1.0	0.0	1.0	N				
MR-2026-04674	MAT-STE-2026-21604	263315	L006-OWPALT-001A	CNWH10906	1.0	0.0	1.0	N				
MR-2026-04674	MAT-STE-2026-21604	267358	L002-OWPALT-032A	CNWH25896	1.0	0.0	0.0	Y	insufficient_balance			
MR-2026-04674	MAT-STE-2026-21604	269152	L001-OWPALT-041A	CNWH42441	2.0	0.0	7.0	N				
MR-2026-04674	MAT-STE-2026-21604	279306	L001-OWPALT-072A	CNWH12807	4.0	0.0	17.0	N				
MR-2026-04674	MAT-STE-2026-21604	303910	L002-OWPALT-049A	CNWH49561	1.0	0.0	0.0	Y	insufficient_balance			
MR-2026-04674	MAT-STE-2026-21604	320123	L001-OWPALT-048A	CNWH64519	1.0	0.0	10.0	N				
MR-2026-04674	MAT-STE-2026-21604	320125	L001-OWPALT-057A	CNWH64591	4.0	0.0	0.0	Y	insufficient_balance			
MR-2026-04674	MAT-STE-2026-21604	320126	L001-OWPALT-041A	CNWH64556	6.0	0.0	0.0	Y	insufficient_balance			
MR-2026-04674	MAT-STE-2026-21604	320127	L001-OWPALT-057A	CNWH67894	2.0	0.0	4.0	N				
MR-2026-04674	MAT-STE-2026-21604	320129	L001-OWPALT-057A	CNWH50788	1.0	0.0	5.0	N				
MR-2026-04674	MAT-STE-2026-21604	324245	L003-OWPALT-016A	CNWH62819	1.0	0.0	1.0	N				
MR-2026-04674	MAT-STE-2026-21604	324245	L003-OWPALT-016A	CNWH62820	1.0	0.0	1.0	N				
MR-2026-04674	MAT-STE-2026-21604	324245	L003-OWPALT-016A	CNWH62822	1.0	0.0	1.0	N				
MR-2026-04675	MAT-STE-2026-21191	247788	L001-OWPALT-071B	CNWH27072	1.0	0.0	18.0	N				
MR-2026-04675	MAT-STE-2026-21191	256097	L001-OWPALT-056A	CNWH15350	1.0	0.0	0.0	Y	insufficient_balance			
MR-2026-04675	MAT-STE-2026-21191	306412	L001-OWPALT-064A	CNWH42238	1.0	0.0	14.0	N				
MR-2026-04675	MAT-STE-2026-21191	312595	L001-OWPALT-065A	CNWH55406	1.0	0.0	2.0	N				
MR-2026-04675	MAT-STE-2026-21191	320125	L001-OWPALT-057A	CNWH64587	4.0	0.0	2.0	Y	insufficient_balance			
MR-2026-04675	MAT-STE-2026-21191	320126	L001-OWPALT-080A	CNWH64533	1.0	0.0	8.0	N				
MR-2026-04675	MAT-STE-2026-21191	320127	L001-OWPALT-065A	CNWH63569	2.0	0.0	7.0	N				
MR-2026-04675	MAT-STE-2026-21191	320130	L001-OWPALT-079B	CNWH63616	1.0	0.0	6.0	N				
MR-2026-04675	MAT-STE-2026-21191	324250	L006-OWPALT-056A	CNWH63395	1.0	0.0	1.0	N				
MR-2026-04676	MAT-STE-2026-21605	247780	L001-OWPALT-072A	CNWH42359	1.0	0.0	86.0	N				
MR-2026-04676	MAT-STE-2026-21605	247785	L001-OWPALT-072A	CNWH15443	2.0	0.0	16.0	N				
MR-2026-04676	MAT-STE-2026-21605	247788	L001-OWPALT-071B	CNWH27072	1.0	0.0	18.0	N				
MR-2026-04676	MAT-STE-2026-21605	267358	L002-OWPALT-051C	CNWH05700	1.0	0.0	0.0	N				
MR-2026-04676	MAT-STE-2026-21605	267358	L003-OWPALT-056A	CNWH15152	1.0	0.0	1.0	N				
MR-2026-04676	MAT-STE-2026-21605	267358	L003-OWPALT-056A	CNWH15153	1.0	0.0	1.0	N				
MR-2026-04676	MAT-STE-2026-21605	269151	L001-OWPALT-041A	CNWH15390	2.0	0.0	55.0	N				
MR-2026-04676	MAT-STE-2026-21605	306412	L001-OWPALT-064A	CNWH42238	4.0	0.0	14.0	N				
MR-2026-04676	MAT-STE-2026-21605	306417	L001-OWPALT-071B	CNWH42166	2.0	0.0	25.0	N				
MR-2026-04676	MAT-STE-2026-21605	320123	L001-OWPALT-048A	CNWH64518	1.0	0.0	7.0	N				
MR-2026-04676	MAT-STE-2026-21605	320124	L001-OWPALT-057A	CNWH50788	1.0	3.0	2.0	N				
MR-2026-04676	MAT-STE-2026-21605	320124	L001-OWPALT-069D	CNWH64588	2.0	0.0	2.0	N				
MR-2026-04676	MAT-STE-2026-21605	320125	L001-OWPALT-057A	CNWH64595	16.0	0.0	4.0	N				
MR-2026-04676	MAT-STE-2026-21605	320127	L001-OWPALT-065A	CNWH63574	2.0	0.0	8.0	N				
MR-2026-04676	MAT-STE-2026-21605	320129	L001-OWPALT-080A	CNWH63615	1.0	0.0	50.0	N				
MR-2026-04676	MAT-STE-2026-21605	322769	L001-OWPALT-039B	CNWH65365	1.0	0.0	0.0	N				
MR-2026-04676	MAT-STE-2026-21605	324250	L001-OWPALT-031B	CNWH63301	1.0	0.0	1.0	N				
MR-2026-04677	MAT-STE-2026-21502	247785	L001-OWPALT-077D	CNWH64502	2.0	0.0	20.0	N				
MR-2026-04677	MAT-STE-2026-21502	279306	L001-OWPALT-032A	CNWH69711	1.0	0.0	4.0	N				
MR-2026-04677	MAT-STE-2026-21502	303910	L002-OWPALT-049A	CNWH49562	1.0	0.0	0.0	Y	insufficient_balance			
MR-2026-04677	MAT-STE-2026-21502	303910	L002-OWPALT-049A	CNWH49568	1.0	0.0	1.0	N				
MR-2026-04677	MAT-STE-2026-21502	306417	L001-OWPALT-073A	CNWH42159	1.0	0.0	1.0	N				
MR-2026-04677	MAT-STE-2026-21502	312595	L001-OWPALT-065A	CNWH55406	2.0	0.0	2.0	N				
MR-2026-04677	MAT-STE-2026-21502	320123	L001-OWPALT-048A	CNWH64517	1.0	0.0	7.0	N				
MR-2026-04677	MAT-STE-2026-21502	320124	L001-OWPALT-057A	CNWH50788	5.0	0.0	2.0	Y	insufficient_balance			
MR-2026-04677	MAT-STE-2026-21502	320124	L001-OWPALT-064A	CNWH64575	1.0	4.0	0.0	N				
MR-2026-04677	MAT-STE-2026-21502	320126	L001-OWPALT-075C	CNWH64527	4.0	0.0	7.0	N				
MR-2026-04677	MAT-STE-2026-21502	320127	L001-OWPALT-048A	CNWH53203	2.0	0.0	3.0	N				
MR-2026-04677	MAT-STE-2026-21502	320129	L001-OWPALT-040A	CNWH63609	1.0	0.0	23.0	N				
MR-2026-04677	MAT-STE-2026-21502	320130	L001-OWPALT-057A	CNWH50788	1.0	0.0	3.0	N				
MR-2026-04677	MAT-STE-2026-21502	320130	L001-OWPALT-079B	CNWH63616	1.0	0.0	6.0	N				
MR-2026-04677	MAT-STE-2026-21502	322769	L002-OWPALT-017A	CNWH59600	1.0	0.0	1.0	N				
MR-2026-04677	MAT-STE-2026-21502	322770	L002-OWPALT-040A	CNWH60088	1.0	0.0	1.0	N				
MR-2026-04677	MAT-STE-2026-21502	322770	L002-OWPALT-040A	CNWH60089	1.0	0.0	1.0	N				
MR-2026-04677	MAT-STE-2026-21502	322770	L002-OWPALT-048A	CNWH62703	1.0	0.0	1.0	N				
MR-2026-04678	MAT-STE-2026-21192	247785	L001-OWPALT-077D	CNWH15442	3.0	0.0	20.0	N				
MR-2026-04678	MAT-STE-2026-21192	279306	L001-OWPALT-076D	CNWH63578	1.0	0.0	27.0	N				
MR-2026-04678	MAT-STE-2026-21192	306417	L001-OWPALT-032A	CNWH69723	1.0	0.0	2.0	N				
MR-2026-04678	MAT-STE-2026-21192	320123	L001-OWPALT-048A	CNWH64517	1.0	0.0	7.0	N				
MR-2026-04678	MAT-STE-2026-21192	320124	L001-OWPALT-064A	CNWH64575	1.0	0.0	0.0	Y	insufficient_balance			
MR-2026-04678	MAT-STE-2026-21192	320125	L001-OWPALT-064A	CNWH64586	4.0	0.0	5.0	N				
MR-2026-04678	MAT-STE-2026-21192	320126	L001-OWPALT-080A	CNWH64533	4.0	0.0	8.0	N				
MR-2026-04678	MAT-STE-2026-21192	320127	L001-OWPALT-065A	CNWH63569	4.0	0.0	7.0	N				
MR-2026-04678	MAT-STE-2026-21192	320129	L001-OWPALT-079B	CNWH63614	6.0	0.0	28.0	N				
MR-2026-04678	MAT-STE-2026-21192	322769	L006-OWPALT-039B	CNWH59589	1.0	0.0	1.0	N				
MR-2026-04678	MAT-STE-2026-21192	322769	L006-OWPALT-039B	CNWH59591	1.0	0.0	1.0	N				
MR-2026-04678	MAT-STE-2026-21192	322769	L006-OWPALT-039B	CNWH59592	1.0	0.0	1.0	N				
MR-2026-04678	MAT-STE-2026-21192	324250	L006-OWPALT-026B	CNWH63402	1.0	0.0	1.0	N				
MR-2026-04679	MAT-STE-2026-21698	264913	L015-OWPALT-022C	CNWH64788	3.0	1.0	0.0	N				
MR-2026-04679	MAT-STE-2026-21698	266017	L015-OWPALT-033A	CNWH64284	2.0	0.0	1.0	N				
MR-2026-04679	MAT-STE-2026-21698	266018	L008-OWSHEL-025A	CNWH46502	4.0	0.0	10.0	N				
MR-2026-04679	MAT-STE-2026-21698	266019	L008-OWSHEL-025A	CNWH46502	12.0	0.0	7.0	N				
MR-2026-04679	MAT-STE-2026-21698	266020	L015-OWPALT-023B	CNWH66143	1.0	0.0	2.0	N				
MR-2026-04679	MAT-STE-2026-21698	266020	L015-OWPALT-033A	CNWH64284	1.0	0.0	1.0	N				
MR-2026-04679	MAT-STE-2026-21698	266198	L008-OWSHEL-013A	CNWH26274	12.0	0.0	12.0	N				
MR-2026-04679	MAT-STE-2026-21698	266199	L008-OWSHEL-013A	CNWH26274	6.0	0.0	4.0	N				
MR-2026-04679	MAT-STE-2026-21698	268187	L015-OWPALT-040A	CNWH61302	2.0	0.0	3.0	N				
MR-2026-04679	MAT-STE-2026-21698	268188	L015-OWPALT-006C	CNWH69068	2.0	0.0	0.0	N				
MR-2026-04679	MAT-STE-2026-21698	272737	L015-OWPALT-051C	CNWH64255	1.0	0.0	2.0	N				
MR-2026-04679	MAT-STE-2026-21698	272738	L015-OWPALT-022C	CNWH69105	2.0	3.0	0.0	N				
MR-2026-04679	MAT-STE-2026-21698	272738	L015-OWPALT-051C	CNWH64255	2.0	0.0	2.0	N				
MR-2026-04679	MAT-STE-2026-21698	272739	L015-OWPALT-051C	CNWH64255	2.0	0.0	2.0	N				
MR-2026-04679	MAT-STE-2026-21698	272778	L015-OWPALT-051C	CNWH64255	1.0	0.0	2.0	N				
MR-2026-04679	MAT-STE-2026-21698	272778	L016-OWPALT-006C	CNWH50755	1.0	0.0	3.0	N				
MR-2026-04679	MAT-STE-2026-21698	272779	L015-OWPALT-051C	CNWH64255	1.0	0.0	2.0	N				
MR-2026-04679	MAT-STE-2026-21698	272793	L008-OWSHEL-015C	CNWH58956	1.0	0.0	1.0	N				
MR-2026-04679	MAT-STE-2026-21698	272793	L015-OWPALT-006C	CNWH69068	1.0	0.0	0.0	N				
MR-2026-04679	MAT-STE-2026-21698	272794	L008-OWSHEL-015C	CNWH58545	4.0	0.0	5.0	N				
MR-2026-04679	MAT-STE-2026-21698	272795	L008-OWSHEL-013A	CNWH04811	4.0	0.0	4.0	N				
MR-2026-04679	MAT-STE-2026-21698	272796	L008-OWSHEL-015C	CNWH58545	1.0	0.0	1.0	N				
MR-2026-04679	MAT-STE-2026-21698	272805	L015-OWPALT-009A	CNWH65926	2.0	0.0	2.0	N				
MR-2026-04679	MAT-STE-2026-21698	272806	L015-OWPALT-016A	CNWH06432	4.0	0.0	6.0	N				
MR-2026-04679	MAT-STE-2026-21698	272807	L015-OWPALT-009A	CNWH65926	2.0	0.0	3.0	N				
MR-2026-04679	MAT-STE-2026-21698	272807	L015-OWPALT-016A	CNWH06432	2.0	0.0	2.0	N				
MR-2026-04679	MAT-STE-2026-21698	273299	L008-OWSHEL-030F	CNWH65977	2.0	1.0	1.0	N				
MR-2026-04679	MAT-STE-2026-21698	273300	L008-OWSHEL-030F	CNWH65977	5.0	1.0	0.0	N				
MR-2026-04679	MAT-STE-2026-21698	273301	L008-OWSHEL-018F	CNWH58285	2.0	0.0	2.0	N				
MR-2026-04679	MAT-STE-2026-21698	273308	L015-OWPALT-041A	CNWH69169	3.0	2.0	2.0	N				
MR-2026-04679	MAT-STE-2026-21698	274247	L015-OWPALT-006C	CNWH69068	2.0	0.0	0.0	N				
MR-2026-04679	MAT-STE-2026-21698	274248	L015-OWPALT-006C	CNWH69068	4.0	0.0	3.0	N				
MR-2026-04679	MAT-STE-2026-21698	274249	L015-OWPALT-006C	CNWH69068	3.0	1.0	3.0	N				
MR-2026-04679	MAT-STE-2026-21698	283518	L015-OWPALT-055B	CNWH61305	2.0	0.0	4.0	N				
MR-2026-04679	MAT-STE-2026-21698	283519	L015-OWPALT-055B	CNWH61305	3.0	0.0	7.0	N				
MR-2026-04679	MAT-STE-2026-21698	283520	L015-OWPALT-055B	CNWH61305	2.0	0.0	5.0	N				
MR-2026-04679	MAT-STE-2026-21698	283521	L015-OWPALT-055B	CNWH61305	2.0	0.0	4.0	N				
MR-2026-04679	MAT-STE-2026-21698	286376	L015-OWPALT-034B	CNWH61414	1.0	0.0	1.0	N				
MR-2026-04679	MAT-STE-2026-21698	286377	L015-OWPALT-030C	CNWH66200	2.0	0.0	2.0	N				
MR-2026-04679	MAT-STE-2026-21698	286378	L015-OWPALT-032A	CNWH61907	1.0	0.0	1.0	N				
MR-2026-04679	MAT-STE-2026-21698	286392	L015-OWPALT-006C	CNWH69115	1.0	0.0	1.0	N				
MR-2026-04679	MAT-STE-2026-21698	286393	L008-OWSHEL-018F	CNWH55889	1.0	0.0	1.0	N				
MR-2026-04679	MAT-STE-2026-21698	286393	L015-OWPALT-006C	CNWH69115	3.0	0.0	1.0	N				
MR-2026-04679	MAT-STE-2026-21698	286394	L008-OWSHEL-018F	CNWH62359	1.0	2.0	0.0	N				
MR-2026-04679	MAT-STE-2026-21698	286394	L015-OWPALT-006C	CNWH69115	1.0	0.0	0.0	N				
MR-2026-04679	MAT-STE-2026-21698	286396	L016-OWPALT-006C	CNWH54352	1.0	0.0	1.0	N				
MR-2026-04679	MAT-STE-2026-21698	286397	L016-OWPALT-006C	CNWH54352	2.0	0.0	2.0	N				
MR-2026-04679	MAT-STE-2026-21698	286398	L016-OWPALT-006C	CNWH54352	2.0	0.0	2.0	N				
MR-2026-04679	MAT-STE-2026-21698	286602	L008-OWSHEL-030F	CNWH62480	5.0	3.0	3.0	N				
MR-2026-04679	MAT-STE-2026-21698	286603	L008-OWSHEL-030F	CNWH62480	9.0	3.0	3.0	N				
MR-2026-04679	MAT-STE-2026-21698	286781	L015-OWPALT-055B	CNWH61305	2.0	1.0	1.0	N				
MR-2026-04679	MAT-STE-2026-21698	286782	L015-OWPALT-055B	CNWH61305	2.0	1.0	1.0	N				
MR-2026-04679	MAT-STE-2026-21698	286785	L015-OWPALT-055B	CNWH61305	2.0	0.0	2.0	N				
MR-2026-04679	MAT-STE-2026-21698	286786	L015-OWPALT-055B	CNWH61305	3.0	0.0	3.0	N				
MR-2026-04679	MAT-STE-2026-21698	286789	L015-OWPALT-007B	CNWH68429	1.0	0.0	1.0	N				
MR-2026-04679	MAT-STE-2026-21698	286789	L015-OWPALT-041A	CNWH68209	1.0	0.0	1.0	N				
MR-2026-04679	MAT-STE-2026-21698	286797	L015-OWPALT-007B	CNWH68429	2.0	1.0	1.0	N				
MR-2026-04679	MAT-STE-2026-21698	286798	L015-OWPALT-007B	CNWH68429	3.0	0.0	3.0	N				
MR-2026-04679	MAT-STE-2026-21698	287409	L015-OWPALT-041A	CNWH69170	1.0	0.0	1.0	N				
MR-2026-04679	MAT-STE-2026-21698	287428	L015-OWPALT-051C	CNWH68850	1.0	0.0	1.0	N				
MR-2026-04679	MAT-STE-2026-21698	287429	L015-OWPALT-051C	CNWH68850	3.0	0.0	4.0	N				
MR-2026-04679	MAT-STE-2026-21698	287431	L016-OWPALT-006C	CNWH54352	1.0	0.0	1.0	N				
MR-2026-04679	MAT-STE-2026-21698	287656	L015-OWPALT-032A	CNWH66182	1.0	0.0	3.0	N				
MR-2026-04679	MAT-STE-2026-21698	287657	L015-OWPALT-032A	CNWH66182	1.0	0.0	7.0	N				
MR-2026-04679	MAT-STE-2026-21698	287658	L015-OWPALT-032A	CNWH66182	3.0	0.0	7.0	N				
MR-2026-04679	MAT-STE-2026-21698	287659	L015-OWPALT-032A	CNWH66182	1.0	0.0	2.0	N				
MR-2026-04680	MAT-STE-2026-21699	266017	L008-OWSHEL-005E	CNWH58474	1.0	0.0	2.0	N				
MR-2026-04680	MAT-STE-2026-21699	266017	L008-OWSHEL-019F	CNWH46946	1.0	0.0	1.0	N				
MR-2026-04680	MAT-STE-2026-21699	266018	L008-OWSHEL-005E	CNWH58474	2.0	0.0	3.0	N				
MR-2026-04680	MAT-STE-2026-21699	266018	L008-OWSHEL-019F	CNWH46946	2.0	0.0	2.0	N				
MR-2026-04680	MAT-STE-2026-21699	266019	L008-OWSHEL-005E	CNWH58474	2.0	0.0	2.0	N				
MR-2026-04680	MAT-STE-2026-21699	266019	L008-OWSHEL-015C	CNWH58956	1.0	0.0	1.0	N				
MR-2026-04680	MAT-STE-2026-21699	266019	L015-OWPALT-049A	CNWH43104	1.0	0.0	5.0	N				
MR-2026-04680	MAT-STE-2026-21699	266020	L008-OWSHEL-015C	CNWH58193	1.0	0.0	1.0	N				
MR-2026-04680	MAT-STE-2026-21699	266020	L015-OWPALT-023B	CNWH66143	1.0	0.0	2.0	N				
MR-2026-04680	MAT-STE-2026-21699	266198	L008-OWSHEL-013A	CNWH26274	4.0	0.0	12.0	N				
MR-2026-04680	MAT-STE-2026-21699	266199	L008-OWSHEL-013A	CNWH26274	2.0	0.0	4.0	N				
MR-2026-04680	MAT-STE-2026-21699	268186	L008-OWSHEL-005E	CNWH58474	1.0	0.0	1.0	N				
MR-2026-04680	MAT-STE-2026-21699	268186	L008-OWSHEL-008E	CNWH55821	1.0	0.0	4.0	N				
MR-2026-04680	MAT-STE-2026-21699	268187	L008-OWSHEL-008E	CNWH55821	4.0	0.0	4.0	N				
MR-2026-04680	MAT-STE-2026-21699	268188	L008-OWSHEL-008E	CNWH55821	4.0	0.0	4.0	N				
MR-2026-04680	MAT-STE-2026-21699	272793	L008-OWSHEL-018F	CNWH55889	1.0	0.0	1.0	N				
MR-2026-04680	MAT-STE-2026-21699	272793	L015-OWPALT-032A	CNWH61907	1.0	0.0	1.0	N				
MR-2026-04680	MAT-STE-2026-21699	272794	L008-OWSHEL-005E	CNWH58474	1.0	0.0	1.0	N				
MR-2026-04680	MAT-STE-2026-21699	272794	L008-OWSHEL-013A	CNWH04811	2.0	0.0	2.0	N				
MR-2026-04680	MAT-STE-2026-21699	272794	L008-OWSHEL-015C	CNWH58956	1.0	0.0	2.0	N				
MR-2026-04680	MAT-STE-2026-21699	272795	L008-OWSHEL-015C	CNWH58545	1.0	0.0	1.0	N				
MR-2026-04680	MAT-STE-2026-21699	272795	L016-OWPALT-003C	CNWH52738	3.0	0.0	7.0	N				
MR-2026-04680	MAT-STE-2026-21699	272796	L008-OWSHEL-018F	CNWH55889	1.0	0.0	1.0	N				
MR-2026-04680	MAT-STE-2026-21699	272805	L008-OWSHEL-008E	CNWH50884	2.0	0.0	3.0	N				
MR-2026-04680	MAT-STE-2026-21699	272806	L008-OWSHEL-008E	CNWH50884	3.0	0.0	10.0	N				
MR-2026-04680	MAT-STE-2026-21699	272806	L015-OWPALT-032A	CNWH27149	1.0	0.0	2.0	N				
MR-2026-04680	MAT-STE-2026-21699	272807	L008-OWSHEL-005E	CNWH58474	1.0	0.0	1.0	N				
MR-2026-04680	MAT-STE-2026-21699	272807	L008-OWSHEL-008E	CNWH50884	3.0	0.0	6.0	N				
MR-2026-04680	MAT-STE-2026-21699	272808	L015-OWPALT-032A	CNWH27149	1.0	0.0	1.0	N				
MR-2026-04680	MAT-STE-2026-21699	274247	L008-OWSHEL-018F	CNWH55889	2.0	0.0	2.0	N				
MR-2026-04680	MAT-STE-2026-21699	274248	L008-OWSHEL-005E	CNWH58474	2.0	0.0	3.0	N				
MR-2026-04680	MAT-STE-2026-21699	274248	L008-OWSHEL-018F	CNWH55889	1.0	0.0	2.0	N				
MR-2026-04680	MAT-STE-2026-21699	274248	L008-OWSHEL-019F	CNWH46946	1.0	0.0	1.0	N				
MR-2026-04680	MAT-STE-2026-21699	274249	L008-OWSHEL-018F	CNWH55889	2.0	0.0	2.0	N				
MR-2026-04680	MAT-STE-2026-21699	286393	L015-OWPALT-051C	CNWH47004	1.0	0.0	1.0	N				
MR-2026-04680	MAT-STE-2026-21699	286394	L008-OWSHEL-018F	CNWH62359	1.0	0.0	0.0	Y	insufficient_balance			
MR-2026-04680	MAT-STE-2026-21699	286408	L008-OWSHEL-008E	CNWH58962	2.0	0.0	2.0	N				
MR-2026-04680	MAT-STE-2026-21699	286409	L008-OWSHEL-006F	CNWH57363	1.0	0.0	1.0	N				
MR-2026-04680	MAT-STE-2026-21699	286409	L008-OWSHEL-008E	CNWH58962	2.0	0.0	4.0	N				
MR-2026-04680	MAT-STE-2026-21699	286410	L008-OWSHEL-008E	CNWH58962	1.0	0.0	1.0	N				
MR-2026-04680	MAT-STE-2026-21699	286410	L008-OWSHEL-015C	CNWH58956	1.0	0.0	2.0	N				
MR-2026-04680	MAT-STE-2026-21699	287416	L016-OWPALT-006C	CNWH54352	1.0	0.0	1.0	N				
MR-2026-04680	MAT-STE-2026-21699	287417	L016-OWPALT-006C	CNWH54352	4.0	0.0	4.0	N				
MR-2026-04680	MAT-STE-2026-21699	287418	L016-OWPALT-006C	CNWH54352	2.0	0.0	2.0	N				
MR-2026-04699	MAT-STE-2026-21656	239439	L015-OWPALT-049A	CNWH52430	2.0	1.0	1.0	N				
MR-2026-04699	MAT-STE-2026-21656	239441	L015-OWPALT-049A	CNWH52430	5.0	2.0	5.0	N				
MR-2026-04699	MAT-STE-2026-21656	265751	L015-OWPALT-049A	CNWH52430	1.0	0.0	1.0	N				
MR-2026-04699	MAT-STE-2026-21656	265752	L015-OWPALT-049A	CNWH52430	1.0	0.0	1.0	N				
MR-2026-04699	MAT-STE-2026-21656	265752	L015-OWPALT-049A	CNWH66172	2.0	0.0	3.0	N				
MR-2026-04699	MAT-STE-2026-21656	265753	L015-OWPALT-049A	CNWH52430	1.0	0.0	2.0	N				
MR-2026-04699	MAT-STE-2026-21656	265754	L015-OWPALT-049A	CNWH52430	1.0	0.0	1.0	N				
MR-2026-04699	MAT-STE-2026-21656	265754	L015-OWPALT-056A	CNWH45145	1.0	0.0	2.0	N				
MR-2026-04699	MAT-STE-2026-21656	265756	L015-OWPALT-049A	CNWH52430	3.0	0.0	3.0	N				
MR-2026-04699	MAT-STE-2026-21656	265757	L015-OWPALT-049A	CNWH52430	3.0	0.0	5.0	N				
MR-2026-04699	MAT-STE-2026-21656	265799	L015-OWPALT-039B	CNWH66341	7.0	5.0	5.0	N				
MR-2026-04699	MAT-STE-2026-21656	276033	L008-OWSHEL-013A	CNWH46205	1.0	0.0	2.0	N				
MR-2026-04699	MAT-STE-2026-21656	276034	L008-OWSHEL-013A	CNWH46205	2.0	0.0	6.0	N				
MR-2026-04699	MAT-STE-2026-21656	276035	L015-OWPALT-016A	CNWH66019	2.0	0.0	3.0	N				
MR-2026-04699	MAT-STE-2026-21656	276036	L008-OWSHEL-013A	CNWH46205	2.0	0.0	2.0	N				
MR-2026-04699	MAT-STE-2026-21656	276037	L015-OWPALT-016A	CNWH66019	1.0	0.0	2.0	N				
MR-2026-04699	MAT-STE-2026-21656	287109	L015-OWPALT-009A	CNWH66069	1.0	0.0	2.0	N				
MR-2026-04699	MAT-STE-2026-21656	287110	L015-OWPALT-009A	CNWH66069	1.0	0.0	2.0	N				
MR-2026-04699	MAT-STE-2026-21656	287111	L008-OWSHEL-023B	CNWH66569	1.0	0.0	2.0	N				
MR-2026-04699	MAT-STE-2026-21656	287111	L015-OWPALT-033A	CNWH66636	1.0	0.0	2.0	N				
MR-2026-04699	MAT-STE-2026-21656	287112	L015-OWPALT-009A	CNWH66069	1.0	0.0	2.0	N				
MR-2026-04699	MAT-STE-2026-21656	287113	L008-OWSHEL-023B	CNWH66569	1.0	0.0	1.0	N				
MR-2026-04699	MAT-STE-2026-21656	287114	L015-OWPALT-041A	CNWH66258	1.0	0.0	1.0	N				
MR-2026-04699	MAT-STE-2026-21656	287115	L015-OWPALT-016A	CNWH66019	1.0	0.0	2.0	N				
MR-2026-04699	MAT-STE-2026-21656	287115	L015-OWPALT-041A	CNWH66258	1.0	0.0	2.0	N				
MR-2026-04699	MAT-STE-2026-21656	287116	L015-OWPALT-041A	CNWH66258	1.0	0.0	2.0	N				
MR-2026-04699	MAT-STE-2026-21656	287117	L015-OWPALT-041A	CNWH66258	1.0	0.0	1.0	N				
MR-2026-04699	MAT-STE-2026-21656	287118	L015-OWPALT-041A	CNWH66258	1.0	0.0	1.0	N				
MR-2026-04699	MAT-STE-2026-21656	287124	L015-OWPALT-041A	CNWH66258	1.0	0.0	1.0	N				
MR-2026-04699	MAT-STE-2026-21656	287125	L015-OWPALT-041A	CNWH66258	2.0	0.0	2.0	N				
MR-2026-04699	MAT-STE-2026-21656	287126	L015-OWPALT-041A	CNWH66258	1.0	0.0	2.0	N				
MR-2026-04699	MAT-STE-2026-21656	287127	L015-OWPALT-041A	CNWH66258	2.0	0.0	3.0	N				
MR-2026-04699	MAT-STE-2026-21656	287128	L015-OWPALT-041A	CNWH66258	1.0	0.0	1.0	N				
MR-2026-04699	MAT-STE-2026-21656	287132	L008-OWSHEL-009D	CNWH66050	2.0	0.0	0.0	Y	insufficient_balance			
MR-2026-04699	MAT-STE-2026-21656	287133	L008-OWSHEL-009D	CNWH66050	1.0	0.0	0.0	Y	insufficient_balance			
MR-2026-04699	MAT-STE-2026-21656	287138	L008-OWSHEL-013A	CNWH46205	1.0	0.0	1.0	N				
MR-2026-04699	MAT-STE-2026-21656	287141	L015-OWPALT-042B	CNWH52209	1.0	0.0	1.0	N				
MR-2026-04699	MAT-STE-2026-21656	287144	L015-OWPALT-009A	CNWH66069	1.0	0.0	2.0	N				
MR-2026-04700	MAT-STE-2026-21657	265752	L015-OWPALT-003C	CNWH66201	1.0	0.0	0.0	Y	insufficient_balance			
MR-2026-04700	MAT-STE-2026-21657	265752	L015-OWPALT-056A	CNWH45145	2.0	0.0	3.0	N				
MR-2026-04700	MAT-STE-2026-21657	265753	L015-OWPALT-003C	CNWH66201	1.0	0.0	1.0	N				
MR-2026-04700	MAT-STE-2026-21657	265753	L015-OWPALT-049A	CNWH52430	1.0	0.0	2.0	N				
MR-2026-04700	MAT-STE-2026-21657	265754	L015-OWPALT-003C	CNWH66201	2.0	0.0	2.0	N				
MR-2026-04700	MAT-STE-2026-21657	276033	L008-OWSHEL-013A	CNWH46205	1.0	0.0	2.0	N				
MR-2026-04700	MAT-STE-2026-21657	276034	L008-OWSHEL-013A	CNWH46205	2.0	0.0	6.0	N				
MR-2026-04700	MAT-STE-2026-21657	276035	L008-OWSHEL-013A	CNWH53599	2.0	0.0	4.0	N				
MR-2026-04700	MAT-STE-2026-21657	276036	L008-OWSHEL-025A	CNWH53649	2.0	0.0	5.0	N				
MR-2026-04700	MAT-STE-2026-21657	276037	L015-OWPALT-016A	CNWH66019	1.0	0.0	2.0	N				
MR-2026-04700	MAT-STE-2026-21657	287109	L008-OWSHEL-023B	CNWH66569	1.0	0.0	1.0	N				
MR-2026-04700	MAT-STE-2026-21657	287110	L008-OWSHEL-023B	CNWH66569	2.0	0.0	2.0	N				
MR-2026-04700	MAT-STE-2026-21657	287111	L008-OWSHEL-023B	CNWH66569	1.0	0.0	2.0	N				
MR-2026-04700	MAT-STE-2026-21657	287112	L008-OWSHEL-023B	CNWH66569	1.0	0.0	1.0	N				
MR-2026-04700	MAT-STE-2026-21657	287129	L015-OWPALT-055B	CNWH66212	1.0	0.0	1.0	N				
MR-2026-04700	MAT-STE-2026-21657	287130	L015-OWPALT-025A	CNWH66085	2.0	0.0	4.0	N				
MR-2026-04700	MAT-STE-2026-21657	287131	L015-OWPALT-055B	CNWH66212	2.0	0.0	3.0	N				
MR-2026-04700	MAT-STE-2026-21657	287132	L015-OWPALT-025A	CNWH66085	2.0	0.0	2.0	N				
MR-2026-04700	MAT-STE-2026-21657	287133	L015-OWPALT-025A	CNWH66085	1.0	0.0	1.0	N				
MR-2026-04700	MAT-STE-2026-21657	287134	L008-OWSHEL-013A	CNWH46205	1.0	0.0	2.0	N				
MR-2026-04700	MAT-STE-2026-21657	287135	L008-OWSHEL-013A	CNWH46205	1.0	0.0	1.0	N				
MR-2026-04700	MAT-STE-2026-21657	287135	L015-OWPALT-025A	CNWH66085	1.0	0.0	1.0	N				
MR-2026-04700	MAT-STE-2026-21657	287136	L008-OWSHEL-013A	CNWH46205	2.0	0.0	2.0	N				
MR-2026-04700	MAT-STE-2026-21657	287137	L015-OWPALT-025A	CNWH66085	2.0	0.0	2.0	N				
MR-2026-04700	MAT-STE-2026-21657	287138	L015-OWPALT-025A	CNWH66085	1.0	0.0	1.0	N				
MR-2026-04700	MAT-STE-2026-21657	287144	L015-OWPALT-049A	CNWH61906	1.0	0.0	1.0	N				
MR-2026-04700	MAT-STE-2026-21657	287145	L008-OWSHEL-023B	CNWH66569	2.0	0.0	2.0	N				
MR-2026-04700	MAT-STE-2026-21657	287146	L008-OWSHEL-023B	CNWH66569	2.0	0.0	2.0	N				
MR-2026-04700	MAT-STE-2026-21657	287147	L008-OWSHEL-023B	CNWH66569	2.0	0.0	2.0	N				
MR-2026-04700	MAT-STE-2026-21657	287148	L008-OWSHEL-023B	CNWH66569	1.0	0.0	1.0	N				
MR-2026-04700	MAT-STE-2026-21657	290067	L015-OWPALT-040A	CNWH61468	1.0	0.0	1.0	N				
MR-2026-04700	MAT-STE-2026-21657	290068	L015-OWPALT-040A	CNWH61468	2.0	0.0	2.0	N				
MR-2026-04700	MAT-STE-2026-21657	290069	L015-OWPALT-040A	CNWH61468	2.0	0.0	2.0	N				
MR-2026-04700	MAT-STE-2026-21657	290070	L015-OWPALT-040A	CNWH61468	2.0	0.0	2.0	N				
MR-2026-04700	MAT-STE-2026-21657	290071	L015-OWPALT-040A	CNWH61468	1.0	0.0	1.0	N				
MR-2026-04700	MAT-STE-2026-21657	290072	L015-OWPALT-051C	CNWH61361	1.0	0.0	3.0	N				
MR-2026-04700	MAT-STE-2026-21657	290073	L015-OWPALT-051C	CNWH61361	1.0	0.0	2.0	N				
MR-2026-04700	MAT-STE-2026-21657	290074	L015-OWPALT-051C	CNWH61361	1.0	0.0	1.0	N				
MR-2026-04700	MAT-STE-2026-21657	290082	L008-OWSHEL-024A	CNWH66232	2.0	0.0	2.0	N				
MR-2026-04700	MAT-STE-2026-21657	290083	L008-OWSHEL-024A	CNWH66232	2.0	0.0	2.0	N				
MR-2026-04700	MAT-STE-2026-21657	290084	L008-OWSHEL-024A	CNWH66232	1.0	0.0	1.0	N				
MR-2026-04700	MAT-STE-2026-21657	290085	L015-OWPALT-051C	CNWH61361	1.0	0.0	1.0	N				
MR-2026-04700	MAT-STE-2026-21657	290086	L015-OWPALT-051C	CNWH61361	2.0	0.0	2.0	N				
MR-2026-04700	MAT-STE-2026-21657	290087	L015-OWPALT-051C	CNWH61361	2.0	0.0	2.0	N				
MR-2026-04700	MAT-STE-2026-21657	290088	L015-OWPALT-051C	CNWH61361	2.0	0.0	2.0	N				
MR-2026-04700	MAT-STE-2026-21657	290089	L015-OWPALT-051C	CNWH61361	1.0	0.0	1.0	N				
MR-2026-04700	MAT-STE-2026-21657	302633	L015-OWPALT-015B	CNWH65624	1.0	0.0	2.0	N				
MR-2026-04700	MAT-STE-2026-21657	302633	L015-OWPALT-040A	CNWH61468	1.0	0.0	1.0	N				
MR-2026-04700	MAT-STE-2026-21657	302634	L015-OWPALT-040A	CNWH61468	1.0	0.0	1.0	N				
MR-2026-04700	MAT-STE-2026-21657	302635	L015-OWPALT-040A	CNWH61468	1.0	0.0	2.0	N				
MR-2026-04700	MAT-STE-2026-21657	302636	L015-OWPALT-015B	CNWH65624	1.0	0.0	2.0	N				
MR-2026-04700	MAT-STE-2026-21657	302636	L015-OWPALT-040A	CNWH61468	1.0	0.0	1.0	N				
MR-2026-04700	MAT-STE-2026-21657	302637	L015-OWPALT-015B	CNWH65623	1.0	0.0	2.0	N				
MR-2026-04700	MAT-STE-2026-21657	302638	L015-OWPALT-015B	CNWH65623	2.0	0.0	2.0	N				
MR-2026-04700	MAT-STE-2026-21657	302639	L015-OWPALT-015B	CNWH65623	2.0	0.0	2.0	N				
MR-2026-04700	MAT-STE-2026-21657	302640	L015-OWPALT-015B	CNWH65623	2.0	0.0	2.0	N				
MR-2026-04700	MAT-STE-2026-21657	302641	L015-OWPALT-015B	CNWH65623	1.0	0.0	1.0	N				
MR-2026-04700	MAT-STE-2026-21657	302642	L015-OWPALT-040A	CNWH61468	1.0	0.0	1.0	N				
MR-2026-04700	MAT-STE-2026-21657	302643	L015-OWPALT-016A	CNWH66019	1.0	0.0	2.0	N				
MR-2026-04700	MAT-STE-2026-21657	302643	L015-OWPALT-040A	CNWH61468	1.0	0.0	1.0	N				
MR-2026-04700	MAT-STE-2026-21657	302644	L015-OWPALT-015B	CNWH65624	1.0	0.0	1.0	N				
MR-2026-04700	MAT-STE-2026-21657	302644	L015-OWPALT-016A	CNWH66019	1.0	0.0	2.0	N				
MR-2026-04700	MAT-STE-2026-21657	302645	L015-OWPALT-016A	CNWH66019	1.0	0.0	1.0	N				
MR-2026-04700	MAT-STE-2026-21657	305673	L008-OWSHEL-017E	CNWH51072	1.0	0.0	1.0	N				
MR-2026-04700	MAT-STE-2026-21657	305674	L008-OWSHEL-017E	CNWH55947	1.0	0.0	1.0	N				
MR-2026-04700	MAT-STE-2026-21657	305674	L008-OWSHEL-017E	CNWH58661	1.0	0.0	1.0	N				
MR-2026-04700	MAT-STE-2026-21657	305675	L008-OWSHEL-017E	CNWH58661	2.0	0.0	2.0	N				
MR-2026-04700	MAT-STE-2026-21657	305676	L008-OWSHEL-017E	CNWH58661	2.0	0.0	2.0	N				
MR-2026-04700	MAT-STE-2026-21657	305677	L008-OWSHEL-017E	CNWH58661	1.0	0.0	1.0	N				
MR-2026-04700	MAT-STE-2026-21657	305678	L008-OWSHEL-017E	CNWH55947	1.0	0.0	1.0	N				
MR-2026-04700	MAT-STE-2026-21657	305679	L008-OWSHEL-017E	CNWH55947	2.0	0.0	2.0	N				
MR-2026-04700	MAT-STE-2026-21657	305680	L008-OWSHEL-017E	CNWH55947	1.0	0.0	2.0	N				
MR-2026-04700	MAT-STE-2026-21657	305681	L008-OWSHEL-017E	CNWH55947	1.0	0.0	1.0	N				
MR-2026-04700	MAT-STE-2026-21657	305681	L015-OWPALT-016A	CNWH28234	1.0	0.0	1.0	N				
MR-2026-04700	MAT-STE-2026-21657	305682	L008-OWSHEL-017E	CNWH55947	1.0	0.0	1.0	N				
MR-2026-04700	MAT-STE-2026-21657	305683	L008-OWSHEL-017E	CNWH58661	1.0	0.0	1.0	N				
MR-2026-04700	MAT-STE-2026-21657	305684	L008-OWSHEL-017E	CNWH55947	1.0	0.0	2.0	N				
MR-2026-04700	MAT-STE-2026-21657	305686	L008-OWSHEL-017E	CNWH55947	2.0	0.0	2.0	N				
MR-2026-04700	MAT-STE-2026-21657	305687	L008-OWSHEL-017E	CNWH58661	1.0	0.0	1.0	N				
MR-2026-04700	MAT-STE-2026-21657	305688	L008-OWSHEL-024A	CNWH66232	1.0	0.0	2.0	N				
MR-2026-04700	MAT-STE-2026-21657	305689	L015-OWPALT-002B	CNWH61471	2.0	0.0	2.0	N				
MR-2026-04700	MAT-STE-2026-21657	305690	L015-OWPALT-002B	CNWH61471	2.0	0.0	2.0	N				
MR-2026-04700	MAT-STE-2026-21657	305691	L008-OWSHEL-024A	CNWH66232	1.0	0.0	2.0	N				
MR-2026-04700	MAT-STE-2026-21657	305692	L015-OWPALT-002B	CNWH61471	1.0	0.0	3.0	N				
MR-2026-04700	MAT-STE-2026-21657	305693	L008-OWSHEL-017E	CNWH51072	1.0	0.0	1.0	N				
MR-2026-04700	MAT-STE-2026-21657	305693	L015-OWPALT-002B	CNWH61471	1.0	0.0	1.0	N				
MR-2026-04700	MAT-STE-2026-21657	305694	L015-OWPALT-015B	CNWH65638	1.0	0.0	2.0	N				
MR-2026-04700	MAT-STE-2026-21657	305695	L015-OWPALT-002B	CNWH61471	2.0	0.0	3.0	N				
MR-2026-04700	MAT-STE-2026-21657	305696	L015-OWPALT-039B	CNWH66183	1.0	0.0	1.0	N				
MR-2026-04700	MAT-STE-2026-21657	305698	L015-OWPALT-051C	CNWH61361	1.0	0.0	2.0	N				
MR-2026-04700	MAT-STE-2026-21657	305699	L015-OWPALT-002B	CNWH61471	1.0	0.0	1.0	N				
MR-2026-04700	MAT-STE-2026-21657	305700	L015-OWPALT-002B	CNWH61471	1.0	0.0	1.0	N				
MR-2026-04700	MAT-STE-2026-21657	305700	L015-OWPALT-015B	CNWH65638	1.0	0.0	1.0	N				
MR-2026-04700	MAT-STE-2026-21657	305701	L015-OWPALT-051C	CNWH61361	1.0	0.0	1.0	N				
MR-2026-04700	MAT-STE-2026-21657	305703	L015-OWPALT-015B	CNWH65638	1.0	0.0	1.0	N				
MR-2026-04700	MAT-STE-2026-21657	308638	L015-OWPALT-026B	CNWH66615	1.0	0.0	1.0	N				
MR-2026-04700	MAT-STE-2026-21657	308639	L015-OWPALT-026B	CNWH66615	2.0	0.0	2.0	N				
MR-2026-04700	MAT-STE-2026-21657	308639	L015-OWPALT-051C	CNWH61361	1.0	0.0	1.0	N				
MR-2026-04700	MAT-STE-2026-21657	308640	L008-OWSHEL-009D	CNWH66054	1.0	0.0	1.0	N				
MR-2026-04700	MAT-STE-2026-21657	308641	L015-OWPALT-026B	CNWH66615	2.0	0.0	2.0	N				
MR-2026-04700	MAT-STE-2026-21657	308641	L015-OWPALT-051C	CNWH61361	1.0	0.0	2.0	N				
MR-2026-04700	MAT-STE-2026-21657	308642	L015-OWPALT-051C	CNWH61361	1.0	0.0	1.0	N				
MR-2026-04700	MAT-STE-2026-21657	319019	L015-OWPALT-051C	CNWH64430	1.0	0.0	1.0	N				
MR-2026-04700	MAT-STE-2026-21657	319020	L015-OWPALT-051C	CNWH64430	2.0	0.0	2.0	N				
MR-2026-04700	MAT-STE-2026-21657	319021	L015-OWPALT-049A	CNWH61906	1.0	0.0	1.0	N				
MR-2026-04700	MAT-STE-2026-21657	319022	L015-OWPALT-026B	CNWH66546	1.0	0.0	2.0	N				
MR-2026-04700	MAT-STE-2026-21657	319022	L015-OWPALT-051C	CNWH64430	1.0	0.0	1.0	N				
MR-2026-04700	MAT-STE-2026-21657	319023	L015-OWPALT-051C	CNWH64430	1.0	0.0	1.0	N				
MR-2026-04700	MAT-STE-2026-21657	319045	L015-OWPALT-015B	CNWH65638	1.0	0.0	1.0	N				
MR-2026-04700	MAT-STE-2026-21657	319045	L015-OWPALT-026B	CNWH66615	1.0	0.0	1.0	N				
MR-2026-04700	MAT-STE-2026-21657	319046	L015-OWPALT-015B	CNWH65638	2.0	0.0	2.0	N				
MR-2026-04700	MAT-STE-2026-21657	319047	L015-OWPALT-015B	CNWH65638	2.0	0.0	2.0	N				
MR-2026-04700	MAT-STE-2026-21657	319047	L015-OWPALT-040A	CNWH66719	1.0	0.0	1.0	N				
MR-2026-04726	MAT-STE-2026-21490	326847	L009-OWSHEL-011B	CNWH66424	1.0	0.0	1.0	N				
MR-2026-04726	MAT-STE-2026-21490	326848	L009-OWSHEL-024A	CNWH66453	1.0	0.0	0.0	Y	insufficient_balance			
MR-2026-04726	MAT-STE-2026-21490	326869	L009-OWSHEL-011B	CNWH66428	1.0	0.0	4.0	N				
MR-2026-04726	MAT-STE-2026-21490	327933	L017-OWPALT-038C	CNWH53607	2.0	1.0	1.0	N				
MR-2026-04726	MAT-STE-2026-21490	327933	L017-OWPALT-038C	CNWH54660	1.0	0.0	3.0	N				
MR-2026-04726	MAT-STE-2026-21490	327939	L017-OWPALT-038C	CNWH54660	3.0	0.0	5.0	N				
MR-2026-04726	MAT-STE-2026-21490	329657	L017-OWPALT-015B	CNWH67034	1.0	0.0	5.0	N				
MR-2026-04726	MAT-STE-2026-21490	329698	L017-OWPALT-015B	CNWH67032	2.0	1.0	4.0	N				
MR-2026-04726	MAT-STE-2026-21490	329700	L017-OWPALT-015B	CNWH67034	1.0	0.0	3.0	N				
MR-2026-04726	MAT-STE-2026-21490	329706	L017-OWPALT-015B	CNWH67034	2.0	0.0	1.0	Y	insufficient_balance			
MR-2026-04726	MAT-STE-2026-21490	329800	L009-OWSHEL-018F	CNWH67041	2.0	0.0	0.0	Y	insufficient_balance			
MR-2026-04726	MAT-STE-2026-21490	329803	L009-OWSHEL-018F	CNWH67041	2.0	0.0	8.0	N				
MR-2026-04727	MAT-STE-2026-21492	326870	L009-OWSHEL-011B	CNWH66428	1.0	0.0	4.0	N				
MR-2026-04727	MAT-STE-2026-21492	326881	L009-OWSHEL-014B	CNWH66451	1.0	0.0	3.0	N				
MR-2026-04727	MAT-STE-2026-21492	327801	L009-OWSHEL-026B	CNWH66494	1.0	0.0	2.0	N				
MR-2026-04727	MAT-STE-2026-21492	327932	L017-OWPALT-038C	CNWH54660	1.0	0.0	0.0	Y	insufficient_balance			
MR-2026-04727	MAT-STE-2026-21492	327940	L017-OWPALT-038C	CNWH54660	1.0	0.0	1.0	N				
MR-2026-04727	MAT-STE-2026-21492	327941	L017-OWPALT-038C	CNWH54660	2.0	0.0	1.0	Y	insufficient_balance			
MR-2026-04727	MAT-STE-2026-21492	329669	L017-OWPALT-027C	CNWH67047	1.0	0.0	10.0	N				
MR-2026-04727	MAT-STE-2026-21492	329686	L017-OWPALT-015B	CNWH67029	1.0	0.0	5.0	N				
MR-2026-04729	MAT-STE-2026-21494	326858	L009-OWSHEL-002B	CNWH66398	1.0	0.0	6.0	N				
MR-2026-04729	MAT-STE-2026-21494	326860	L009-OWSHEL-002B	CNWH66398	1.0	0.0	4.0	N				
MR-2026-04729	MAT-STE-2026-21494	326865	L009-OWSHEL-002B	CNWH66384	1.0	0.0	1.0	N				
MR-2026-04729	MAT-STE-2026-21494	327932	L017-OWPALT-038C	CNWH53607	1.0	0.0	0.0	Y	insufficient_balance			
MR-2026-04729	MAT-STE-2026-21494	327933	L017-OWPALT-038C	CNWH54660	1.0	0.0	3.0	N				
MR-2026-04729	MAT-STE-2026-21494	327939	L017-OWPALT-038C	CNWH54660	1.0	0.0	5.0	N				
MR-2026-04729	MAT-STE-2026-21494	329420	L017-OWPALT-038C	CNWH56296	1.0	0.0	1.0	N				
MR-2026-04729	MAT-STE-2026-21494	329656	L017-OWPALT-015B	CNWH67034	2.0	0.0	3.0	N				
MR-2026-04729	MAT-STE-2026-21494	329699	L017-OWPALT-015B	CNWH67034	1.0	0.0	1.0	N				
MR-2026-04729	MAT-STE-2026-21494	329700	L017-OWPALT-015B	CNWH67034	2.0	0.0	3.0	N				
MR-2026-04730	MAT-STE-2026-21606	326840	L009-OWSHEL-023B	CNWH66463	1.0	0.0	1.0	N				
MR-2026-04730	MAT-STE-2026-21606	326846	L009-OWSHEL-023B	CNWH66463	1.0	0.0	2.0	N				
MR-2026-04730	MAT-STE-2026-21606	326851	L009-OWSHEL-002B	CNWH66391	1.0	0.0	4.0	N				
MR-2026-04730	MAT-STE-2026-21606	326859	L009-OWSHEL-002B	CNWH66398	1.0	0.0	6.0	N				
MR-2026-04730	MAT-STE-2026-21606	326866	L009-OWSHEL-011B	CNWH66419	1.0	0.0	3.0	N				
MR-2026-04730	MAT-STE-2026-21606	326870	L009-OWSHEL-014B	CNWH66444	2.0	0.0	6.0	N				
MR-2026-04730	MAT-STE-2026-21606	327941	L017-OWPALT-038C	CNWH67024	1.0	0.0	1.0	N				
MR-2026-04730	MAT-STE-2026-21606	327945	L017-OWPALT-038C	CNWH53607	1.0	0.0	0.0	Y	insufficient_balance			
MR-2026-04730	MAT-STE-2026-21606	329420	L017-OWPALT-038C	CNWH26525	1.0	0.0	1.0	N				
MR-2026-04730	MAT-STE-2026-21606	329675	L017-OWPALT-027C	CNWH67045	1.0	0.0	2.0	N				
MR-2026-04730	MAT-STE-2026-21606	329688	L017-OWPALT-038C	CNWH53607	1.0	0.0	5.0	N				
MR-2026-04730	MAT-STE-2026-21606	329706	L017-OWPALT-027C	CNWH60593	1.0	0.0	2.0	N				
MR-2026-04730	MAT-STE-2026-21606	329853	L017-OWPALT-039B	CNWH02068	1.0	0.0	1.0	N				
MR-2026-04730	MAT-STE-2026-21606	329957	L017-OWPALT-022C	CNWH61956	1.0	0.0	0.0	Y	insufficient_balance			
MR-2026-04732	MAT-STE-2026-21608	326839	L009-OWSHEL-013A	CNWH66437	1.0	0.0	1.0	N				
MR-2026-04732	MAT-STE-2026-21608	326858	L009-OWSHEL-001A	CNWH66387	1.0	0.0	1.0	N				
MR-2026-04732	MAT-STE-2026-21608	326865	L009-OWSHEL-012A	CNWH66403	1.0	0.0	4.0	N				
MR-2026-04732	MAT-STE-2026-21608	327934	L017-OWPALT-038C	CNWH56181	3.0	0.0	5.0	N				
MR-2026-04732	MAT-STE-2026-21608	327945	L017-OWPALT-038C	CNWH53607	1.0	3.0	0.0	N				
MR-2026-04732	MAT-STE-2026-21608	327945	L017-OWPALT-038C	CNWH56181	2.0	0.0	3.0	N				
MR-2026-04732	MAT-STE-2026-21608	327946	L017-OWPALT-038C	CNWH56181	3.0	0.0	6.0	N				
MR-2026-04732	MAT-STE-2026-21608	329417	L017-OWPALT-038C	CNWH56296	1.0	0.0	1.0	N				
MR-2026-04732	MAT-STE-2026-21608	329676	L017-OWPALT-038C	CNWH50783	1.0	0.0	6.0	N				
MR-2026-04732	MAT-STE-2026-21608	329682	L017-OWPALT-027C	CNWH60628	1.0	0.0	3.0	N				
MR-2026-04732	MAT-STE-2026-21608	329687	L017-OWPALT-038C	CNWH53607	1.0	0.0	7.0	N				
MR-2026-04732	MAT-STE-2026-21608	329693	L017-OWPALT-015B	CNWH67030	1.0	0.0	2.0	N				
MR-2026-04732	MAT-STE-2026-21608	329705	L017-OWPALT-015B	CNWH67034	1.0	0.0	4.0	N				
MR-2026-04732	MAT-STE-2026-21608	329857	L017-OWPALT-039B	CNWH02068	2.0	1.0	0.0	Y	insufficient_balance			
MR-2026-04732	MAT-STE-2026-21608	329889	L016-OWPALT-014C	CNWH58174	1.0	0.0	1.0	N				
MR-2026-04734	MAT-STE-2026-21610	326833	L009-OWSHEL-013A	CNWH66437	1.0	0.0	1.0	N				
MR-2026-04734	MAT-STE-2026-21610	326847	L009-OWSHEL-011B	CNWH66424	1.0	0.0	1.0	N				
MR-2026-04734	MAT-STE-2026-21610	327934	L017-OWPALT-038C	CNWH54660	1.0	0.0	3.0	N				
MR-2026-04734	MAT-STE-2026-21610	327939	L017-OWPALT-038C	CNWH50783	1.0	0.0	1.0	N				
MR-2026-04734	MAT-STE-2026-21610	327945	L017-OWPALT-038C	CNWH53607	1.0	0.0	0.0	Y	insufficient_balance			
MR-2026-04734	MAT-STE-2026-21610	327946	L017-OWPALT-038C	CNWH50783	1.0	0.0	2.0	N				
MR-2026-04734	MAT-STE-2026-21610	329665	L017-OWPALT-027C	CNWH60628	1.0	0.0	2.0	N				
MR-2026-04734	MAT-STE-2026-21610	329676	L017-OWPALT-038C	CNWH50783	1.0	0.0	6.0	N				
MR-2026-04734	MAT-STE-2026-21610	329873	L016-OWPALT-014C	CNWH58174	1.0	0.0	1.0	N				
MR-2026-04734	MAT-STE-2026-21610	329976	L017-OWPALT-039B	CNWH02068	1.0	0.0	1.0	N				
MR-2026-04744	MAT-STE-2026-21495	270831	L016-OWPALT-056A	CNWH67938	3.0	1.0	0.0	N				
MR-2026-04744	MAT-STE-2026-21495	301470	L016-OWPALT-007B	CNWH54615	4.0	3.0	24.0	N				
MR-2026-04744	MAT-STE-2026-21495	301471	L009-OWSHEL-016D	CNWH66442	6.0	0.0	6.0	N				
MR-2026-04744	MAT-STE-2026-21495	301472	L016-OWPALT-040A	CNWH64785	6.0	0.0	7.0	N				
MR-2026-04744	MAT-STE-2026-21495	301473	L009-OWSHEL-016D	CNWH66434	6.0	5.0	0.0	N				
MR-2026-04744	MAT-STE-2026-21495	301473	L009-OWSHEL-016D	CNWH66442	4.0	0.0	4.0	N				
MR-2026-04744	MAT-STE-2026-21495	301475	L009-OWSHEL-016D	CNWH66434	3.0	0.0	2.0	N				
MR-2026-04744	MAT-STE-2026-21495	301475	L009-OWSHEL-016D	CNWH66435	1.0	3.0	0.0	N				
MR-2026-04744	MAT-STE-2026-21495	301477	L009-OWSHEL-016D	CNWH66434	3.0	0.0	2.0	N				
MR-2026-04744	MAT-STE-2026-21495	301480	L009-OWSHEL-044E	CNWH65019	1.0	0.0	2.0	N				
MR-2026-04744	MAT-STE-2026-21495	301549	L009-OWSHEL-048A	CNWH60248	6.0	0.0	15.0	N				
MR-2026-04744	MAT-STE-2026-21495	301550	L009-OWSHEL-048A	CNWH60184	6.0	0.0	24.0	N				
MR-2026-04744	MAT-STE-2026-21495	301551	L009-OWSHEL-048A	CNWH60184	6.0	0.0	15.0	N				
MR-2026-04744	MAT-STE-2026-21495	301552	L009-OWSHEL-045D	CNWH60617	6.0	0.0	8.0	N				
MR-2026-04744	MAT-STE-2026-21495	301553	L009-OWSHEL-048A	CNWH60193	7.0	0.0	4.0	N				
MR-2026-04833	MAT-STE-2026-21671	315136	L022-OWPALT-008A	CNWH65486	30.0	0.0	51.0	N				
MR-2026-04833	MAT-STE-2026-21671	315137	L022-OWPALT-008A	CNWH65756	15.0	0.0	41.0	N				
MR-2026-04833	MAT-STE-2026-21671	315138	L022-OWPALT-002B	CNWH64772	3.0	13.0	0.0	N				
MR-2026-04833	MAT-STE-2026-21671	315138	L022-OWPALT-009A	CNWH08170	15.0	0.0	15.0	N				
MR-2026-04833	MAT-STE-2026-21671	315139	L022-OWPALT-002B	CNWH65675	7.0	6.0	12.0	N				
MR-2026-04833	MAT-STE-2026-21671	315139	L022-OWPALT-002B	CNWH65676	21.0	0.0	0.0	Y	insufficient_balance			
MR-2026-04833	MAT-STE-2026-21671	315140	L022-OWPALT-008A	CNWH65790	30.0	0.0	16.0	Y	insufficient_balance			
MR-2026-04833	MAT-STE-2026-21671	315141	L022-OWPALT-002B	CNWH65676	7.0	0.0	0.0	Y	insufficient_balance			
MR-2026-04833	MAT-STE-2026-21671	315142	L022-OWPALT-002B	CNWH64772	3.0	10.0	0.0	N				
MR-2026-04833	MAT-STE-2026-21671	315142	L022-OWPALT-002B	CNWH65675	8.0	5.0	3.0	N				
MR-2026-04833	MAT-STE-2026-21671	315142	L022-OWPALT-002B	CNWH69833	4.0	0.0	2.0	Y	insufficient_balance			
MR-2026-04833	MAT-STE-2026-21671	315144	L022-OWPALT-001A	CNWH54915	6.0	21.0	0.0	N				
MR-2026-04833	MAT-STE-2026-21671	315144	L022-OWPALT-003C	CNWH56092	4.0	0.0	0.0	Y	insufficient_balance			
MR-2026-04833	MAT-STE-2026-21671	315144	L022-OWPALT-008A	CNWH67087	20.0	0.0	20.0	N				
MR-2026-04833	MAT-STE-2026-21671	315145	L022-OWPALT-001A	CNWH54915	23.0	17.0	0.0	Y	insufficient_balance			
MR-2026-04833	MAT-STE-2026-21671	315146	L022-OWPALT-007B	CNWH54860	10.0	0.0	10.0	N				
MR-2026-04833	MAT-STE-2026-21671	315146	L022-OWPALT-008A	CNWH65493	20.0	0.0	25.0	N				
MR-2026-04833	MAT-STE-2026-21671	315147	L022-OWPALT-001A	CNWH54915	8.0	16.0	0.0	N				
MR-2026-04833	MAT-STE-2026-21671	315147	L022-OWPALT-003C	CNWH65750	8.0	0.0	8.0	N				
MR-2026-04833	MAT-STE-2026-21671	315147	L022-OWPALT-007B	CNWH65666	5.0	0.0	13.0	N				
MR-2026-04833	MAT-STE-2026-21671	315147	L022-OWPALT-008A	CNWH67086	9.0	0.0	47.0	N				
MR-2026-04833	MAT-STE-2026-21671	315148	L022-OWPALT-001A	CNWH65583	1.0	20.0	0.0	N				
MR-2026-04833	MAT-STE-2026-21671	315148	L022-OWPALT-002B	CNWH65673	6.0	4.0	23.0	N				
MR-2026-04833	MAT-STE-2026-21671	315148	L022-OWPALT-003C	CNWH65495	6.0	0.0	0.0	Y	insufficient_balance			
MR-2026-04833	MAT-STE-2026-21671	315148	L022-OWPALT-007B	CNWH65666	11.0	0.0	60.0	N				
MR-2026-04836	MAT-STE-2026-21672	315135	L022-OWPALT-009A	CNWH65601	30.0	0.0	24.0	Y	insufficient_balance			
MR-2026-04836	MAT-STE-2026-21672	315136	L022-OWPALT-008A	CNWH67084	30.0	0.0	56.0	N				
MR-2026-04836	MAT-STE-2026-21672	315138	L022-OWPALT-002B	CNWH64772	10.0	0.0	0.0	Y	insufficient_balance			
MR-2026-04836	MAT-STE-2026-21672	315138	L022-OWPALT-008A	CNWH67088	8.0	0.0	11.0	N				
MR-2026-04836	MAT-STE-2026-21672	315139	L022-OWPALT-007B	CNWH66165	26.0	0.0	13.0	Y	insufficient_balance			
MR-2026-04836	MAT-STE-2026-21672	315140	L022-OWPALT-008A	CNWH65486	3.0	0.0	17.0	N				
MR-2026-04836	MAT-STE-2026-21672	315140	L022-OWPALT-008A	CNWH67088	27.0	0.0	27.0	N				
MR-2026-04836	MAT-STE-2026-21672	315141	L022-OWPALT-008A	CNWH65790	23.0	0.0	26.0	N				
MR-2026-04836	MAT-STE-2026-21672	315141	L022-OWPALT-008A	CNWH67088	7.0	0.0	25.0	N				
MR-2026-04836	MAT-STE-2026-21672	315142	L022-OWPALT-008A	CNWH65790	13.0	0.0	13.0	N				
MR-2026-04836	MAT-STE-2026-21672	315142	L022-OWPALT-008A	CNWH67088	2.0	0.0	9.0	N				
MR-2026-04836	MAT-STE-2026-21672	315144	L022-OWPALT-007B	CNWH67091	30.0	0.0	36.0	N				
MR-2026-04836	MAT-STE-2026-21672	315145	L022-OWPALT-007B	CNWH54860	30.0	0.0	28.0	Y	insufficient_balance			
MR-2026-04836	MAT-STE-2026-21672	315146	L022-OWPALT-022C	CNWH60979	30.0	0.0	30.0	N				
MR-2026-04836	MAT-STE-2026-21672	315147	L022-OWPALT-007B	CNWH27388	30.0	0.0	53.0	N				
MR-2026-04836	MAT-STE-2026-21672	315148	L022-OWPALT-007B	CNWH67091	30.0	0.0	56.0	N				
MR-2026-04836	MAT-STE-2026-21672	315149	L022-OWPALT-001A	CNWH65674	2.0	0.0	7.0	N				
MR-2026-04837	MAT-STE-2026-21673	315135	L022-OWPALT-008A	CNWH67084	30.0	0.0	17.0	Y	insufficient_balance			
MR-2026-04837	MAT-STE-2026-21673	315136	L022-OWPALT-008A	CNWH65486	4.0	0.0	51.0	N				
MR-2026-04837	MAT-STE-2026-21673	315136	L022-OWPALT-008A	CNWH67084	26.0	0.0	56.0	N				
MR-2026-04837	MAT-STE-2026-21673	315137	L022-OWPALT-008A	CNWH65756	15.0	0.0	41.0	N				
MR-2026-04837	MAT-STE-2026-21673	315138	L022-OWPALT-002B	CNWH64772	11.0	0.0	0.0	Y	insufficient_balance			
MR-2026-04837	MAT-STE-2026-21673	315138	L022-OWPALT-003C	CNWH65745	9.0	0.0	10.0	N				
MR-2026-04837	MAT-STE-2026-21673	315139	L022-OWPALT-002B	CNWH65676	20.0	0.0	0.0	Y	insufficient_balance			
MR-2026-04837	MAT-STE-2026-21673	315139	L022-OWPALT-009A	CNWH08170	6.0	0.0	11.0	N				
MR-2026-04837	MAT-STE-2026-21673	315140	L022-OWPALT-009A	CNWH08170	20.0	0.0	20.0	N				
MR-2026-04837	MAT-STE-2026-21673	315140	L022-OWPALT-009A	CNWH65601	6.0	0.0	6.0	N				
MR-2026-04837	MAT-STE-2026-21673	315140	L022-OWPALT-009A	CNWH66576	4.0	0.0	4.0	N				
MR-2026-04837	MAT-STE-2026-21673	315141	L022-OWPALT-008A	CNWH65486	10.0	0.0	10.0	N				
MR-2026-04837	MAT-STE-2026-21673	315141	L022-OWPALT-008A	CNWH67087	5.0	0.0	5.0	N				
MR-2026-04837	MAT-STE-2026-21673	315141	L022-OWPALT-008A	CNWH67088	18.0	0.0	25.0	N				
MR-2026-04837	MAT-STE-2026-21673	315142	L022-OWPALT-002B	CNWH64772	3.0	0.0	0.0	Y	insufficient_balance			
MR-2026-04837	MAT-STE-2026-21673	315142	L022-OWPALT-002B	CNWH65675	16.0	0.0	3.0	Y	insufficient_balance			
MR-2026-04837	MAT-STE-2026-21673	315145	L022-OWPALT-011C	CNWH66226	30.0	0.0	57.0	N				
MR-2026-04837	MAT-STE-2026-21673	315146	L022-OWPALT-008A	CNWH65490	30.0	0.0	34.0	N				
MR-2026-04837	MAT-STE-2026-21673	315147	L022-OWPALT-001A	CNWH68067	30.0	0.0	43.0	N				
MR-2026-04837	MAT-STE-2026-21673	315148	L022-OWPALT-008A	CNWH67086	30.0	0.0	43.0	N				
MR-2026-04837	MAT-STE-2026-21673	315149	L022-OWPALT-009A	CNWH65569	2.0	0.0	1.0	Y	insufficient_balance			
