posting_date	material_request	stock_entry	item_code	bin_location	carton_id	desktop_qty	erp_auto_pick_qty	issue_type	explanation	wms_ledger_entry	verified_correct_location	verified_correct_carton	verified_correct_qty	user_notes
2026-08-27	MR-2026-03724	MAT-STE-2026-20120	314636	B006-OWSHEL-013A	CNWH60988	0	1	ERP_AUTO_PICKED_HERE	ERP deducted here but desktop did not pick this carton	tqvb22gqnn				
2026-08-27	MR-2026-03724	MAT-STE-2026-20120	314636	B006-OWSHEL-014B	CNWH48931	2	0	DESKTOP_PICKED_NOT_IN_ERP	Desktop picked here but ERP did not deduct this carton					
2026-08-27	MR-2026-03724	MAT-STE-2026-20120	314636	B006-OWSHEL-014B	CNWH61034	0	1	ERP_AUTO_PICKED_HERE	ERP deducted here but desktop did not pick this carton	tr2ljusvri				
2026-08-27	MR-2026-03724	MAT-STE-2026-20120	314638	B006-OWSHEL-015C	CNWH52126	0	1	ERP_AUTO_PICKED_HERE	ERP deducted here but desktop did not pick this carton	tr4gs2mmvq				
2026-08-27	MR-2026-03724	MAT-STE-2026-20120	314638	B006-OWSHEL-015C	CNWH52128	2	1	QTY_MISMATCH	Desktop and ERP qty differ on same carton	tr5b1u4m17				
2026-08-27	MR-2026-03724	MAT-STE-2026-20120	318481	B004-OWSHEL-024A	CNWH55660	2	0	DESKTOP_PICKED_NOT_IN_ERP	Desktop picked here but ERP did not deduct this carton					
2026-08-27	MR-2026-03724	MAT-STE-2026-20120	318481	B005-OWSHEL-003C	CNWH62258	0	2	ERP_AUTO_PICKED_HERE	ERP deducted here but desktop did not pick this carton	trajvi2ndd				
2026-08-27	MR-2026-03724	MAT-STE-2026-20120	318492	B004-OWSHEL-024A	CNWH55687	2	0	DESKTOP_PICKED_NOT_IN_ERP	Desktop picked here but ERP did not deduct this carton					
2026-08-27	MR-2026-03724	MAT-STE-2026-20120	318492	B005-OWSHEL-036A	CNWH55662	0	2	ERP_AUTO_PICKED_HERE	ERP deducted here but desktop did not pick this carton	trad937vs7				
2026-08-27	MR-2026-03724	MAT-STE-2026-20120	318505	B003-OWSHEL-012A	CNWH69232	0	1	ERP_AUTO_PICKED_HERE	ERP deducted here but desktop did not pick this carton	tre8udt7ue				
2026-08-27	MR-2026-03724	MAT-STE-2026-20120	318505	B004-OWSHEL-024A	CNWH55609	2	0	DESKTOP_PICKED_NOT_IN_ERP	Desktop picked here but ERP did not deduct this carton					
2026-08-27	MR-2026-03724	MAT-STE-2026-20120	318505	B005-OWSHEL-002B	CNWH69569	0	1	ERP_AUTO_PICKED_HERE	ERP deducted here but desktop did not pick this carton	trgsrauij5				
2026-08-27	MR-2026-03724	MAT-STE-2026-20120	318507	B002-OWSHEL-010C	CNWH68299	0	1	ERP_AUTO_PICKED_HERE	ERP deducted here but desktop did not pick this carton	trjg4vhuj6				
2026-08-27	MR-2026-03724	MAT-STE-2026-20120	318507	B003-OWSHEL-012A	CNWH69232	0	1	ERP_AUTO_PICKED_HERE	ERP deducted here but desktop did not pick this carton	trlv5dafgh				
2026-08-27	MR-2026-03724	MAT-STE-2026-20120	318507	B004-OWSHEL-024A	CNWH55609	3	0	DESKTOP_PICKED_NOT_IN_ERP	Desktop picked here but ERP did not deduct this carton					
2026-08-27	MR-2026-03724	MAT-STE-2026-20120	318507	B005-OWSHEL-001A	CNWH69570	0	1	ERP_AUTO_PICKED_HERE	ERP deducted here but desktop did not pick this carton	tronb2jlp4				
2026-08-27	MR-2026-03733	MAT-STE-2026-20121	318477	B004-OWSHEL-003C	CNWH62227	2	0	DESKTOP_PICKED_NOT_IN_ERP	Desktop picked here but ERP did not deduct this carton					
2026-08-27	MR-2026-03733	MAT-STE-2026-20121	318477	B004-OWSHEL-003C	CNWH62230	0	1	ERP_AUTO_PICKED_HERE	ERP deducted here but desktop did not pick this carton	ts0fqgt5to				
2026-08-27	MR-2026-03733	MAT-STE-2026-20121	318477	B005-OWSHEL-035B	CNWH55645	0	1	ERP_AUTO_PICKED_HERE	ERP deducted here but desktop did not pick this carton	ts06r1qg7a				
2026-08-27	MR-2026-03733	MAT-STE-2026-20121	318505	B002-OWSHEL-011B	CNWH55589	0	1	ERP_AUTO_PICKED_HERE	ERP deducted here but desktop did not pick this carton	ts20juscr6				
2026-08-27	MR-2026-03733	MAT-STE-2026-20121	318505	B003-OWSHEL-012A	CNWH55600	2	0	DESKTOP_PICKED_NOT_IN_ERP	Desktop picked here but ERP did not deduct this carton					
2026-08-27	MR-2026-03733	MAT-STE-2026-20121	318505	B003-OWSHEL-012A	CNWH69232	1	0	DESKTOP_PICKED_NOT_IN_ERP	Desktop picked here but ERP did not deduct this carton					
2026-08-27	MR-2026-03733	MAT-STE-2026-20121	318505	B004-OWSHEL-023B	CNWH55547	0	2	ERP_AUTO_PICKED_HERE	ERP deducted here but desktop did not pick this carton	ts2tirhi80				
2026-08-27	MR-2026-03733	MAT-STE-2026-20121	322686	B006-OWSHEL-013A	CNWH61011	0	1	ERP_AUTO_PICKED_HERE	ERP deducted here but desktop did not pick this carton	ts57kprctm				
2026-08-27	MR-2026-03733	MAT-STE-2026-20121	322686	B006-OWSHEL-013A	CNWH61023	2	1	QTY_MISMATCH	Desktop and ERP qty differ on same carton	tsceupkc9v				
2026-08-27	MR-2026-03743	MAT-STE-2026-20122	318521	B005-OWSHEL-035B	CNWH55675	1	0	DESKTOP_PICKED_NOT_IN_ERP	Desktop picked here but ERP did not deduct this carton					
2026-08-27	MR-2026-03743	MAT-STE-2026-20122	318521	B006-OWSHEL-015C	CNWH52091	0	1	ERP_AUTO_PICKED_HERE	ERP deducted here but desktop did not pick this carton	tshcslb95j				
2026-08-27	MR-2026-03743	MAT-STE-2026-20122	322693	B006-OWSHEL-012A	CNWH61001	2	3	QTY_MISMATCH	Desktop and ERP qty differ on same carton	tsml8lfp53				
2026-08-27	MR-2026-03743	MAT-STE-2026-20122	322693	B006-OWSHEL-012A	CNWH61986	1	0	DESKTOP_PICKED_NOT_IN_ERP	Desktop picked here but ERP did not deduct this carton					
2026-08-27	MR-2026-03743	MAT-STE-2026-20122	322696	B005-OWSHEL-034C	CNWH60985	0	1	ERP_AUTO_PICKED_HERE	ERP deducted here but desktop did not pick this carton	tsoua214ql				
2026-08-27	MR-2026-03743	MAT-STE-2026-20122	322696	B006-OWSHEL-012A	CNWH61003	2	1	QTY_MISMATCH	Desktop and ERP qty differ on same carton	tspreb2qrn				
2026-08-27	MR-2026-03753	MAT-STE-2026-20123	314644	B003-OWSHEL-012A	CNWH69376	0	1	ERP_AUTO_PICKED_HERE	ERP deducted here but desktop did not pick this carton	tst8afhj4i				
2026-08-27	MR-2026-03753	MAT-STE-2026-20123	314644	B005-OWSHEL-002B	CNWH69569	0	1	ERP_AUTO_PICKED_HERE	ERP deducted here but desktop did not pick this carton	tsul7g5j8i				
2026-08-27	MR-2026-03753	MAT-STE-2026-20123	314644	B006-OWSHEL-014B	CNWH52099	0	1	ERP_AUTO_PICKED_HERE	ERP deducted here but desktop did not pick this carton	tt0cvv36h5				
2026-08-27	MR-2026-03753	MAT-STE-2026-20123	314644	B006-OWSHEL-015C	CNWH52104	1	0	DESKTOP_PICKED_NOT_IN_ERP	Desktop picked here but ERP did not deduct this carton					
2026-08-27	MR-2026-03753	MAT-STE-2026-20123	314644	B006-OWSHEL-015C	CNWH52128	2	0	DESKTOP_PICKED_NOT_IN_ERP	Desktop picked here but ERP did not deduct this carton					
2026-08-27	MR-2026-03753	MAT-STE-2026-20123	314659	B006-OWSHEL-015C	CNWH52073	0	3	ERP_AUTO_PICKED_HERE	ERP deducted here but desktop did not pick this carton	tt17ai2u8d				
2026-08-27	MR-2026-03753	MAT-STE-2026-20123	314659	B006-OWSHEL-015C	CNWH52104	1	0	DESKTOP_PICKED_NOT_IN_ERP	Desktop picked here but ERP did not deduct this carton					
2026-08-27	MR-2026-03753	MAT-STE-2026-20123	314659	B006-OWSHEL-015C	CNWH52128	1	0	DESKTOP_PICKED_NOT_IN_ERP	Desktop picked here but ERP did not deduct this carton					
2026-08-27	MR-2026-03753	MAT-STE-2026-20123	314659	B006-OWSHEL-015C	CNWH55653	1	0	DESKTOP_PICKED_NOT_IN_ERP	Desktop picked here but ERP did not deduct this carton					
2026-08-27	MR-2026-03753	MAT-STE-2026-20123	318477	B005-OWSHEL-035B	CNWH55645	1	0	DESKTOP_PICKED_NOT_IN_ERP	Desktop picked here but ERP did not deduct this carton					
2026-08-27	MR-2026-03753	MAT-STE-2026-20123	318477	B006-OWSHEL-015C	CNWH55650	0	1	ERP_AUTO_PICKED_HERE	ERP deducted here but desktop did not pick this carton	tt2maborq9				
2026-08-27	MR-2026-03753	MAT-STE-2026-20123	318502	B004-OWSHEL-024A	CNWH55684	1	0	DESKTOP_PICKED_NOT_IN_ERP	Desktop picked here but ERP did not deduct this carton					
2026-08-27	MR-2026-03753	MAT-STE-2026-20123	318502	B004-OWSHEL-027C	CNWH55692	1	0	DESKTOP_PICKED_NOT_IN_ERP	Desktop picked here but ERP did not deduct this carton					
2026-08-27	MR-2026-03753	MAT-STE-2026-20123	318502	B005-OWSHEL-034C	CNWH55674	0	1	ERP_AUTO_PICKED_HERE	ERP deducted here but desktop did not pick this carton	tt4i25ai4q				
2026-08-27	MR-2026-03753	MAT-STE-2026-20123	318502	B005-OWSHEL-035B	CNWH55677	0	1	ERP_AUTO_PICKED_HERE	ERP deducted here but desktop did not pick this carton	tt5v772igv				
2026-08-27	MR-2026-03753	MAT-STE-2026-20123	318506	B003-OWSHEL-012A	CNWH69232	0	1	ERP_AUTO_PICKED_HERE	ERP deducted here but desktop did not pick this carton	ttaah67psk				
2026-08-27	MR-2026-03753	MAT-STE-2026-20123	318506	B004-OWSHEL-024A	CNWH55609	3	0	DESKTOP_PICKED_NOT_IN_ERP	Desktop picked here but ERP did not deduct this carton					
2026-08-27	MR-2026-03753	MAT-STE-2026-20123	318506	B005-OWSHEL-002B	CNWH69568	0	1	ERP_AUTO_PICKED_HERE	ERP deducted here but desktop did not pick this carton	ttbftm9krd				
2026-08-27	MR-2026-03753	MAT-STE-2026-20123	318506	B005-OWSHEL-002B	CNWH69569	0	1	ERP_AUTO_PICKED_HERE	ERP deducted here but desktop did not pick this carton	ttdasq8rfj				
2026-08-27	MR-2026-03773	MAT-STE-2026-20125	314637	B006-OWSHEL-014B	CNWH48931	0	1	ERP_AUTO_PICKED_HERE	ERP deducted here but desktop did not pick this carton	ttkqp5nvk2				
2026-08-27	MR-2026-03773	MAT-STE-2026-20125	314637	B006-OWSHEL-015C	CNWH52073	1	0	DESKTOP_PICKED_NOT_IN_ERP	Desktop picked here but ERP did not deduct this carton					
2026-08-27	MR-2026-03773	MAT-STE-2026-20125	314642	B003-OWSHEL-012A	CNWH69232	0	1	ERP_AUTO_PICKED_HERE	ERP deducted here but desktop did not pick this carton	ttmojdsrkc				
2026-08-27	MR-2026-03773	MAT-STE-2026-20125	314642	B003-OWSHEL-012A	CNWH69376	2	1	QTY_MISMATCH	Desktop and ERP qty differ on same carton	tto41gennk				
2026-08-27	MR-2026-03773	MAT-STE-2026-20125	318505	B002-OWSHEL-011B	CNWH55597	0	1	ERP_AUTO_PICKED_HERE	ERP deducted here but desktop did not pick this carton	ttrk2rl3qn				
2026-08-27	MR-2026-03773	MAT-STE-2026-20125	318505	B003-OWSHEL-012A	CNWH55600	0	1	ERP_AUTO_PICKED_HERE	ERP deducted here but desktop did not pick this carton	ttsu49hqel				
2026-08-27	MR-2026-03773	MAT-STE-2026-20125	318505	B004-OWSHEL-023B	CNWH55547	2	0	DESKTOP_PICKED_NOT_IN_ERP	Desktop picked here but ERP did not deduct this carton					
2026-08-27	MR-2026-03773	MAT-STE-2026-20125	318506	B002-OWSHEL-011B	CNWH55589	2	0	DESKTOP_PICKED_NOT_IN_ERP	Desktop picked here but ERP did not deduct this carton					
2026-08-27	MR-2026-03773	MAT-STE-2026-20125	318506	B006-OWSHEL-013A	CNWH61023	0	1	ERP_AUTO_PICKED_HERE	ERP deducted here but desktop did not pick this carton	ttvoq8hkm3				
2026-08-27	MR-2026-03773	MAT-STE-2026-20125	318506	B006-OWSHEL-015C	CNWH52091	0	1	ERP_AUTO_PICKED_HERE	ERP deducted here but desktop did not pick this carton	tu0b18b6g7				
2026-08-27	MR-2026-03783	MAT-STE-2026-20126	318476	B004-OWSHEL-003C	CNWH62227	0	2	ERP_AUTO_PICKED_HERE	ERP deducted here but desktop did not pick this carton	tuc3j8sqtk				
2026-08-27	MR-2026-03783	MAT-STE-2026-20126	318476	B004-OWSHEL-023B	CNWH55655	2	0	DESKTOP_PICKED_NOT_IN_ERP	Desktop picked here but ERP did not deduct this carton					
2026-08-27	MR-2026-03783	MAT-STE-2026-20126	318483	B004-OWSHEL-023B	CNWH55593	1	0	DESKTOP_PICKED_NOT_IN_ERP	Desktop picked here but ERP did not deduct this carton					
2026-08-27	MR-2026-03783	MAT-STE-2026-20126	318483	B005-OWSHEL-003C	CNWH62258	0	1	ERP_AUTO_PICKED_HERE	ERP deducted here but desktop did not pick this carton	tufjgi9n4u				
2026-08-27	MR-2026-03783	MAT-STE-2026-20126	318519	B003-OWSHEL-012A	CNWH55600	2	1	QTY_MISMATCH	Desktop and ERP qty differ on same carton	tunc8n1891				
2026-08-27	MR-2026-03783	MAT-STE-2026-20126	318519	B003-OWSHEL-012A	CNWH69232	0	1	ERP_AUTO_PICKED_HERE	ERP deducted here but desktop did not pick this carton	tun37cle9j				
2026-08-27	MR-2026-03793	MAT-STE-2026-20127	314635	B006-OWSHEL-015C	CNWH52073	0	1	ERP_AUTO_PICKED_HERE	ERP deducted here but desktop did not pick this carton	turc62koqi				
2026-08-27	MR-2026-03793	MAT-STE-2026-20127	314635	B006-OWSHEL-015C	CNWH52128	1	0	DESKTOP_PICKED_NOT_IN_ERP	Desktop picked here but ERP did not deduct this carton					
2026-08-27	MR-2026-03793	MAT-STE-2026-20127	314638	B006-OWSHEL-015C	CNWH52126	1	0	DESKTOP_PICKED_NOT_IN_ERP	Desktop picked here but ERP did not deduct this carton					
2026-08-27	MR-2026-03793	MAT-STE-2026-20127	314638	B006-OWSHEL-015C	CNWH52128	0	1	ERP_AUTO_PICKED_HERE	ERP deducted here but desktop did not pick this carton	tut86habmq				
2026-08-27	MR-2026-03793	MAT-STE-2026-20127	314659	B006-OWSHEL-015C	CNWH52073	3	0	DESKTOP_PICKED_NOT_IN_ERP	Desktop picked here but ERP did not deduct this carton					
2026-08-27	MR-2026-03793	MAT-STE-2026-20127	314659	B006-OWSHEL-015C	CNWH52104	0	1	ERP_AUTO_PICKED_HERE	ERP deducted here but desktop did not pick this carton	tuvl7c00m8				
2026-08-27	MR-2026-03793	MAT-STE-2026-20127	314659	B006-OWSHEL-015C	CNWH52128	0	1	ERP_AUTO_PICKED_HERE	ERP deducted here but desktop did not pick this carton	tuv3evfrt3				
2026-08-27	MR-2026-03793	MAT-STE-2026-20127	314659	B006-OWSHEL-015C	CNWH52141	1	2	QTY_MISMATCH	Desktop and ERP qty differ on same carton	tv0j35r9eq				
2026-08-27	MR-2026-03793	MAT-STE-2026-20127	314661	B006-OWSHEL-014B	CNWH48931	3	0	DESKTOP_PICKED_NOT_IN_ERP	Desktop picked here but ERP did not deduct this carton					
2026-08-27	MR-2026-03793	MAT-STE-2026-20127	314661	B006-OWSHEL-015C	CNWH52073	0	1	ERP_AUTO_PICKED_HERE	ERP deducted here but desktop did not pick this carton	tv147k92vf				
2026-08-27	MR-2026-03793	MAT-STE-2026-20127	314661	B006-OWSHEL-015C	CNWH52104	0	1	ERP_AUTO_PICKED_HERE	ERP deducted here but desktop did not pick this carton	tv3nh21fof				
2026-08-27	MR-2026-03793	MAT-STE-2026-20127	314661	B006-OWSHEL-015C	CNWH52126	2	3	QTY_MISMATCH	Desktop and ERP qty differ on same carton	tv409vjkb8				
2026-08-27	MR-2026-03793	MAT-STE-2026-20127	314668	B004-OWSHEL-024A	CNWH55660	2	0	DESKTOP_PICKED_NOT_IN_ERP	Desktop picked here but ERP did not deduct this carton					
2026-08-27	MR-2026-03793	MAT-STE-2026-20127	314668	B006-OWSHEL-014B	CNWH61034	0	1	ERP_AUTO_PICKED_HERE	ERP deducted here but desktop did not pick this carton	tvafhds6il				
2026-08-27	MR-2026-03793	MAT-STE-2026-20127	314668	B006-OWSHEL-014B	CNWH61039	0	1	ERP_AUTO_PICKED_HERE	ERP deducted here but desktop did not pick this carton	tvbrg8bv1u				
2026-08-27	MR-2026-03793	MAT-STE-2026-20127	318477	B004-OWSHEL-003C	CNWH62230	1	0	DESKTOP_PICKED_NOT_IN_ERP	Desktop picked here but ERP did not deduct this carton					
2026-08-27	MR-2026-03793	MAT-STE-2026-20127	318477	B004-OWSHEL-024A	CNWH55660	0	2	ERP_AUTO_PICKED_HERE	ERP deducted here but desktop did not pick this carton	tvpo7adaev				
2026-08-27	MR-2026-03793	MAT-STE-2026-20127	318477	B005-OWSHEL-035B	CNWH55645	1	0	DESKTOP_PICKED_NOT_IN_ERP	Desktop picked here but ERP did not deduct this carton					
2026-08-27	MR-2026-03793	MAT-STE-2026-20127	318483	B004-OWSHEL-023B	CNWH55593	1	2	QTY_MISMATCH	Desktop and ERP qty differ on same carton	tvsmsh0bdq				
2026-08-27	MR-2026-03793	MAT-STE-2026-20127	318483	B005-OWSHEL-003C	CNWH62258	1	0	DESKTOP_PICKED_NOT_IN_ERP	Desktop picked here but ERP did not deduct this carton					
2026-08-27	MR-2026-03793	MAT-STE-2026-20127	318489	B003-OWSHEL-012A	CNWH69223	0	2	ERP_AUTO_PICKED_HERE	ERP deducted here but desktop did not pick this carton	u02ps50s8h				
2026-08-27	MR-2026-03793	MAT-STE-2026-20127	318489	B004-OWSHEL-023B	CNWH55655	2	0	DESKTOP_PICKED_NOT_IN_ERP	Desktop picked here but ERP did not deduct this carton					
2026-08-27	MR-2026-03793	MAT-STE-2026-20127	318489	B004-OWSHEL-023B	CNWH55693	1	0	DESKTOP_PICKED_NOT_IN_ERP	Desktop picked here but ERP did not deduct this carton					
2026-08-27	MR-2026-03793	MAT-STE-2026-20127	318489	B005-OWSHEL-034C	CNWH55588	0	1	ERP_AUTO_PICKED_HERE	ERP deducted here but desktop did not pick this carton	u02mu4lo68				
2026-08-27	MR-2026-03793	MAT-STE-2026-20127	318505	B002-OWSHEL-011B	CNWH55589	1	0	DESKTOP_PICKED_NOT_IN_ERP	Desktop picked here but ERP did not deduct this carton					
2026-08-27	MR-2026-03793	MAT-STE-2026-20127	318505	B002-OWSHEL-011B	CNWH55597	1	0	DESKTOP_PICKED_NOT_IN_ERP	Desktop picked here but ERP did not deduct this carton					
2026-08-27	MR-2026-03793	MAT-STE-2026-20127	318505	B004-OWSHEL-024A	CNWH55609	0	2	ERP_AUTO_PICKED_HERE	ERP deducted here but desktop did not pick this carton	u03d40gnt6				
2026-08-27	MR-2026-03793	MAT-STE-2026-20127	322686	B006-OWSHEL-013A	CNWH61011	1	0	DESKTOP_PICKED_NOT_IN_ERP	Desktop picked here but ERP did not deduct this carton					
2026-08-27	MR-2026-03793	MAT-STE-2026-20127	322686	B006-OWSHEL-013A	CNWH61023	0	1	ERP_AUTO_PICKED_HERE	ERP deducted here but desktop did not pick this carton	u0fjji7arj				
2026-08-27	MR-2026-03807	MAT-STE-2026-20023	318477	B004-OWSHEL-003C	CNWH62227	0	2	ERP_AUTO_PICKED_HERE	ERP deducted here but desktop did not pick this carton	tqop75tim0				
2026-08-27	MR-2026-03807	MAT-STE-2026-20023	318477	B004-OWSHEL-024A	CNWH55660	2	0	DESKTOP_PICKED_NOT_IN_ERP	Desktop picked here but ERP did not deduct this carton					
2026-08-27	MR-2026-03807	MAT-STE-2026-20023	318495	B004-OWSHEL-024A	CNWH55687	2	0	DESKTOP_PICKED_NOT_IN_ERP	Desktop picked here but ERP did not deduct this carton					
2026-08-27	MR-2026-03807	MAT-STE-2026-20023	318495	B005-OWSHEL-035B	CNWH55671	0	1	ERP_AUTO_PICKED_HERE	ERP deducted here but desktop did not pick this carton	tqqts0u9dd				
2026-08-27	MR-2026-03807	MAT-STE-2026-20023	318495	B005-OWSHEL-035B	CNWH55675	0	1	ERP_AUTO_PICKED_HERE	ERP deducted here but desktop did not pick this carton	tqr0jl9jdf				
2026-08-29	MR-2026-03836	MAT-STE-2026-20178	322366	L009-OWSHEL-003C	CNWH61219	0	1	ERP_AUTO_PICKED_HERE	ERP deducted here but desktop did not pick this carton	u0olohsjff				
2026-08-29	MR-2026-03836	MAT-STE-2026-20178	322366	L010-OWSHEL-010C	CNWH60634	1	0	DESKTOP_PICKED_NOT_IN_ERP	Desktop picked here but ERP did not deduct this carton					
2026-08-29	MR-2026-03836	MAT-STE-2026-20178	322374	L010-OWSHEL-009D	CNWH60598	0	1	ERP_AUTO_PICKED_HERE	ERP deducted here but desktop did not pick this carton	u0tsauf0if				
2026-08-29	MR-2026-03836	MAT-STE-2026-20178	322374	L010-OWSHEL-014B	CNWH56887	2	0	DESKTOP_PICKED_NOT_IN_ERP	Desktop picked here but ERP did not deduct this carton					
2026-08-29	MR-2026-03836	MAT-STE-2026-20178	322374	L010-OWSHEL-014B	CNWH60477	0	1	ERP_AUTO_PICKED_HERE	ERP deducted here but desktop did not pick this carton	u10c1l4m6b				
2026-08-29	MR-2026-03836	MAT-STE-2026-20178	322380	L010-OWSHEL-003C	CNWH60214	0	1	ERP_AUTO_PICKED_HERE	ERP deducted here but desktop did not pick this carton	u13v8gqo7l				
2026-08-29	MR-2026-03836	MAT-STE-2026-20178	322380	L010-OWSHEL-003C	CNWH60917	0	1	ERP_AUTO_PICKED_HERE	ERP deducted here but desktop did not pick this carton	u16qq9ab0r				
2026-08-29	MR-2026-03836	MAT-STE-2026-20178	322380	L010-OWSHEL-014B	CNWH60475	2	0	DESKTOP_PICKED_NOT_IN_ERP	Desktop picked here but ERP did not deduct this carton					
2026-08-29	MR-2026-03836	MAT-STE-2026-20178	322387	L009-OWSHEL-008E	CNWH60625	0	3	ERP_AUTO_PICKED_HERE	ERP deducted here but desktop did not pick this carton	u1ebc1n6r5				
2026-08-29	MR-2026-03836	MAT-STE-2026-20178	322387	L010-OWSHEL-009D	CNWH60648	2	0	DESKTOP_PICKED_NOT_IN_ERP	Desktop picked here but ERP did not deduct this carton					
2026-08-29	MR-2026-03836	MAT-STE-2026-20178	322387	L010-OWSHEL-015C	CNWH60258	1	0	DESKTOP_PICKED_NOT_IN_ERP	Desktop picked here but ERP did not deduct this carton					
2026-08-29	MR-2026-03836	MAT-STE-2026-20178	322388	L009-OWSHEL-005E	CNWH61178	0	3	ERP_AUTO_PICKED_HERE	ERP deducted here but desktop did not pick this carton	u1ghu7fiu9				
2026-08-29	MR-2026-03836	MAT-STE-2026-20178	322388	L010-OWSHEL-002B	CNWH60905	3	0	DESKTOP_PICKED_NOT_IN_ERP	Desktop picked here but ERP did not deduct this carton					
2026-08-29	MR-2026-03836	MAT-STE-2026-20178	322405	L009-OWSHEL-045D	CNWH60160	0	2	ERP_AUTO_PICKED_HERE	ERP deducted here but desktop did not pick this carton	u287ddrqpa				
2026-08-29	MR-2026-03836	MAT-STE-2026-20178	322405	L010-OWSHEL-036A	CNWH60669	2	0	DESKTOP_PICKED_NOT_IN_ERP	Desktop picked here but ERP did not deduct this carton					
2026-08-29	MR-2026-03836	MAT-STE-2026-20178	322409	L009-OWSHEL-046C	CNWH60224	0	3	ERP_AUTO_PICKED_HERE	ERP deducted here but desktop did not pick this carton	u2bubqs91l				
2026-08-29	MR-2026-03836	MAT-STE-2026-20178	322409	L010-OWSHEL-036A	CNWH60669	3	0	DESKTOP_PICKED_NOT_IN_ERP	Desktop picked here but ERP did not deduct this carton					
2026-08-29	MR-2026-03836	MAT-STE-2026-20178	322422	L009-OWSHEL-017E	CNWH61189	0	1	ERP_AUTO_PICKED_HERE	ERP deducted here but desktop did not pick this carton	u2e3e22sda				
2026-08-29	MR-2026-03836	MAT-STE-2026-20178	322422	L010-OWSHEL-023B	CNWH61150	1	0	DESKTOP_PICKED_NOT_IN_ERP	Desktop picked here but ERP did not deduct this carton					
2026-08-29	MR-2026-03836	MAT-STE-2026-20178	322427	L009-OWSHEL-017E	CNWH61159	0	1	ERP_AUTO_PICKED_HERE	ERP deducted here but desktop did not pick this carton	u2gmpfr6hq				
2026-08-29	MR-2026-03836	MAT-STE-2026-20178	322427	L010-OWSHEL-022C	CNWH61227	1	0	DESKTOP_PICKED_NOT_IN_ERP	Desktop picked here but ERP did not deduct this carton					
2026-08-29	MR-2026-03836	MAT-STE-2026-20178	322434	L010-OWSHEL-022C	CNWH59835	0	1	ERP_AUTO_PICKED_HERE	ERP deducted here but desktop did not pick this carton	u2kifvh006				
2026-08-29	MR-2026-03836	MAT-STE-2026-20178	322434	L010-OWSHEL-034C	CNWH61152	1	0	DESKTOP_PICKED_NOT_IN_ERP	Desktop picked here but ERP did not deduct this carton					
2026-08-29	MR-2026-03836	MAT-STE-2026-20178	322435	L009-OWSHEL-017E	CNWH61162	0	1	ERP_AUTO_PICKED_HERE	ERP deducted here but desktop did not pick this carton	u2lhi3ic19				
2026-08-29	MR-2026-03836	MAT-STE-2026-20178	322435	L010-OWSHEL-034C	CNWH61222	1	0	DESKTOP_PICKED_NOT_IN_ERP	Desktop picked here but ERP did not deduct this carton					
2026-08-29	MR-2026-03836	MAT-STE-2026-20178	322440	L009-OWSHEL-017E	CNWH61162	0	1	ERP_AUTO_PICKED_HERE	ERP deducted here but desktop did not pick this carton	u2o7rl8mhq				
2026-08-29	MR-2026-03836	MAT-STE-2026-20178	322440	L010-OWSHEL-034C	CNWH61222	1	0	DESKTOP_PICKED_NOT_IN_ERP	Desktop picked here but ERP did not deduct this carton					
2026-08-29	MR-2026-03836	MAT-STE-2026-20178	322453	L009-OWSHEL-003C	CNWH66386	0	1	ERP_AUTO_PICKED_HERE	ERP deducted here but desktop did not pick this carton	u2r9he1j3p				
2026-08-29	MR-2026-03836	MAT-STE-2026-20178	322453	L009-OWSHEL-038B	CNWH61206	1	0	DESKTOP_PICKED_NOT_IN_ERP	Desktop picked here but ERP did not deduct this carton					
2026-08-29	MR-2026-03836	MAT-STE-2026-20178	322464	L009-OWSHEL-005E	CNWH61178	0	1	ERP_AUTO_PICKED_HERE	ERP deducted here but desktop did not pick this carton	u2u3isvbfk				
2026-08-29	MR-2026-03836	MAT-STE-2026-20178	322464	L009-OWSHEL-005E	CNWH61185	0	1	ERP_AUTO_PICKED_HERE	ERP deducted here but desktop did not pick this carton	u319dh84qt				
2026-08-29	MR-2026-03836	MAT-STE-2026-20178	322464	L010-OWSHEL-047B	CNWH59860	2	0	DESKTOP_PICKED_NOT_IN_ERP	Desktop picked here but ERP did not deduct this carton					
2026-08-29	MR-2026-03836	MAT-STE-2026-20178	322481	L009-OWSHEL-033D	CNWH59828	0	1	ERP_AUTO_PICKED_HERE	ERP deducted here but desktop did not pick this carton	u357q02tef				
2026-08-29	MR-2026-03836	MAT-STE-2026-20178	322481	L010-OWSHEL-015C	CNWH61215	1	0	DESKTOP_PICKED_NOT_IN_ERP	Desktop picked here but ERP did not deduct this carton					
2026-08-29	MR-2026-03836	MAT-STE-2026-20178	322497	L009-OWSHEL-017E	CNWH61199	0	1	ERP_AUTO_PICKED_HERE	ERP deducted here but desktop did not pick this carton	u3bfqbcp0l				
2026-08-29	MR-2026-03836	MAT-STE-2026-20178	322497	L010-OWSHEL-045D	CNWH59841	0	2	ERP_AUTO_PICKED_HERE	ERP deducted here but desktop did not pick this carton	u3d215ggli				
2026-08-29	MR-2026-03836	MAT-STE-2026-20178	322497	L010-OWSHEL-046C	CNWH61180	3	0	DESKTOP_PICKED_NOT_IN_ERP	Desktop picked here but ERP did not deduct this carton					
2026-08-29	MR-2026-03836	MAT-STE-2026-20178	322505	L009-OWSHEL-005E	CNWH60677	0	1	ERP_AUTO_PICKED_HERE	ERP deducted here but desktop did not pick this carton	u3g6he4acp				
2026-08-29	MR-2026-03836	MAT-STE-2026-20178	322505	L010-OWSHEL-011B	CNWH60953	1	0	DESKTOP_PICKED_NOT_IN_ERP	Desktop picked here but ERP did not deduct this carton					
2026-08-29	MR-2026-03836	MAT-STE-2026-20178	322506	L009-OWSHEL-005E	CNWH60677	0	1	ERP_AUTO_PICKED_HERE	ERP deducted here but desktop did not pick this carton	u3ig682fpu				
2026-08-29	MR-2026-03836	MAT-STE-2026-20178	322506	L010-OWSHEL-004D	CNWH60607	1	0	DESKTOP_PICKED_NOT_IN_ERP	Desktop picked here but ERP did not deduct this carton					
2026-08-29	MR-2026-03836	MAT-STE-2026-20178	322527	L009-OWSHEL-008E	CNWH60625	0	1	ERP_AUTO_PICKED_HERE	ERP deducted here but desktop did not pick this carton	u3kfevq72o				
2026-08-29	MR-2026-03836	MAT-STE-2026-20178	322527	L010-OWSHEL-011B	CNWH60254	1	0	DESKTOP_PICKED_NOT_IN_ERP	Desktop picked here but ERP did not deduct this carton					
2026-08-29	MR-2026-03836	MAT-STE-2026-20178	322533	L009-OWSHEL-008E	CNWH60605	0	1	ERP_AUTO_PICKED_HERE	ERP deducted here but desktop did not pick this carton	u3oamu3dvt				
2026-08-29	MR-2026-03836	MAT-STE-2026-20178	322533	L010-OWSHEL-012A	CNWH60121	1	0	DESKTOP_PICKED_NOT_IN_ERP	Desktop picked here but ERP did not deduct this carton					
2026-08-29	MR-2026-03836	MAT-STE-2026-20178	322537	L010-OWSHEL-009D	CNWH60652	0	1	ERP_AUTO_PICKED_HERE	ERP deducted here but desktop did not pick this carton	u3pr3mb15q				
2026-08-29	MR-2026-03836	MAT-STE-2026-20178	322537	L010-OWSHEL-010C	CNWH60656	1	0	DESKTOP_PICKED_NOT_IN_ERP	Desktop picked here but ERP did not deduct this carton					
2026-08-29	MR-2026-03836	MAT-STE-2026-20178	322541	L010-OWSHEL-009D	CNWH60650	0	1	ERP_AUTO_PICKED_HERE	ERP deducted here but desktop did not pick this carton	u3r32l4ddc				
2026-08-29	MR-2026-03836	MAT-STE-2026-20178	322541	L010-OWSHEL-014B	CNWH60235	1	0	DESKTOP_PICKED_NOT_IN_ERP	Desktop picked here but ERP did not deduct this carton					
2026-08-29	MR-2026-03836	MAT-STE-2026-20178	322601	L017-OWPALT-011C	CNWH67035	0	2	ERP_AUTO_PICKED_HERE	ERP deducted here but desktop did not pick this carton	u3tp2gfvnt				
2026-08-29	MR-2026-03836	MAT-STE-2026-20178	322601	L017-OWPALT-015B	CNWH60604	2	0	DESKTOP_PICKED_NOT_IN_ERP	Desktop picked here but ERP did not deduct this carton					
2026-08-29	MR-2026-03919	MAT-STE-2026-20181	321985	B003-OWSHEL-025A	CNWH63735	0	2	ERP_AUTO_PICKED_HERE	ERP deducted here but desktop did not pick this carton	u44pa8450m				
2026-08-29	MR-2026-03919	MAT-STE-2026-20181	321985	B004-OWSHEL-002B	CNWH64002	2	0	DESKTOP_PICKED_NOT_IN_ERP	Desktop picked here but ERP did not deduct this carton					
2026-08-29	MR-2026-03919	MAT-STE-2026-20181	322028	B004-OWSHEL-001A	CNWH63770	0	1	ERP_AUTO_PICKED_HERE	ERP deducted here but desktop did not pick this carton	u47qh0vadk				
2026-08-29	MR-2026-03919	MAT-STE-2026-20181	322028	B004-OWSHEL-002B	CNWH63729	0	1	ERP_AUTO_PICKED_HERE	ERP deducted here but desktop did not pick this carton	u4akiov53t				
2026-08-29	MR-2026-03919	MAT-STE-2026-20181	322028	B004-OWSHEL-026B	CNWH63882	2	0	DESKTOP_PICKED_NOT_IN_ERP	Desktop picked here but ERP did not deduct this carton					
2026-08-29	MR-2026-03919	MAT-STE-2026-20181	322042	B002-OWSHEL-011B	CNWH68296	0	1	ERP_AUTO_PICKED_HERE	ERP deducted here but desktop did not pick this carton	u4fgca3okh				
2026-08-29	MR-2026-03919	MAT-STE-2026-20181	322042	B004-OWSHEL-025A	CNWH63738	1	0	DESKTOP_PICKED_NOT_IN_ERP	Desktop picked here but ERP did not deduct this carton					
2026-08-29	MR-2026-03919	MAT-STE-2026-20181	322058	B002-OWSHEL-001A	CNWH63955	0	1	ERP_AUTO_PICKED_HERE	ERP deducted here but desktop did not pick this carton	u4o0kmjf2j				
2026-08-29	MR-2026-03919	MAT-STE-2026-20181	322058	B002-OWSHEL-001A	CNWH64164	1	0	DESKTOP_PICKED_NOT_IN_ERP	Desktop picked here but ERP did not deduct this carton					
2026-08-29	MR-2026-03919	MAT-STE-2026-20181	322071	B002-OWSHEL-014B	CNWH63814	0	1	ERP_AUTO_PICKED_HERE	ERP deducted here but desktop did not pick this carton	u4uu2vsooj				
2026-08-29	MR-2026-03919	MAT-STE-2026-20181	322071	B004-OWSHEL-025A	CNWH64001	1	0	DESKTOP_PICKED_NOT_IN_ERP	Desktop picked here but ERP did not deduct this carton					
2026-08-29	MR-2026-03919	MAT-STE-2026-20181	322072	B002-OWSHEL-001A	CNWH63962	0	1	ERP_AUTO_PICKED_HERE	ERP deducted here but desktop did not pick this carton	u505v7s2g0				
2026-08-29	MR-2026-03919	MAT-STE-2026-20181	322072	B004-OWSHEL-002B	CNWH63998	1	0	DESKTOP_PICKED_NOT_IN_ERP	Desktop picked here but ERP did not deduct this carton					
2026-08-29	MR-2026-03919	MAT-STE-2026-20181	322082	B002-OWSHEL-001A	CNWH63955	0	2	ERP_AUTO_PICKED_HERE	ERP deducted here but desktop did not pick this carton	u513bd5k6s				
2026-08-29	MR-2026-03919	MAT-STE-2026-20181	322082	B004-OWSHEL-026B	CNWH64193	2	0	DESKTOP_PICKED_NOT_IN_ERP	Desktop picked here but ERP did not deduct this carton					
2026-08-29	MR-2026-03929	MAT-STE-2026-20182	321992	B002-OWSHEL-001A	CNWH63955	0	1	ERP_AUTO_PICKED_HERE	ERP deducted here but desktop did not pick this carton	u53mho23bf				
2026-08-29	MR-2026-03929	MAT-STE-2026-20182	321992	B002-OWSHEL-001A	CNWH63962	0	3	ERP_AUTO_PICKED_HERE	ERP deducted here but desktop did not pick this carton	u57rnfdsh0				
2026-08-29	MR-2026-03929	MAT-STE-2026-20182	321992	B005-OWSHEL-002B	CNWH63950	3	0	DESKTOP_PICKED_NOT_IN_ERP	Desktop picked here but ERP did not deduct this carton					
2026-08-29	MR-2026-03929	MAT-STE-2026-20182	321992	B005-OWSHEL-002B	CNWH63961	1	0	DESKTOP_PICKED_NOT_IN_ERP	Desktop picked here but ERP did not deduct this carton					
2026-08-29	MR-2026-03929	MAT-STE-2026-20182	322047	B002-OWSHEL-011B	CNWH68296	0	1	ERP_AUTO_PICKED_HERE	ERP deducted here but desktop did not pick this carton	u5avf6jhea				
2026-08-29	MR-2026-03929	MAT-STE-2026-20182	322047	B004-OWSHEL-002B	CNWH63880	1	2	QTY_MISMATCH	Desktop and ERP qty differ on same carton	u5dkdqoilm				
2026-08-29	MR-2026-03929	MAT-STE-2026-20182	322047	B005-OWSHEL-002B	CNWH64243	2	0	DESKTOP_PICKED_NOT_IN_ERP	Desktop picked here but ERP did not deduct this carton					
2026-08-29	MR-2026-03929	MAT-STE-2026-20182	322058	B002-OWSHEL-001A	CNWH64063	0	1	ERP_AUTO_PICKED_HERE	ERP deducted here but desktop did not pick this carton	u5f5om5b7v				
2026-08-29	MR-2026-03929	MAT-STE-2026-20182	322058	B005-OWSHEL-002B	CNWH63893	1	0	DESKTOP_PICKED_NOT_IN_ERP	Desktop picked here but ERP did not deduct this carton					
2026-08-29	MR-2026-03929	MAT-STE-2026-20182	322059	B002-OWSHEL-001A	CNWH64101	0	1	ERP_AUTO_PICKED_HERE	ERP deducted here but desktop did not pick this carton	u5i71phmt3				
2026-08-29	MR-2026-03929	MAT-STE-2026-20182	322059	B005-OWSHEL-002B	CNWH63893	1	0	DESKTOP_PICKED_NOT_IN_ERP	Desktop picked here but ERP did not deduct this carton					
2026-08-29	MR-2026-03929	MAT-STE-2026-20182	322072	B002-OWSHEL-001A	CNWH64049	0	1	ERP_AUTO_PICKED_HERE	ERP deducted here but desktop did not pick this carton	u5m4e5eged				
2026-08-29	MR-2026-03929	MAT-STE-2026-20182	322072	B004-OWSHEL-002B	CNWH63998	1	0	DESKTOP_PICKED_NOT_IN_ERP	Desktop picked here but ERP did not deduct this carton					
2026-08-29	MR-2026-03942	MAT-STE-2026-20208	321981	B002-OWSHEL-011B	CNWH68296	1	0	DESKTOP_PICKED_NOT_IN_ERP	Desktop picked here but ERP did not deduct this carton					
2026-08-29	MR-2026-03942	MAT-STE-2026-20208	321981	B003-OWSHEL-025A	CNWH63763	0	1	ERP_AUTO_PICKED_HERE	ERP deducted here but desktop did not pick this carton	ujjn4q923l				
2026-08-29	MR-2026-03942	MAT-STE-2026-20208	321986	B003-OWSHEL-025A	CNWH63735	1	0	DESKTOP_PICKED_NOT_IN_ERP	Desktop picked here but ERP did not deduct this carton					
2026-08-29	MR-2026-03942	MAT-STE-2026-20208	321986	B003-OWSHEL-025A	CNWH63766	1	0	DESKTOP_PICKED_NOT_IN_ERP	Desktop picked here but ERP did not deduct this carton					
2026-08-29	MR-2026-03942	MAT-STE-2026-20208	321986	B003-OWSHEL-025A	CNWH63772	0	3	ERP_AUTO_PICKED_HERE	ERP deducted here but desktop did not pick this carton	ujm1kfn4sl				
2026-08-29	MR-2026-03942	MAT-STE-2026-20208	321986	B003-OWSHEL-025A	CNWH63783	2	1	QTY_MISMATCH	Desktop and ERP qty differ on same carton	ujn7cfca9o				
2026-08-29	MR-2026-03942	MAT-STE-2026-20208	321987	B003-OWSHEL-025A	CNWH63766	0	2	ERP_AUTO_PICKED_HERE	ERP deducted here but desktop did not pick this carton	ujq6cfrt88				
2026-08-29	MR-2026-03942	MAT-STE-2026-20208	321987	B003-OWSHEL-025A	CNWH63783	2	0	DESKTOP_PICKED_NOT_IN_ERP	Desktop picked here but ERP did not deduct this carton					
2026-08-29	MR-2026-03942	MAT-STE-2026-20208	321992	B003-OWSHEL-001A	CNWH65125	2	0	DESKTOP_PICKED_NOT_IN_ERP	Desktop picked here but ERP did not deduct this carton					
2026-08-29	MR-2026-03942	MAT-STE-2026-20208	321992	B003-OWSHEL-027C	CNWH65372	0	2	ERP_AUTO_PICKED_HERE	ERP deducted here but desktop did not pick this carton	ujsdep56re				
2026-08-29	MR-2026-03942	MAT-STE-2026-20208	321993	B005-OWSHEL-002B	CNWH63950	2	0	DESKTOP_PICKED_NOT_IN_ERP	Desktop picked here but ERP did not deduct this carton					
2026-08-29	MR-2026-03942	MAT-STE-2026-20208	321993	B005-OWSHEL-002B	CNWH63960	0	2	ERP_AUTO_PICKED_HERE	ERP deducted here but desktop did not pick this carton	ujvk6on5pc				
2026-08-29	MR-2026-03942	MAT-STE-2026-20208	322029	B002-OWSHEL-013A	CNWH63824	1	0	DESKTOP_PICKED_NOT_IN_ERP	Desktop picked here but ERP did not deduct this carton					
2026-08-29	MR-2026-03942	MAT-STE-2026-20208	322029	B004-OWSHEL-027C	CNWH63874	0	1	ERP_AUTO_PICKED_HERE	ERP deducted here but desktop did not pick this carton	uk73jcp8es				
2026-08-29	MR-2026-03942	MAT-STE-2026-20208	322047	B004-OWSHEL-002B	CNWH63880	2	0	DESKTOP_PICKED_NOT_IN_ERP	Desktop picked here but ERP did not deduct this carton					
2026-08-29	MR-2026-03942	MAT-STE-2026-20208	322047	B005-OWSHEL-002B	CNWH63893	0	2	ERP_AUTO_PICKED_HERE	ERP deducted here but desktop did not pick this carton	ukf9v8fnu6				
2026-08-29	MR-2026-03942	MAT-STE-2026-20208	322059	B002-OWSHEL-001A	CNWH64063	2	0	DESKTOP_PICKED_NOT_IN_ERP	Desktop picked here but ERP did not deduct this carton					
2026-08-29	MR-2026-03942	MAT-STE-2026-20208	322059	B005-OWSHEL-002B	CNWH64187	0	2	ERP_AUTO_PICKED_HERE	ERP deducted here but desktop did not pick this carton	ukkucjdlcf				
2026-08-29	MR-2026-03942	MAT-STE-2026-20208	322060	B002-OWSHEL-001A	CNWH64063	1	0	DESKTOP_PICKED_NOT_IN_ERP	Desktop picked here but ERP did not deduct this carton					
2026-08-29	MR-2026-03942	MAT-STE-2026-20208	322060	B005-OWSHEL-002B	CNWH64064	0	1	ERP_AUTO_PICKED_HERE	ERP deducted here but desktop did not pick this carton	ukmg7hn6qk				
2026-08-29	MR-2026-03942	MAT-STE-2026-20208	322064	B004-OWSHEL-025A	CNWH64001	1	2	QTY_MISMATCH	Desktop and ERP qty differ on same carton	ukuatd5g0s				
2026-08-29	MR-2026-03942	MAT-STE-2026-20208	322064	B004-OWSHEL-026B	CNWH63921	3	2	QTY_MISMATCH	Desktop and ERP qty differ on same carton	ukuskqpb9j				
2026-08-29	MR-2026-03942	MAT-STE-2026-20208	322065	B004-OWSHEL-026B	CNWH63921	2	0	DESKTOP_PICKED_NOT_IN_ERP	Desktop picked here but ERP did not deduct this carton					
2026-08-29	MR-2026-03942	MAT-STE-2026-20208	322065	B004-OWSHEL-026B	CNWH64203	0	2	ERP_AUTO_PICKED_HERE	ERP deducted here but desktop did not pick this carton	ukv249j4lf				
2026-08-29	MR-2026-03942	MAT-STE-2026-20208	322070	B003-OWSHEL-025A	CNWH63999	0	3	ERP_AUTO_PICKED_HERE	ERP deducted here but desktop did not pick this carton	ul2t39bjg7				
2026-08-29	MR-2026-03942	MAT-STE-2026-20208	322070	B004-OWSHEL-025A	CNWH64001	3	0	DESKTOP_PICKED_NOT_IN_ERP	Desktop picked here but ERP did not deduct this carton					
2026-08-29	MR-2026-03942	MAT-STE-2026-20208	322071	B002-OWSHEL-014B	CNWH63814	1	0	DESKTOP_PICKED_NOT_IN_ERP	Desktop picked here but ERP did not deduct this carton					
2026-08-29	MR-2026-03942	MAT-STE-2026-20208	322071	B004-OWSHEL-002B	CNWH63731	0	1	ERP_AUTO_PICKED_HERE	ERP deducted here but desktop did not pick this carton	ul4mvqa8kb				
2026-08-29	MR-2026-03942	MAT-STE-2026-20208	322071	B004-OWSHEL-002B	CNWH63979	0	2	ERP_AUTO_PICKED_HERE	ERP deducted here but desktop did not pick this carton	ul6573llqu				
2026-08-29	MR-2026-03942	MAT-STE-2026-20208	322071	B004-OWSHEL-025A	CNWH64001	2	0	DESKTOP_PICKED_NOT_IN_ERP	Desktop picked here but ERP did not deduct this carton					
2026-08-29	MR-2026-03942	MAT-STE-2026-20208	322072	B002-OWSHEL-014B	CNWH63814	1	0	DESKTOP_PICKED_NOT_IN_ERP	Desktop picked here but ERP did not deduct this carton					
2026-08-29	MR-2026-03942	MAT-STE-2026-20208	322072	B004-OWSHEL-002B	CNWH63729	0	1	ERP_AUTO_PICKED_HERE	ERP deducted here but desktop did not pick this carton	ul81kjt77m				
2026-08-29	MR-2026-03942	MAT-STE-2026-20208	322081	B002-OWSHEL-013A	CNWH63828	1	0	DESKTOP_PICKED_NOT_IN_ERP	Desktop picked here but ERP did not deduct this carton					
2026-08-29	MR-2026-03942	MAT-STE-2026-20208	322081	B003-OWSHEL-001A	CNWH63825	0	1	ERP_AUTO_PICKED_HERE	ERP deducted here but desktop did not pick this carton	ule2d97pg5				
2026-08-29	MR-2026-03942	MAT-STE-2026-20208	322082	B002-OWSHEL-013A	CNWH63824	0	3	ERP_AUTO_PICKED_HERE	ERP deducted here but desktop did not pick this carton	ulfe57akp8				
2026-08-29	MR-2026-03942	MAT-STE-2026-20208	322082	B002-OWSHEL-013A	CNWH63828	6	3	QTY_MISMATCH	Desktop and ERP qty differ on same carton	ulilb1bva7				
2026-08-29	MR-2026-03942	MAT-STE-2026-20208	322083	B002-OWSHEL-013A	CNWH63755	0	3	ERP_AUTO_PICKED_HERE	ERP deducted here but desktop did not pick this carton	ullef1tn5m				
2026-08-29	MR-2026-03942	MAT-STE-2026-20208	322083	B002-OWSHEL-013A	CNWH63819	0	1	ERP_AUTO_PICKED_HERE	ERP deducted here but desktop did not pick this carton	ulmmio1tr4				
2026-08-29	MR-2026-03942	MAT-STE-2026-20208	322083	B002-OWSHEL-013A	CNWH63828	4	0	DESKTOP_PICKED_NOT_IN_ERP	Desktop picked here but ERP did not deduct this carton					
2026-08-29	MR-2026-03942	MAT-STE-2026-20208	322085	B002-OWSHEL-013A	CNWH63836	1	0	DESKTOP_PICKED_NOT_IN_ERP	Desktop picked here but ERP did not deduct this carton					
2026-08-29	MR-2026-03942	MAT-STE-2026-20208	322085	B002-OWSHEL-014B	CNWH63831	0	1	ERP_AUTO_PICKED_HERE	ERP deducted here but desktop did not pick this carton	ulpl03ikf8				
2026-08-29	MR-2026-03949	MAT-STE-2026-20183	321981	B002-OWSHEL-011B	CNWH68296	0	1	ERP_AUTO_PICKED_HERE	ERP deducted here but desktop did not pick this carton	u5rttrhms8				
2026-08-29	MR-2026-03949	MAT-STE-2026-20183	321981	B004-OWSHEL-002B	CNWH63880	1	0	DESKTOP_PICKED_NOT_IN_ERP	Desktop picked here but ERP did not deduct this carton					
2026-08-29	MR-2026-03949	MAT-STE-2026-20183	321985	B003-OWSHEL-025A	CNWH63766	0	1	ERP_AUTO_PICKED_HERE	ERP deducted here but desktop did not pick this carton	u5t51d3uv3				
2026-08-29	MR-2026-03949	MAT-STE-2026-20183	321985	B004-OWSHEL-001A	CNWH63779	1	0	DESKTOP_PICKED_NOT_IN_ERP	Desktop picked here but ERP did not deduct this carton					
2026-08-29	MR-2026-03949	MAT-STE-2026-20183	321986	B003-OWSHEL-025A	CNWH63735	0	1	ERP_AUTO_PICKED_HERE	ERP deducted here but desktop did not pick this carton	u600lld812				
2026-08-29	MR-2026-03949	MAT-STE-2026-20183	321986	B004-OWSHEL-001A	CNWH63779	1	0	DESKTOP_PICKED_NOT_IN_ERP	Desktop picked here but ERP did not deduct this carton					
2026-08-29	MR-2026-03949	MAT-STE-2026-20183	322029	B002-OWSHEL-013A	CNWH63824	0	1	ERP_AUTO_PICKED_HERE	ERP deducted here but desktop did not pick this carton	u61a4rqpqi				
2026-08-29	MR-2026-03949	MAT-STE-2026-20183	322029	B004-OWSHEL-002B	CNWH63729	0	1	ERP_AUTO_PICKED_HERE	ERP deducted here but desktop did not pick this carton	u64cb6meik				
2026-08-29	MR-2026-03949	MAT-STE-2026-20183	322029	B004-OWSHEL-002B	CNWH63731	1	0	DESKTOP_PICKED_NOT_IN_ERP	Desktop picked here but ERP did not deduct this carton					
2026-08-29	MR-2026-03949	MAT-STE-2026-20183	322029	B004-OWSHEL-002B	CNWH64002	1	0	DESKTOP_PICKED_NOT_IN_ERP	Desktop picked here but ERP did not deduct this carton					
2026-08-29	MR-2026-03949	MAT-STE-2026-20183	322042	B003-OWSHEL-025A	CNWH63735	0	1	ERP_AUTO_PICKED_HERE	ERP deducted here but desktop did not pick this carton	u66thpr611				
2026-08-29	MR-2026-03949	MAT-STE-2026-20183	322042	B004-OWSHEL-025A	CNWH63738	1	0	DESKTOP_PICKED_NOT_IN_ERP	Desktop picked here but ERP did not deduct this carton					
2026-08-29	MR-2026-03949	MAT-STE-2026-20183	322048	B004-OWSHEL-002B	CNWH64002	0	1	ERP_AUTO_PICKED_HERE	ERP deducted here but desktop did not pick this carton	u69jdpa73t				
2026-08-29	MR-2026-03949	MAT-STE-2026-20183	322048	B005-OWSHEL-036A	CNWH64234	1	0	DESKTOP_PICKED_NOT_IN_ERP	Desktop picked here but ERP did not deduct this carton					
2026-08-29	MR-2026-03949	MAT-STE-2026-20183	322060	B002-OWSHEL-001A	CNWH64063	1	2	QTY_MISMATCH	Desktop and ERP qty differ on same carton	u6b1k7orvd				
2026-08-29	MR-2026-03949	MAT-STE-2026-20183	322060	B002-OWSHEL-001A	CNWH64164	1	0	DESKTOP_PICKED_NOT_IN_ERP	Desktop picked here but ERP did not deduct this carton					
2026-08-29	MR-2026-03962	MAT-STE-2026-20202	321981	B002-OWSHEL-013A	CNWH63755	0	2	ERP_AUTO_PICKED_HERE	ERP deducted here but desktop did not pick this carton	ubcqkh7d9c				
2026-08-29	MR-2026-03962	MAT-STE-2026-20202	321981	B002-OWSHEL-014B	CNWH63814	2	0	DESKTOP_PICKED_NOT_IN_ERP	Desktop picked here but ERP did not deduct this carton					
2026-08-29	MR-2026-03962	MAT-STE-2026-20202	322029	B004-OWSHEL-025A	CNWH64001	2	0	DESKTOP_PICKED_NOT_IN_ERP	Desktop picked here but ERP did not deduct this carton					
2026-08-29	MR-2026-03962	MAT-STE-2026-20202	322029	B004-OWSHEL-026B	CNWH63882	0	1	ERP_AUTO_PICKED_HERE	ERP deducted here but desktop did not pick this carton	ubi4njstla				
2026-08-29	MR-2026-03962	MAT-STE-2026-20202	322029	B004-OWSHEL-026B	CNWH64193	0	1	ERP_AUTO_PICKED_HERE	ERP deducted here but desktop did not pick this carton	ubkme5cahc				
2026-08-29	MR-2026-03962	MAT-STE-2026-20202	322039	B004-OWSHEL-025A	CNWH63744	2	0	DESKTOP_PICKED_NOT_IN_ERP	Desktop picked here but ERP did not deduct this carton					
2026-08-29	MR-2026-03962	MAT-STE-2026-20202	322039	B004-OWSHEL-025A	CNWH63748	0	2	ERP_AUTO_PICKED_HERE	ERP deducted here but desktop did not pick this carton	ubq0cia54t				
2026-08-29	MR-2026-03962	MAT-STE-2026-20202	322058	B002-OWSHEL-001A	CNWH64063	2	0	DESKTOP_PICKED_NOT_IN_ERP	Desktop picked here but ERP did not deduct this carton					
2026-08-29	MR-2026-03962	MAT-STE-2026-20202	322058	B002-OWSHEL-001A	CNWH64164	0	2	ERP_AUTO_PICKED_HERE	ERP deducted here but desktop did not pick this carton	ubvrafgs8o				
2026-08-29	MR-2026-03962	MAT-STE-2026-20202	322071	B002-OWSHEL-014B	CNWH63814	1	0	DESKTOP_PICKED_NOT_IN_ERP	Desktop picked here but ERP did not deduct this carton					
2026-08-29	MR-2026-03962	MAT-STE-2026-20202	322071	B002-OWSHEL-014B	CNWH63827	1	2	QTY_MISMATCH	Desktop and ERP qty differ on same carton	uc4rr9ekid				
2026-08-29	MR-2026-03962	MAT-STE-2026-20202	322072	B002-OWSHEL-014B	CNWH63827	2	0	DESKTOP_PICKED_NOT_IN_ERP	Desktop picked here but ERP did not deduct this carton					
2026-08-29	MR-2026-03962	MAT-STE-2026-20202	322072	B003-OWSHEL-025A	CNWH63735	0	1	ERP_AUTO_PICKED_HERE	ERP deducted here but desktop did not pick this carton	uc6div3k1m				
2026-08-29	MR-2026-03962	MAT-STE-2026-20202	322072	B003-OWSHEL-025A	CNWH63999	0	1	ERP_AUTO_PICKED_HERE	ERP deducted here but desktop did not pick this carton	uc9vaups96				
2026-08-29	MR-2026-03962	MAT-STE-2026-20202	322081	B002-OWSHEL-013A	CNWH63824	1	2	QTY_MISMATCH	Desktop and ERP qty differ on same carton	uccfo9docq				
2026-08-29	MR-2026-03962	MAT-STE-2026-20202	322081	B002-OWSHEL-013A	CNWH63828	0	2	ERP_AUTO_PICKED_HERE	ERP deducted here but desktop did not pick this carton	ucekoclpdl				
2026-08-29	MR-2026-03962	MAT-STE-2026-20202	322081	B002-OWSHEL-014B	CNWH63831	2	0	DESKTOP_PICKED_NOT_IN_ERP	Desktop picked here but ERP did not deduct this carton					
2026-08-29	MR-2026-03962	MAT-STE-2026-20202	322081	B002-OWSHEL-014B	CNWH63841	1	0	DESKTOP_PICKED_NOT_IN_ERP	Desktop picked here but ERP did not deduct this carton					
2026-08-29	MR-2026-03975	MAT-STE-2026-20184	321982	B003-OWSHEL-001A	CNWH63826	0	1	ERP_AUTO_PICKED_HERE	ERP deducted here but desktop did not pick this carton	u6euijb1bh				
2026-08-29	MR-2026-03975	MAT-STE-2026-20184	321982	B003-OWSHEL-025A	CNWH63740	2	1	QTY_MISMATCH	Desktop and ERP qty differ on same carton	u6h6m9e4sd				
2026-08-29	MR-2026-03975	MAT-STE-2026-20184	321985	B003-OWSHEL-025A	CNWH63785	0	2	ERP_AUTO_PICKED_HERE	ERP deducted here but desktop did not pick this carton	u6jppv8jds				
2026-08-29	MR-2026-03975	MAT-STE-2026-20184	321985	B003-OWSHEL-025A	CNWH63789	2	0	DESKTOP_PICKED_NOT_IN_ERP	Desktop picked here but ERP did not deduct this carton					
2026-08-29	MR-2026-03975	MAT-STE-2026-20184	321987	B003-OWSHEL-001A	CNWH63804	0	2	ERP_AUTO_PICKED_HERE	ERP deducted here but desktop did not pick this carton	u6mmvjs579				
2026-08-29	MR-2026-03975	MAT-STE-2026-20184	321987	B003-OWSHEL-025A	CNWH63789	2	0	DESKTOP_PICKED_NOT_IN_ERP	Desktop picked here but ERP did not deduct this carton					
2026-08-29	MR-2026-03975	MAT-STE-2026-20184	321988	B004-OWSHEL-001A	CNWH63728	0	1	ERP_AUTO_PICKED_HERE	ERP deducted here but desktop did not pick this carton	u6nacuebhe				
2026-08-29	MR-2026-03975	MAT-STE-2026-20184	321988	B004-OWSHEL-001A	CNWH63780	1	0	DESKTOP_PICKED_NOT_IN_ERP	Desktop picked here but ERP did not deduct this carton					
2026-08-29	MR-2026-03975	MAT-STE-2026-20184	321991	B002-OWSHEL-001A	CNWH63955	0	1	ERP_AUTO_PICKED_HERE	ERP deducted here but desktop did not pick this carton	u6par94509				
2026-08-29	MR-2026-03975	MAT-STE-2026-20184	321991	B002-OWSHEL-001A	CNWH63962	2	1	QTY_MISMATCH	Desktop and ERP qty differ on same carton	u6sbs17s07				
2026-08-29	MR-2026-03975	MAT-STE-2026-20184	321994	B003-OWSHEL-001A	CNWH65125	0	2	ERP_AUTO_PICKED_HERE	ERP deducted here but desktop did not pick this carton	u71hieja82				
2026-08-29	MR-2026-03975	MAT-STE-2026-20184	321994	B004-OWSHEL-026B	CNWH63746	0	2	ERP_AUTO_PICKED_HERE	ERP deducted here but desktop did not pick this carton	u76o7dmlpr				
2026-08-29	MR-2026-03975	MAT-STE-2026-20184	321994	B005-OWSHEL-002B	CNWH63960	3	0	DESKTOP_PICKED_NOT_IN_ERP	Desktop picked here but ERP did not deduct this carton					
2026-08-29	MR-2026-03975	MAT-STE-2026-20184	321994	B005-OWSHEL-002B	CNWH64187	1	0	DESKTOP_PICKED_NOT_IN_ERP	Desktop picked here but ERP did not deduct this carton					
2026-08-29	MR-2026-03975	MAT-STE-2026-20184	322004	B005-OWSHEL-002B	CNWH64208	1	0	DESKTOP_PICKED_NOT_IN_ERP	Desktop picked here but ERP did not deduct this carton					
2026-08-29	MR-2026-03975	MAT-STE-2026-20184	322005	B004-OWSHEL-025A	CNWH64194	1	0	DESKTOP_PICKED_NOT_IN_ERP	Desktop picked here but ERP did not deduct this carton					
2026-08-29	MR-2026-03975	MAT-STE-2026-20184	322005	B005-OWSHEL-002B	CNWH64208	3	0	DESKTOP_PICKED_NOT_IN_ERP	Desktop picked here but ERP did not deduct this carton					
2026-08-29	MR-2026-03975	MAT-STE-2026-20184	322005	B005-OWSHEL-003C	CNWH63883	2	0	DESKTOP_PICKED_NOT_IN_ERP	Desktop picked here but ERP did not deduct this carton					
2026-08-29	MR-2026-03975	MAT-STE-2026-20184	322024	B003-OWSHEL-025A	CNWH63772	0	1	ERP_AUTO_PICKED_HERE	ERP deducted here but desktop did not pick this carton	u7npms81uo				
2026-08-29	MR-2026-03975	MAT-STE-2026-20184	322024	B004-OWSHEL-002B	CNWH63880	0	1	ERP_AUTO_PICKED_HERE	ERP deducted here but desktop did not pick this carton	u7p3naf2d5				
2026-08-29	MR-2026-03975	MAT-STE-2026-20184	322024	B004-OWSHEL-026B	CNWH64212	2	0	DESKTOP_PICKED_NOT_IN_ERP	Desktop picked here but ERP did not deduct this carton					
2026-08-29	MR-2026-03975	MAT-STE-2026-20184	322024	B004-OWSHEL-026B	CNWH64233	1	0	DESKTOP_PICKED_NOT_IN_ERP	Desktop picked here but ERP did not deduct this carton					
2026-08-29	MR-2026-03975	MAT-STE-2026-20184	322027	B004-OWSHEL-001A	CNWH63777	2	0	DESKTOP_PICKED_NOT_IN_ERP	Desktop picked here but ERP did not deduct this carton					
2026-08-29	MR-2026-03975	MAT-STE-2026-20184	322029	B004-OWSHEL-002B	CNWH63731	0	2	ERP_AUTO_PICKED_HERE	ERP deducted here but desktop did not pick this carton	u7rsq63slq				
2026-08-29	MR-2026-03975	MAT-STE-2026-20184	322029	B004-OWSHEL-002B	CNWH63781	0	1	ERP_AUTO_PICKED_HERE	ERP deducted here but desktop did not pick this carton	u7tmfhsjhg				
2026-08-29	MR-2026-03975	MAT-STE-2026-20184	322029	B004-OWSHEL-026B	CNWH64212	2	0	DESKTOP_PICKED_NOT_IN_ERP	Desktop picked here but ERP did not deduct this carton					
2026-08-29	MR-2026-03975	MAT-STE-2026-20184	322029	B004-OWSHEL-026B	CNWH64213	1	0	DESKTOP_PICKED_NOT_IN_ERP	Desktop picked here but ERP did not deduct this carton					
2026-08-29	MR-2026-03975	MAT-STE-2026-20184	322031	B002-OWSHEL-013A	CNWH63755	1	0	DESKTOP_PICKED_NOT_IN_ERP	Desktop picked here but ERP did not deduct this carton					
2026-08-29	MR-2026-03975	MAT-STE-2026-20184	322039	B004-OWSHEL-025A	CNWH63754	1	0	DESKTOP_PICKED_NOT_IN_ERP	Desktop picked here but ERP did not deduct this carton					
2026-08-29	MR-2026-03975	MAT-STE-2026-20184	322048	B002-OWSHEL-011B	CNWH50786	1	0	DESKTOP_PICKED_NOT_IN_ERP	Desktop picked here but ERP did not deduct this carton					
2026-08-29	MR-2026-03975	MAT-STE-2026-20184	322048	B004-OWSHEL-002B	CNWH64002	1	0	DESKTOP_PICKED_NOT_IN_ERP	Desktop picked here but ERP did not deduct this carton					
2026-08-29	MR-2026-03975	MAT-STE-2026-20184	322048	B005-OWSHEL-002B	CNWH63893	0	1	ERP_AUTO_PICKED_HERE	ERP deducted here but desktop did not pick this carton	u7vviou4uv				
2026-08-29	MR-2026-03975	MAT-STE-2026-20184	322048	B005-OWSHEL-003C	CNWH63883	1	0	DESKTOP_PICKED_NOT_IN_ERP	Desktop picked here but ERP did not deduct this carton					
2026-08-29	MR-2026-03975	MAT-STE-2026-20184	322059	B002-OWSHEL-001A	CNWH64164	0	3	ERP_AUTO_PICKED_HERE	ERP deducted here but desktop did not pick this carton	u85v0gih2a				
2026-08-29	MR-2026-03975	MAT-STE-2026-20184	322059	B005-OWSHEL-002B	CNWH64187	3	0	DESKTOP_PICKED_NOT_IN_ERP	Desktop picked here but ERP did not deduct this carton					
2026-08-29	MR-2026-03975	MAT-STE-2026-20184	322071	B004-OWSHEL-027C	CNWH63881	2	0	DESKTOP_PICKED_NOT_IN_ERP	Desktop picked here but ERP did not deduct this carton					
2026-08-29	MR-2026-03975	MAT-STE-2026-20184	322072	B002-OWSHEL-001A	CNWH63962	2	0	DESKTOP_PICKED_NOT_IN_ERP	Desktop picked here but ERP did not deduct this carton					
2026-08-29	MR-2026-03975	MAT-STE-2026-20184	322072	B002-OWSHEL-001A	CNWH64049	1	0	DESKTOP_PICKED_NOT_IN_ERP	Desktop picked here but ERP did not deduct this carton					
2026-08-29	MR-2026-03975	MAT-STE-2026-20184	322072	B002-OWSHEL-014B	CNWH63814	0	1	ERP_AUTO_PICKED_HERE	ERP deducted here but desktop did not pick this carton	u8a0cg92td				
2026-08-29	MR-2026-03975	MAT-STE-2026-20184	322072	B002-OWSHEL-014B	CNWH63827	0	2	ERP_AUTO_PICKED_HERE	ERP deducted here but desktop did not pick this carton	u8cl2p1jej				
2026-08-29	MR-2026-03975	MAT-STE-2026-20184	322072	B004-OWSHEL-002B	CNWH63731	1	0	DESKTOP_PICKED_NOT_IN_ERP	Desktop picked here but ERP did not deduct this carton					
2026-08-29	MR-2026-03975	MAT-STE-2026-20184	322072	B004-OWSHEL-002B	CNWH63998	1	0	DESKTOP_PICKED_NOT_IN_ERP	Desktop picked here but ERP did not deduct this carton					
2026-08-29	MR-2026-03975	MAT-STE-2026-20184	322080	B002-OWSHEL-013A	CNWH63837	1	0	DESKTOP_PICKED_NOT_IN_ERP	Desktop picked here but ERP did not deduct this carton					
2026-08-29	MR-2026-03975	MAT-STE-2026-20184	322081	B002-OWSHEL-013A	CNWH63823	0	1	ERP_AUTO_PICKED_HERE	ERP deducted here but desktop did not pick this carton	u8lku3ov4v				
2026-08-29	MR-2026-03975	MAT-STE-2026-20184	322081	B002-OWSHEL-013A	CNWH63824	1	0	DESKTOP_PICKED_NOT_IN_ERP	Desktop picked here but ERP did not deduct this carton					
2026-08-29	MR-2026-03975	MAT-STE-2026-20184	322081	B004-OWSHEL-026B	CNWH64193	2	0	DESKTOP_PICKED_NOT_IN_ERP	Desktop picked here but ERP did not deduct this carton					
2026-08-29	MR-2026-03975	MAT-STE-2026-20184	322081	B004-OWSHEL-026B	CNWH64195	2	0	DESKTOP_PICKED_NOT_IN_ERP	Desktop picked here but ERP did not deduct this carton					
2026-08-29	MR-2026-03975	MAT-STE-2026-20184	322084	B002-OWSHEL-001A	CNWH63955	0	1	ERP_AUTO_PICKED_HERE	ERP deducted here but desktop did not pick this carton	u8ng418k0s				
2026-08-29	MR-2026-03975	MAT-STE-2026-20184	322084	B002-OWSHEL-013A	CNWH63755	0	2	ERP_AUTO_PICKED_HERE	ERP deducted here but desktop did not pick this carton	u8ol30tutl				
2026-08-29	MR-2026-03975	MAT-STE-2026-20184	322084	B002-OWSHEL-013A	CNWH63819	0	1	ERP_AUTO_PICKED_HERE	ERP deducted here but desktop did not pick this carton	u8pmepu1el				
2026-08-29	MR-2026-03975	MAT-STE-2026-20184	322084	B002-OWSHEL-013A	CNWH63824	2	0	DESKTOP_PICKED_NOT_IN_ERP	Desktop picked here but ERP did not deduct this carton					
2026-08-29	MR-2026-03975	MAT-STE-2026-20184	322084	B002-OWSHEL-013A	CNWH63836	1	0	DESKTOP_PICKED_NOT_IN_ERP	Desktop picked here but ERP did not deduct this carton					
2026-08-29	MR-2026-03975	MAT-STE-2026-20184	322084	B002-OWSHEL-013A	CNWH63837	1	0	DESKTOP_PICKED_NOT_IN_ERP	Desktop picked here but ERP did not deduct this carton					
2026-08-29	MR-2026-03975	MAT-STE-2026-20184	322085	B002-OWSHEL-001A	CNWH63955	0	1	ERP_AUTO_PICKED_HERE	ERP deducted here but desktop did not pick this carton	u8tteog6m7				
2026-08-29	MR-2026-03975	MAT-STE-2026-20184	322085	B002-OWSHEL-014B	CNWH63831	1	0	DESKTOP_PICKED_NOT_IN_ERP	Desktop picked here but ERP did not deduct this carton					
2026-08-29	MR-2026-03988	MAT-STE-2026-20186	321994	B004-OWSHEL-026B	CNWH64212	0	1	ERP_AUTO_PICKED_HERE	ERP deducted here but desktop did not pick this carton	u97u1soatv				
2026-08-29	MR-2026-03988	MAT-STE-2026-20186	321994	B005-OWSHEL-002B	CNWH63950	1	0	DESKTOP_PICKED_NOT_IN_ERP	Desktop picked here but ERP did not deduct this carton					
2026-08-29	MR-2026-03988	MAT-STE-2026-20186	322024	B004-OWSHEL-025A	CNWH63744	0	1	ERP_AUTO_PICKED_HERE	ERP deducted here but desktop did not pick this carton	u9isfo4961				
2026-08-29	MR-2026-03988	MAT-STE-2026-20186	322024	B005-OWSHEL-002B	CNWH63893	1	0	DESKTOP_PICKED_NOT_IN_ERP	Desktop picked here but ERP did not deduct this carton					
2026-08-29	MR-2026-03988	MAT-STE-2026-20186	322029	B004-OWSHEL-002B	CNWH63880	0	2	ERP_AUTO_PICKED_HERE	ERP deducted here but desktop did not pick this carton	u9lbi4fsql				
2026-08-29	MR-2026-03988	MAT-STE-2026-20186	322029	B004-OWSHEL-026B	CNWH64193	1	0	DESKTOP_PICKED_NOT_IN_ERP	Desktop picked here but ERP did not deduct this carton					
2026-08-29	MR-2026-03988	MAT-STE-2026-20186	322029	B004-OWSHEL-027C	CNWH63874	1	0	DESKTOP_PICKED_NOT_IN_ERP	Desktop picked here but ERP did not deduct this carton					
2026-08-29	MR-2026-03988	MAT-STE-2026-20186	322041	B002-OWSHEL-013A	CNWH63755	0	1	ERP_AUTO_PICKED_HERE	ERP deducted here but desktop did not pick this carton	u9mrnotl0r				
2026-08-29	MR-2026-03988	MAT-STE-2026-20186	322041	B004-OWSHEL-025A	CNWH63754	1	0	DESKTOP_PICKED_NOT_IN_ERP	Desktop picked here but ERP did not deduct this carton					
2026-08-29	MR-2026-03988	MAT-STE-2026-20186	322047	B004-OWSHEL-026B	CNWH64212	0	1	ERP_AUTO_PICKED_HERE	ERP deducted here but desktop did not pick this carton	u9ofsui8cg				
2026-08-29	MR-2026-03988	MAT-STE-2026-20186	322047	B005-OWSHEL-002B	CNWH63893	1	0	DESKTOP_PICKED_NOT_IN_ERP	Desktop picked here but ERP did not deduct this carton					
2026-08-29	MR-2026-03988	MAT-STE-2026-20186	322048	B005-OWSHEL-002B	CNWH63893	1	0	DESKTOP_PICKED_NOT_IN_ERP	Desktop picked here but ERP did not deduct this carton					
2026-08-29	MR-2026-03988	MAT-STE-2026-20186	322048	B005-OWSHEL-002B	CNWH64243	0	1	ERP_AUTO_PICKED_HERE	ERP deducted here but desktop did not pick this carton	u9q12kl5cg				
2026-08-29	MR-2026-04001	MAT-STE-2026-20187	321982	B003-OWSHEL-025A	CNWH63740	1	0	DESKTOP_PICKED_NOT_IN_ERP	Desktop picked here but ERP did not deduct this carton					
2026-08-29	MR-2026-04001	MAT-STE-2026-20187	321982	B005-OWSHEL-003C	CNWH64828	0	1	ERP_AUTO_PICKED_HERE	ERP deducted here but desktop did not pick this carton	ua6bl684ot				
2026-08-29	MR-2026-04001	MAT-STE-2026-20187	321985	B003-OWSHEL-025A	CNWH63766	1	0	DESKTOP_PICKED_NOT_IN_ERP	Desktop picked here but ERP did not deduct this carton					
2026-08-29	MR-2026-04001	MAT-STE-2026-20187	321985	B003-OWSHEL-025A	CNWH63785	1	0	DESKTOP_PICKED_NOT_IN_ERP	Desktop picked here but ERP did not deduct this carton					
2026-08-29	MR-2026-04001	MAT-STE-2026-20187	321985	B003-OWSHEL-025A	CNWH63789	0	2	ERP_AUTO_PICKED_HERE	ERP deducted here but desktop did not pick this carton	ua9ul1aifh				
2026-08-29	MR-2026-04001	MAT-STE-2026-20187	321988	B004-OWSHEL-001A	CNWH63770	0	1	ERP_AUTO_PICKED_HERE	ERP deducted here but desktop did not pick this carton	uac0o6b781				
2026-08-29	MR-2026-04001	MAT-STE-2026-20187	321988	B004-OWSHEL-001A	CNWH63779	1	0	DESKTOP_PICKED_NOT_IN_ERP	Desktop picked here but ERP did not deduct this carton					
2026-08-29	MR-2026-04001	MAT-STE-2026-20187	321991	B003-OWSHEL-001A	CNWH65125	0	1	ERP_AUTO_PICKED_HERE	ERP deducted here but desktop did not pick this carton	uaf604rrgq				
2026-08-29	MR-2026-04001	MAT-STE-2026-20187	321991	B004-OWSHEL-026B	CNWH63921	1	0	DESKTOP_PICKED_NOT_IN_ERP	Desktop picked here but ERP did not deduct this carton					
2026-08-29	MR-2026-04001	MAT-STE-2026-20187	322029	B004-OWSHEL-002B	CNWH63880	1	0	DESKTOP_PICKED_NOT_IN_ERP	Desktop picked here but ERP did not deduct this carton					
2026-08-29	MR-2026-04001	MAT-STE-2026-20187	322029	B004-OWSHEL-002B	CNWH64002	0	1	ERP_AUTO_PICKED_HERE	ERP deducted here but desktop did not pick this carton	uajmluqc77				
2026-08-29	MR-2026-04001	MAT-STE-2026-20187	322039	B004-OWSHEL-025A	CNWH63744	0	2	ERP_AUTO_PICKED_HERE	ERP deducted here but desktop did not pick this carton	uati9vmgge				
2026-08-29	MR-2026-04001	MAT-STE-2026-20187	322039	B004-OWSHEL-025A	CNWH63754	1	0	DESKTOP_PICKED_NOT_IN_ERP	Desktop picked here but ERP did not deduct this carton					
2026-08-29	MR-2026-04001	MAT-STE-2026-20187	322039	B004-OWSHEL-025A	CNWH64194	1	0	DESKTOP_PICKED_NOT_IN_ERP	Desktop picked here but ERP did not deduct this carton					
2026-08-29	MR-2026-04001	MAT-STE-2026-20187	322085	B002-OWSHEL-001A	CNWH63955	1	0	DESKTOP_PICKED_NOT_IN_ERP	Desktop picked here but ERP did not deduct this carton					
2026-08-29	MR-2026-04001	MAT-STE-2026-20187	322085	B002-OWSHEL-013A	CNWH63836	0	1	ERP_AUTO_PICKED_HERE	ERP deducted here but desktop did not pick this carton	ub1d0vl2dg				
2026-08-29	MR-2026-04013	MAT-STE-2026-20203	321981	B002-OWSHEL-013A	CNWH63836	0	1	ERP_AUTO_PICKED_HERE	ERP deducted here but desktop did not pick this carton	uch21ebngf				
2026-08-29	MR-2026-04013	MAT-STE-2026-20203	321981	B002-OWSHEL-014B	CNWH63814	1	0	DESKTOP_PICKED_NOT_IN_ERP	Desktop picked here but ERP did not deduct this carton					
2026-08-29	MR-2026-04013	MAT-STE-2026-20203	321988	B004-OWSHEL-001A	CNWH63771	0	1	ERP_AUTO_PICKED_HERE	ERP deducted here but desktop did not pick this carton	ucjakvv9ko				
2026-08-29	MR-2026-04013	MAT-STE-2026-20203	321988	B004-OWSHEL-001A	CNWH63780	1	0	DESKTOP_PICKED_NOT_IN_ERP	Desktop picked here but ERP did not deduct this carton					
2026-08-29	MR-2026-04013	MAT-STE-2026-20203	321991	B003-OWSHEL-027C	CNWH65372	0	1	ERP_AUTO_PICKED_HERE	ERP deducted here but desktop did not pick this carton	ucob00uogr				
2026-08-29	MR-2026-04013	MAT-STE-2026-20203	321991	B004-OWSHEL-026B	CNWH63921	1	0	DESKTOP_PICKED_NOT_IN_ERP	Desktop picked here but ERP did not deduct this carton					
2026-08-29	MR-2026-04013	MAT-STE-2026-20203	321992	B002-OWSHEL-014B	CNWH63805	0	3	ERP_AUTO_PICKED_HERE	ERP deducted here but desktop did not pick this carton	ucr9p0q0ut				
2026-08-29	MR-2026-04013	MAT-STE-2026-20203	321992	B003-OWSHEL-001A	CNWH65125	0	3	ERP_AUTO_PICKED_HERE	ERP deducted here but desktop did not pick this carton	ucuqbssai3				
2026-08-29	MR-2026-04013	MAT-STE-2026-20203	321992	B004-OWSHEL-026B	CNWH63746	3	0	DESKTOP_PICKED_NOT_IN_ERP	Desktop picked here but ERP did not deduct this carton					
2026-08-29	MR-2026-04013	MAT-STE-2026-20203	321992	B004-OWSHEL-026B	CNWH64212	2	0	DESKTOP_PICKED_NOT_IN_ERP	Desktop picked here but ERP did not deduct this carton					
2026-08-29	MR-2026-04013	MAT-STE-2026-20203	321992	B005-OWSHEL-002B	CNWH64064	1	0	DESKTOP_PICKED_NOT_IN_ERP	Desktop picked here but ERP did not deduct this carton					
2026-08-29	MR-2026-04013	MAT-STE-2026-20203	322023	B004-OWSHEL-002B	CNWH63880	0	1	ERP_AUTO_PICKED_HERE	ERP deducted here but desktop did not pick this carton	ud0suofbrp				
2026-08-29	MR-2026-04013	MAT-STE-2026-20203	322023	B004-OWSHEL-025A	CNWH63744	0	1	ERP_AUTO_PICKED_HERE	ERP deducted here but desktop did not pick this carton	ud3khrqkm4				
2026-08-29	MR-2026-04013	MAT-STE-2026-20203	322023	B004-OWSHEL-026B	CNWH63882	2	0	DESKTOP_PICKED_NOT_IN_ERP	Desktop picked here but ERP did not deduct this carton					
2026-08-29	MR-2026-04013	MAT-STE-2026-20203	322028	B004-OWSHEL-002B	CNWH63731	0	2	ERP_AUTO_PICKED_HERE	ERP deducted here but desktop did not pick this carton	ud4bfd36m6				
2026-08-29	MR-2026-04013	MAT-STE-2026-20203	322028	B004-OWSHEL-026B	CNWH63882	1	0	DESKTOP_PICKED_NOT_IN_ERP	Desktop picked here but ERP did not deduct this carton					
2026-08-29	MR-2026-04013	MAT-STE-2026-20203	322028	B004-OWSHEL-026B	CNWH64203	1	0	DESKTOP_PICKED_NOT_IN_ERP	Desktop picked here but ERP did not deduct this carton					
2026-08-29	MR-2026-04013	MAT-STE-2026-20203	322039	B004-OWSHEL-025A	CNWH63738	1	0	DESKTOP_PICKED_NOT_IN_ERP	Desktop picked here but ERP did not deduct this carton					
2026-08-29	MR-2026-04013	MAT-STE-2026-20203	322039	B004-OWSHEL-025A	CNWH63749	0	1	ERP_AUTO_PICKED_HERE	ERP deducted here but desktop did not pick this carton	ud69q8h26e				
2026-08-29	MR-2026-04013	MAT-STE-2026-20203	322070	B003-OWSHEL-025A	CNWH63763	0	1	ERP_AUTO_PICKED_HERE	ERP deducted here but desktop did not pick this carton	ud785gv2ic				
2026-08-29	MR-2026-04013	MAT-STE-2026-20203	322070	B003-OWSHEL-025A	CNWH63982	0	1	ERP_AUTO_PICKED_HERE	ERP deducted here but desktop did not pick this carton	ud8i6ggdft				
2026-08-29	MR-2026-04013	MAT-STE-2026-20203	322070	B004-OWSHEL-002B	CNWH63731	1	0	DESKTOP_PICKED_NOT_IN_ERP	Desktop picked here but ERP did not deduct this carton					
2026-08-29	MR-2026-04013	MAT-STE-2026-20203	322070	B004-OWSHEL-002B	CNWH63998	1	0	DESKTOP_PICKED_NOT_IN_ERP	Desktop picked here but ERP did not deduct this carton					
2026-08-29	MR-2026-04013	MAT-STE-2026-20203	322071	B003-OWSHEL-025A	CNWH63735	0	1	ERP_AUTO_PICKED_HERE	ERP deducted here but desktop did not pick this carton	udaj616tak				
2026-08-29	MR-2026-04013	MAT-STE-2026-20203	322071	B003-OWSHEL-025A	CNWH63763	0	2	ERP_AUTO_PICKED_HERE	ERP deducted here but desktop did not pick this carton	udd4o97r0q				
2026-08-29	MR-2026-04013	MAT-STE-2026-20203	322071	B004-OWSHEL-002B	CNWH63731	1	0	DESKTOP_PICKED_NOT_IN_ERP	Desktop picked here but ERP did not deduct this carton					
2026-08-29	MR-2026-04013	MAT-STE-2026-20203	322071	B004-OWSHEL-002B	CNWH63998	2	0	DESKTOP_PICKED_NOT_IN_ERP	Desktop picked here but ERP did not deduct this carton					
2026-08-29	MR-2026-04013	MAT-STE-2026-20203	322082	B002-OWSHEL-001A	CNWH64101	0	1	ERP_AUTO_PICKED_HERE	ERP deducted here but desktop did not pick this carton	udgahh60g1				
2026-08-29	MR-2026-04013	MAT-STE-2026-20203	322082	B002-OWSHEL-013A	CNWH63819	0	2	ERP_AUTO_PICKED_HERE	ERP deducted here but desktop did not pick this carton	udj1sk07s8				
2026-08-29	MR-2026-04013	MAT-STE-2026-20203	322082	B002-OWSHEL-014B	CNWH63831	3	0	DESKTOP_PICKED_NOT_IN_ERP	Desktop picked here but ERP did not deduct this carton					
2026-08-29	MR-2026-04020	MAT-STE-2026-20204	321981	B002-OWSHEL-013A	CNWH63836	3	0	DESKTOP_PICKED_NOT_IN_ERP	Desktop picked here but ERP did not deduct this carton					
2026-08-29	MR-2026-04020	MAT-STE-2026-20204	321981	B002-OWSHEL-014B	CNWH63805	0	3	ERP_AUTO_PICKED_HERE	ERP deducted here but desktop did not pick this carton	udltnoug6f				
2026-08-29	MR-2026-04020	MAT-STE-2026-20204	321985	B003-OWSHEL-025A	CNWH63735	1	0	DESKTOP_PICKED_NOT_IN_ERP	Desktop picked here but ERP did not deduct this carton					
2026-08-29	MR-2026-04020	MAT-STE-2026-20204	321985	B003-OWSHEL-025A	CNWH63785	1	0	DESKTOP_PICKED_NOT_IN_ERP	Desktop picked here but ERP did not deduct this carton					
2026-08-29	MR-2026-04020	MAT-STE-2026-20204	321985	B004-OWSHEL-001A	CNWH63771	0	2	ERP_AUTO_PICKED_HERE	ERP deducted here but desktop did not pick this carton	udok2mq1tm				
2026-08-29	MR-2026-04020	MAT-STE-2026-20204	321988	B004-OWSHEL-001A	CNWH63773	0	2	ERP_AUTO_PICKED_HERE	ERP deducted here but desktop did not pick this carton	udpnvkqsmi				
2026-08-29	MR-2026-04020	MAT-STE-2026-20204	321988	B004-OWSHEL-001A	CNWH63777	2	0	DESKTOP_PICKED_NOT_IN_ERP	Desktop picked here but ERP did not deduct this carton					
2026-08-29	MR-2026-04020	MAT-STE-2026-20204	321991	B004-OWSHEL-026B	CNWH63921	0	2	ERP_AUTO_PICKED_HERE	ERP deducted here but desktop did not pick this carton	uds6efdik1				
2026-08-29	MR-2026-04020	MAT-STE-2026-20204	321991	B004-OWSHEL-026B	CNWH64212	0	1	ERP_AUTO_PICKED_HERE	ERP deducted here but desktop did not pick this carton	udtskumqgt				
2026-08-29	MR-2026-04020	MAT-STE-2026-20204	321991	B004-OWSHEL-026B	CNWH64213	0	1	ERP_AUTO_PICKED_HERE	ERP deducted here but desktop did not pick this carton	udv928mh24				
2026-08-29	MR-2026-04020	MAT-STE-2026-20204	321991	B005-OWSHEL-002B	CNWH63950	2	0	DESKTOP_PICKED_NOT_IN_ERP	Desktop picked here but ERP did not deduct this carton					
2026-08-29	MR-2026-04020	MAT-STE-2026-20204	321991	B005-OWSHEL-002B	CNWH63961	2	0	DESKTOP_PICKED_NOT_IN_ERP	Desktop picked here but ERP did not deduct this carton					
2026-08-29	MR-2026-04020	MAT-STE-2026-20204	321993	B004-OWSHEL-026B	CNWH63746	0	2	ERP_AUTO_PICKED_HERE	ERP deducted here but desktop did not pick this carton	ue2miqfvg3				
2026-08-29	MR-2026-04020	MAT-STE-2026-20204	321993	B005-OWSHEL-002B	CNWH63950	2	0	DESKTOP_PICKED_NOT_IN_ERP	Desktop picked here but ERP did not deduct this carton					
2026-08-29	MR-2026-04020	MAT-STE-2026-20204	322028	B004-OWSHEL-002B	CNWH63731	1	0	DESKTOP_PICKED_NOT_IN_ERP	Desktop picked here but ERP did not deduct this carton					
2026-08-29	MR-2026-04020	MAT-STE-2026-20204	322028	B004-OWSHEL-002B	CNWH63781	0	2	ERP_AUTO_PICKED_HERE	ERP deducted here but desktop did not pick this carton	ue5cg9mo2o				
2026-08-29	MR-2026-04020	MAT-STE-2026-20204	322028	B004-OWSHEL-002B	CNWH64002	1	0	DESKTOP_PICKED_NOT_IN_ERP	Desktop picked here but ERP did not deduct this carton					
2026-08-29	MR-2026-04020	MAT-STE-2026-20204	322039	B004-OWSHEL-025A	CNWH63749	1	0	DESKTOP_PICKED_NOT_IN_ERP	Desktop picked here but ERP did not deduct this carton					
2026-08-29	MR-2026-04020	MAT-STE-2026-20204	322039	B004-OWSHEL-025A	CNWH63753	0	1	ERP_AUTO_PICKED_HERE	ERP deducted here but desktop did not pick this carton	uef51io01q				
2026-08-29	MR-2026-04033	MAT-STE-2026-20205	321982	B003-OWSHEL-001A	CNWH63826	1	0	DESKTOP_PICKED_NOT_IN_ERP	Desktop picked here but ERP did not deduct this carton					
2026-08-29	MR-2026-04033	MAT-STE-2026-20205	321982	B003-OWSHEL-025A	CNWH63740	0	2	ERP_AUTO_PICKED_HERE	ERP deducted here but desktop did not pick this carton	uemasvramk				
2026-08-29	MR-2026-04033	MAT-STE-2026-20205	321982	B005-OWSHEL-003C	CNWH64828	2	1	QTY_MISMATCH	Desktop and ERP qty differ on same carton	uemgmf9883				
2026-08-29	MR-2026-04033	MAT-STE-2026-20205	321986	B003-OWSHEL-025A	CNWH63763	0	1	ERP_AUTO_PICKED_HERE	ERP deducted here but desktop did not pick this carton	uepo75d22e				
2026-08-29	MR-2026-04033	MAT-STE-2026-20205	321986	B003-OWSHEL-025A	CNWH63766	0	3	ERP_AUTO_PICKED_HERE	ERP deducted here but desktop did not pick this carton	uetbvugooo				
2026-08-29	MR-2026-04033	MAT-STE-2026-20205	321986	B004-OWSHEL-001A	CNWH63770	1	0	DESKTOP_PICKED_NOT_IN_ERP	Desktop picked here but ERP did not deduct this carton					
2026-08-29	MR-2026-04033	MAT-STE-2026-20205	321986	B004-OWSHEL-001A	CNWH63771	3	0	DESKTOP_PICKED_NOT_IN_ERP	Desktop picked here but ERP did not deduct this carton					
2026-08-29	MR-2026-04033	MAT-STE-2026-20205	321987	B003-OWSHEL-001A	CNWH63826	0	1	ERP_AUTO_PICKED_HERE	ERP deducted here but desktop did not pick this carton	uf0drddqaj				
2026-08-29	MR-2026-04033	MAT-STE-2026-20205	321987	B004-OWSHEL-001A	CNWH63771	1	0	DESKTOP_PICKED_NOT_IN_ERP	Desktop picked here but ERP did not deduct this carton					
2026-08-29	MR-2026-04033	MAT-STE-2026-20205	321991	B005-OWSHEL-002B	CNWH63893	0	1	ERP_AUTO_PICKED_HERE	ERP deducted here but desktop did not pick this carton	uf2leq5cbh				
2026-08-29	MR-2026-04033	MAT-STE-2026-20205	321991	B005-OWSHEL-002B	CNWH63950	0	2	ERP_AUTO_PICKED_HERE	ERP deducted here but desktop did not pick this carton	uf61aaagmq				
2026-08-29	MR-2026-04033	MAT-STE-2026-20205	321991	B005-OWSHEL-002B	CNWH63960	4	1	QTY_MISMATCH	Desktop and ERP qty differ on same carton	ufau1ounae				
2026-08-29	MR-2026-04033	MAT-STE-2026-20205	321993	B004-OWSHEL-026B	CNWH64212	0	1	ERP_AUTO_PICKED_HERE	ERP deducted here but desktop did not pick this carton	ufeof2kfo7				
2026-08-29	MR-2026-04033	MAT-STE-2026-20205	321993	B004-OWSHEL-026B	CNWH64213	0	1	ERP_AUTO_PICKED_HERE	ERP deducted here but desktop did not pick this carton	uff8sscel6				
2026-08-29	MR-2026-04033	MAT-STE-2026-20205	321993	B005-OWSHEL-002B	CNWH63950	0	2	ERP_AUTO_PICKED_HERE	ERP deducted here but desktop did not pick this carton	ufheij9d8a				
2026-08-29	MR-2026-04033	MAT-STE-2026-20205	321993	B005-OWSHEL-002B	CNWH63960	2	0	DESKTOP_PICKED_NOT_IN_ERP	Desktop picked here but ERP did not deduct this carton					
2026-08-29	MR-2026-04033	MAT-STE-2026-20205	321993	B005-OWSHEL-002B	CNWH64064	1	0	DESKTOP_PICKED_NOT_IN_ERP	Desktop picked here but ERP did not deduct this carton					
2026-08-29	MR-2026-04033	MAT-STE-2026-20205	321993	B005-OWSHEL-002B	CNWH64208	1	0	DESKTOP_PICKED_NOT_IN_ERP	Desktop picked here but ERP did not deduct this carton					
2026-08-29	MR-2026-04033	MAT-STE-2026-20205	321994	B005-OWSHEL-002B	CNWH63950	0	2	ERP_AUTO_PICKED_HERE	ERP deducted here but desktop did not pick this carton	ufj416j34b				
2026-08-29	MR-2026-04033	MAT-STE-2026-20205	321994	B005-OWSHEL-002B	CNWH64064	2	0	DESKTOP_PICKED_NOT_IN_ERP	Desktop picked here but ERP did not deduct this carton					
2026-08-29	MR-2026-04033	MAT-STE-2026-20205	322022	B004-OWSHEL-025A	CNWH63748	0	1	ERP_AUTO_PICKED_HERE	ERP deducted here but desktop did not pick this carton	ufunejceuh				
2026-08-29	MR-2026-04033	MAT-STE-2026-20205	322022	B004-OWSHEL-025A	CNWH63749	0	1	ERP_AUTO_PICKED_HERE	ERP deducted here but desktop did not pick this carton	ug0cudd8mf				
2026-08-29	MR-2026-04033	MAT-STE-2026-20205	322022	B004-OWSHEL-027C	CNWH64231	2	0	DESKTOP_PICKED_NOT_IN_ERP	Desktop picked here but ERP did not deduct this carton					
2026-08-29	MR-2026-04033	MAT-STE-2026-20205	322024	B004-OWSHEL-025A	CNWH64194	0	1	ERP_AUTO_PICKED_HERE	ERP deducted here but desktop did not pick this carton	ug24it5lu4				
2026-08-29	MR-2026-04033	MAT-STE-2026-20205	322024	B004-OWSHEL-027C	CNWH64231	1	0	DESKTOP_PICKED_NOT_IN_ERP	Desktop picked here but ERP did not deduct this carton					
2026-08-29	MR-2026-04033	MAT-STE-2026-20205	322027	B004-OWSHEL-001A	CNWH63728	0	2	ERP_AUTO_PICKED_HERE	ERP deducted here but desktop did not pick this carton	ug4pb4dsi2				
2026-08-29	MR-2026-04033	MAT-STE-2026-20205	322027	B004-OWSHEL-026B	CNWH63882	2	0	DESKTOP_PICKED_NOT_IN_ERP	Desktop picked here but ERP did not deduct this carton					
2026-08-29	MR-2026-04033	MAT-STE-2026-20205	322029	B004-OWSHEL-026B	CNWH63882	1	0	DESKTOP_PICKED_NOT_IN_ERP	Desktop picked here but ERP did not deduct this carton					
2026-08-29	MR-2026-04033	MAT-STE-2026-20205	322029	B004-OWSHEL-026B	CNWH64203	0	1	ERP_AUTO_PICKED_HERE	ERP deducted here but desktop did not pick this carton	ug5u3vhr2a				
2026-08-29	MR-2026-04033	MAT-STE-2026-20205	322040	B002-OWSHEL-001A	CNWH63955	0	1	ERP_AUTO_PICKED_HERE	ERP deducted here but desktop did not pick this carton	ugasc9654l				
2026-08-29	MR-2026-04033	MAT-STE-2026-20205	322040	B002-OWSHEL-013A	CNWH63755	0	3	ERP_AUTO_PICKED_HERE	ERP deducted here but desktop did not pick this carton	ugcng650pv				
2026-08-29	MR-2026-04033	MAT-STE-2026-20205	322040	B004-OWSHEL-025A	CNWH63738	1	0	DESKTOP_PICKED_NOT_IN_ERP	Desktop picked here but ERP did not deduct this carton					
2026-08-29	MR-2026-04033	MAT-STE-2026-20205	322040	B004-OWSHEL-025A	CNWH63744	3	0	DESKTOP_PICKED_NOT_IN_ERP	Desktop picked here but ERP did not deduct this carton					
2026-08-29	MR-2026-04033	MAT-STE-2026-20205	322042	B003-OWSHEL-025A	CNWH63740	0	2	ERP_AUTO_PICKED_HERE	ERP deducted here but desktop did not pick this carton	ugemlniujg				
2026-08-29	MR-2026-04033	MAT-STE-2026-20205	322042	B003-OWSHEL-025A	CNWH63772	0	2	ERP_AUTO_PICKED_HERE	ERP deducted here but desktop did not pick this carton	ugf3ndb0ru				
2026-08-29	MR-2026-04033	MAT-STE-2026-20205	322042	B004-OWSHEL-025A	CNWH63744	2	0	DESKTOP_PICKED_NOT_IN_ERP	Desktop picked here but ERP did not deduct this carton					
2026-08-29	MR-2026-04033	MAT-STE-2026-20205	322042	B004-OWSHEL-025A	CNWH63754	2	0	DESKTOP_PICKED_NOT_IN_ERP	Desktop picked here but ERP did not deduct this carton					
2026-08-29	MR-2026-04033	MAT-STE-2026-20205	322047	B004-OWSHEL-027C	CNWH63874	0	3	ERP_AUTO_PICKED_HERE	ERP deducted here but desktop did not pick this carton	ughcac6alt				
2026-08-29	MR-2026-04033	MAT-STE-2026-20205	322047	B005-OWSHEL-036A	CNWH64239	3	0	DESKTOP_PICKED_NOT_IN_ERP	Desktop picked here but ERP did not deduct this carton					
2026-08-29	MR-2026-04033	MAT-STE-2026-20205	322048	B005-OWSHEL-002B	CNWH64243	1	0	DESKTOP_PICKED_NOT_IN_ERP	Desktop picked here but ERP did not deduct this carton					
2026-08-29	MR-2026-04033	MAT-STE-2026-20205	322048	B005-OWSHEL-003C	CNWH63883	0	1	ERP_AUTO_PICKED_HERE	ERP deducted here but desktop did not pick this carton	ugj31n94k8				
2026-08-29	MR-2026-04033	MAT-STE-2026-20205	322048	B005-OWSHEL-036A	CNWH64234	0	1	ERP_AUTO_PICKED_HERE	ERP deducted here but desktop did not pick this carton	ugmoalegpp				
2026-08-29	MR-2026-04033	MAT-STE-2026-20205	322048	B005-OWSHEL-036A	CNWH64239	2	1	QTY_MISMATCH	Desktop and ERP qty differ on same carton	ugof6n9vs3				
2026-08-29	MR-2026-04033	MAT-STE-2026-20205	322058	B002-OWSHEL-001A	CNWH64063	1	0	DESKTOP_PICKED_NOT_IN_ERP	Desktop picked here but ERP did not deduct this carton					
2026-08-29	MR-2026-04033	MAT-STE-2026-20205	322058	B005-OWSHEL-002B	CNWH63893	0	1	ERP_AUTO_PICKED_HERE	ERP deducted here but desktop did not pick this carton	uh4sf347a1				
2026-08-29	MR-2026-04033	MAT-STE-2026-20205	322059	B002-OWSHEL-014B	CNWH63820	0	1	ERP_AUTO_PICKED_HERE	ERP deducted here but desktop did not pick this carton	uh67frmgbg				
2026-08-29	MR-2026-04033	MAT-STE-2026-20205	322059	B003-OWSHEL-027C	CNWH65372	0	1	ERP_AUTO_PICKED_HERE	ERP deducted here but desktop did not pick this carton	uh83qt21bo				
2026-08-29	MR-2026-04033	MAT-STE-2026-20205	322059	B005-OWSHEL-002B	CNWH63893	0	1	ERP_AUTO_PICKED_HERE	ERP deducted here but desktop did not pick this carton	uhakiuvkf6				
2026-08-29	MR-2026-04033	MAT-STE-2026-20205	322059	B005-OWSHEL-002B	CNWH64064	3	0	DESKTOP_PICKED_NOT_IN_ERP	Desktop picked here but ERP did not deduct this carton					
2026-08-29	MR-2026-04033	MAT-STE-2026-20205	322060	B002-OWSHEL-001A	CNWH64164	1	2	QTY_MISMATCH	Desktop and ERP qty differ on same carton	uhdkofl1k5				
2026-08-29	MR-2026-04033	MAT-STE-2026-20205	322060	B005-OWSHEL-002B	CNWH64064	1	0	DESKTOP_PICKED_NOT_IN_ERP	Desktop picked here but ERP did not deduct this carton					
2026-08-29	MR-2026-04033	MAT-STE-2026-20205	322065	B004-OWSHEL-026B	CNWH63921	2	4	QTY_MISMATCH	Desktop and ERP qty differ on same carton	uhg7aari9h				
2026-08-29	MR-2026-04033	MAT-STE-2026-20205	322065	B004-OWSHEL-026B	CNWH64203	4	2	QTY_MISMATCH	Desktop and ERP qty differ on same carton	uhhdfc820p				
2026-08-29	MR-2026-04033	MAT-STE-2026-20205	322071	B002-OWSHEL-014B	CNWH63827	1	0	DESKTOP_PICKED_NOT_IN_ERP	Desktop picked here but ERP did not deduct this carton					
2026-08-29	MR-2026-04033	MAT-STE-2026-20205	322071	B003-OWSHEL-025A	CNWH63982	0	1	ERP_AUTO_PICKED_HERE	ERP deducted here but desktop did not pick this carton	uhj1njlnqn				
2026-08-29	MR-2026-04033	MAT-STE-2026-20205	322081	B002-OWSHEL-013A	CNWH63836	0	1	ERP_AUTO_PICKED_HERE	ERP deducted here but desktop did not pick this carton	uhk05q2185				
2026-08-29	MR-2026-04033	MAT-STE-2026-20205	322081	B002-OWSHEL-013A	CNWH63838	0	1	ERP_AUTO_PICKED_HERE	ERP deducted here but desktop did not pick this carton	uhlftolcpl				
2026-08-29	MR-2026-04033	MAT-STE-2026-20205	322081	B002-OWSHEL-014B	CNWH63831	0	1	ERP_AUTO_PICKED_HERE	ERP deducted here but desktop did not pick this carton	uhn40g227p				
2026-08-29	MR-2026-04033	MAT-STE-2026-20205	322081	B003-OWSHEL-001A	CNWH63821	2	0	DESKTOP_PICKED_NOT_IN_ERP	Desktop picked here but ERP did not deduct this carton					
2026-08-29	MR-2026-04033	MAT-STE-2026-20205	322081	B003-OWSHEL-001A	CNWH63825	1	0	DESKTOP_PICKED_NOT_IN_ERP	Desktop picked here but ERP did not deduct this carton					
2026-08-29	MR-2026-04033	MAT-STE-2026-20205	322083	B002-OWSHEL-001A	CNWH63955	0	3	ERP_AUTO_PICKED_HERE	ERP deducted here but desktop did not pick this carton	uhpkf1fauh				
2026-08-29	MR-2026-04033	MAT-STE-2026-20205	322083	B003-OWSHEL-001A	CNWH63821	3	0	DESKTOP_PICKED_NOT_IN_ERP	Desktop picked here but ERP did not deduct this carton					
2026-08-29	MR-2026-04042	MAT-STE-2026-20206	321981	B002-OWSHEL-014B	CNWH63827	0	3	ERP_AUTO_PICKED_HERE	ERP deducted here but desktop did not pick this carton	uhst6npr9t				
2026-08-29	MR-2026-04042	MAT-STE-2026-20206	321981	B003-OWSHEL-025A	CNWH63763	3	0	DESKTOP_PICKED_NOT_IN_ERP	Desktop picked here but ERP did not deduct this carton					
2026-08-29	MR-2026-04042	MAT-STE-2026-20206	321994	B005-OWSHEL-002B	CNWH63950	1	0	DESKTOP_PICKED_NOT_IN_ERP	Desktop picked here but ERP did not deduct this carton					
2026-08-29	MR-2026-04042	MAT-STE-2026-20206	321994	B005-OWSHEL-002B	CNWH63960	0	1	ERP_AUTO_PICKED_HERE	ERP deducted here but desktop did not pick this carton	uhthpkgooh				
2026-08-29	MR-2026-04042	MAT-STE-2026-20206	322064	B004-OWSHEL-025A	CNWH64001	1	0	DESKTOP_PICKED_NOT_IN_ERP	Desktop picked here but ERP did not deduct this carton					
2026-08-29	MR-2026-04042	MAT-STE-2026-20206	322064	B004-OWSHEL-026B	CNWH63921	0	1	ERP_AUTO_PICKED_HERE	ERP deducted here but desktop did not pick this carton	ui2rudh30e				
2026-08-29	MR-2026-04055	MAT-STE-2026-20207	321981	B002-OWSHEL-014B	CNWH63814	3	0	DESKTOP_PICKED_NOT_IN_ERP	Desktop picked here but ERP did not deduct this carton					
2026-08-29	MR-2026-04055	MAT-STE-2026-20207	321981	B002-OWSHEL-014B	CNWH63827	1	0	DESKTOP_PICKED_NOT_IN_ERP	Desktop picked here but ERP did not deduct this carton					
2026-08-29	MR-2026-04055	MAT-STE-2026-20207	321981	B002-OWSHEL-014B	CNWH63831	0	1	ERP_AUTO_PICKED_HERE	ERP deducted here but desktop did not pick this carton	ui4p3bpvm1				
2026-08-29	MR-2026-04055	MAT-STE-2026-20207	321981	B003-OWSHEL-001A	CNWH63804	0	2	ERP_AUTO_PICKED_HERE	ERP deducted here but desktop did not pick this carton	ui643fm2qu				
2026-08-29	MR-2026-04055	MAT-STE-2026-20207	321981	B003-OWSHEL-001A	CNWH63821	0	1	ERP_AUTO_PICKED_HERE	ERP deducted here but desktop did not pick this carton	ui7i9kif2k				
2026-08-29	MR-2026-04055	MAT-STE-2026-20207	321987	B003-OWSHEL-025A	CNWH63763	0	3	ERP_AUTO_PICKED_HERE	ERP deducted here but desktop did not pick this carton	uictja29se				
2026-08-29	MR-2026-04055	MAT-STE-2026-20207	321987	B004-OWSHEL-001A	CNWH63773	3	0	DESKTOP_PICKED_NOT_IN_ERP	Desktop picked here but ERP did not deduct this carton					
2026-08-29	MR-2026-04055	MAT-STE-2026-20207	322022	B004-OWSHEL-025A	CNWH64194	0	1	ERP_AUTO_PICKED_HERE	ERP deducted here but desktop did not pick this carton	uih51rn0he				
2026-08-29	MR-2026-04055	MAT-STE-2026-20207	322022	B004-OWSHEL-025A	CNWH64227	0	2	ERP_AUTO_PICKED_HERE	ERP deducted here but desktop did not pick this carton	uiitoseu8o				
2026-08-29	MR-2026-04055	MAT-STE-2026-20207	322022	B004-OWSHEL-026B	CNWH64233	3	0	DESKTOP_PICKED_NOT_IN_ERP	Desktop picked here but ERP did not deduct this carton					
2026-08-29	MR-2026-04055	MAT-STE-2026-20207	322023	B004-OWSHEL-025A	CNWH63749	0	1	ERP_AUTO_PICKED_HERE	ERP deducted here but desktop did not pick this carton	uikadtecj3				
2026-08-29	MR-2026-04055	MAT-STE-2026-20207	322023	B004-OWSHEL-026B	CNWH64233	1	0	DESKTOP_PICKED_NOT_IN_ERP	Desktop picked here but ERP did not deduct this carton					
2026-08-29	MR-2026-04055	MAT-STE-2026-20207	322027	B004-OWSHEL-001A	CNWH63770	0	1	ERP_AUTO_PICKED_HERE	ERP deducted here but desktop did not pick this carton	uiol7orgrb				
2026-08-29	MR-2026-04055	MAT-STE-2026-20207	322027	B004-OWSHEL-002B	CNWH63880	1	0	DESKTOP_PICKED_NOT_IN_ERP	Desktop picked here but ERP did not deduct this carton					
2026-08-29	MR-2026-04055	MAT-STE-2026-20207	322028	B004-OWSHEL-002B	CNWH63729	3	0	DESKTOP_PICKED_NOT_IN_ERP	Desktop picked here but ERP did not deduct this carton					
2026-08-29	MR-2026-04055	MAT-STE-2026-20207	322028	B004-OWSHEL-002B	CNWH64002	0	1	ERP_AUTO_PICKED_HERE	ERP deducted here but desktop did not pick this carton	uiqr1v3ab6				
2026-08-29	MR-2026-04055	MAT-STE-2026-20207	322028	B004-OWSHEL-026B	CNWH63882	0	2	ERP_AUTO_PICKED_HERE	ERP deducted here but desktop did not pick this carton	uitud9o4ai				
2026-08-29	MR-2026-04055	MAT-STE-2026-20207	322029	B004-OWSHEL-002B	CNWH63729	3	0	DESKTOP_PICKED_NOT_IN_ERP	Desktop picked here but ERP did not deduct this carton					
2026-08-29	MR-2026-04055	MAT-STE-2026-20207	322029	B004-OWSHEL-026B	CNWH64212	0	2	ERP_AUTO_PICKED_HERE	ERP deducted here but desktop did not pick this carton	uiv0pjd6lj				
2026-08-29	MR-2026-04055	MAT-STE-2026-20207	322029	B004-OWSHEL-026B	CNWH64213	0	1	ERP_AUTO_PICKED_HERE	ERP deducted here but desktop did not pick this carton	uj0e629vlb				
2026-08-29	MR-2026-04055	MAT-STE-2026-20207	322071	B002-OWSHEL-014B	CNWH63827	1	0	DESKTOP_PICKED_NOT_IN_ERP	Desktop picked here but ERP did not deduct this carton					
2026-08-29	MR-2026-04055	MAT-STE-2026-20207	322071	B003-OWSHEL-025A	CNWH63999	0	2	ERP_AUTO_PICKED_HERE	ERP deducted here but desktop did not pick this carton	uj6ug7hbub				
2026-08-29	MR-2026-04055	MAT-STE-2026-20207	322071	B004-OWSHEL-002B	CNWH63979	1	0	DESKTOP_PICKED_NOT_IN_ERP	Desktop picked here but ERP did not deduct this carton					
2026-08-29	MR-2026-04055	MAT-STE-2026-20207	322081	B002-OWSHEL-014B	CNWH63841	0	1	ERP_AUTO_PICKED_HERE	ERP deducted here but desktop did not pick this carton	uj847ufci1				
2026-08-29	MR-2026-04055	MAT-STE-2026-20207	322081	B003-OWSHEL-001A	CNWH63821	0	1	ERP_AUTO_PICKED_HERE	ERP deducted here but desktop did not pick this carton	ujbq9tgn3v				
2026-08-29	MR-2026-04055	MAT-STE-2026-20207	322081	B003-OWSHEL-001A	CNWH63825	1	0	DESKTOP_PICKED_NOT_IN_ERP	Desktop picked here but ERP did not deduct this carton					
2026-08-29	MR-2026-04055	MAT-STE-2026-20207	322081	B003-OWSHEL-001A	CNWH63826	1	0	DESKTOP_PICKED_NOT_IN_ERP	Desktop picked here but ERP did not deduct this carton					
2026-08-29	MR-2026-04055	MAT-STE-2026-20207	322082	B002-OWSHEL-013A	CNWH63823	0	2	ERP_AUTO_PICKED_HERE	ERP deducted here but desktop did not pick this carton	ujf0qrog3j				
2026-08-29	MR-2026-04055	MAT-STE-2026-20207	322082	B003-OWSHEL-001A	CNWH63826	2	0	DESKTOP_PICKED_NOT_IN_ERP	Desktop picked here but ERP did not deduct this carton					
2026-08-29	MR-2026-04055	MAT-STE-2026-20207	322084	B002-OWSHEL-013A	CNWH63823	0	1	ERP_AUTO_PICKED_HERE	ERP deducted here but desktop did not pick this carton	ujgr70911s				
2026-08-29	MR-2026-04055	MAT-STE-2026-20207	322084	B003-OWSHEL-001A	CNWH63826	1	0	DESKTOP_PICKED_NOT_IN_ERP	Desktop picked here but ERP did not deduct this carton					
2026-08-30	MR-2026-03843	MAT-STE-2026-20229	322372	L009-OWSHEL-003C	CNWH66407	0	1	ERP_AUTO_PICKED_HERE	ERP deducted here but desktop did not pick this carton	ol63ts507j				
2026-08-30	MR-2026-03843	MAT-STE-2026-20229	322372	L010-OWSHEL-004D	CNWH60595	1	0	DESKTOP_PICKED_NOT_IN_ERP	Desktop picked here but ERP did not deduct this carton					
2026-08-30	MR-2026-03843	MAT-STE-2026-20229	322380	L010-OWSHEL-004D	CNWH60895	0	1	ERP_AUTO_PICKED_HERE	ERP deducted here but desktop did not pick this carton	ol9f4s38an				
2026-08-30	MR-2026-03843	MAT-STE-2026-20229	322380	L010-OWSHEL-013A	CNWH60665	0	1	ERP_AUTO_PICKED_HERE	ERP deducted here but desktop did not pick this carton	olat6d8v65				
2026-08-30	MR-2026-03843	MAT-STE-2026-20229	322380	L010-OWSHEL-014B	CNWH60475	2	0	DESKTOP_PICKED_NOT_IN_ERP	Desktop picked here but ERP did not deduct this carton					
2026-08-30	MR-2026-03843	MAT-STE-2026-20229	322393	L009-OWSHEL-047B	CNWH60872	0	2	ERP_AUTO_PICKED_HERE	ERP deducted here but desktop did not pick this carton	ollltalooq				
2026-08-30	MR-2026-03843	MAT-STE-2026-20229	322393	L010-OWSHEL-040D	CNWH60614	3	1	QTY_MISMATCH	Desktop and ERP qty differ on same carton	olq7m2obb1				
2026-08-30	MR-2026-03843	MAT-STE-2026-20229	322395	L009-OWSHEL-035B	CNWH60173	3	0	DESKTOP_PICKED_NOT_IN_ERP	Desktop picked here but ERP did not deduct this carton					
2026-08-30	MR-2026-03843	MAT-STE-2026-20229	322395	L009-OWSHEL-046C	CNWH60205	0	3	ERP_AUTO_PICKED_HERE	ERP deducted here but desktop did not pick this carton	olv7l1f3l9				
2026-08-30	MR-2026-03843	MAT-STE-2026-20229	322399	L009-OWSHEL-048A	CNWH60196	0	2	ERP_AUTO_PICKED_HERE	ERP deducted here but desktop did not pick this carton	om56q6iokn				
2026-08-30	MR-2026-03843	MAT-STE-2026-20229	322399	L010-OWSHEL-040D	CNWH60674	2	0	DESKTOP_PICKED_NOT_IN_ERP	Desktop picked here but ERP did not deduct this carton					
2026-08-30	MR-2026-03843	MAT-STE-2026-20229	322401	L009-OWSHEL-046C	CNWH60472	0	3	ERP_AUTO_PICKED_HERE	ERP deducted here but desktop did not pick this carton	om9f37mnfq				
2026-08-30	MR-2026-03843	MAT-STE-2026-20229	322401	L010-OWSHEL-040D	CNWH60674	3	0	DESKTOP_PICKED_NOT_IN_ERP	Desktop picked here but ERP did not deduct this carton					
2026-08-30	MR-2026-03843	MAT-STE-2026-20229	322402	L009-OWSHEL-046C	CNWH60472	0	2	ERP_AUTO_PICKED_HERE	ERP deducted here but desktop did not pick this carton	omc8t7d13k				
2026-08-30	MR-2026-03843	MAT-STE-2026-20229	322402	L010-OWSHEL-040D	CNWH60674	2	0	DESKTOP_PICKED_NOT_IN_ERP	Desktop picked here but ERP did not deduct this carton					
2026-08-30	MR-2026-03843	MAT-STE-2026-20229	322407	L009-OWSHEL-045D	CNWH60160	0	3	ERP_AUTO_PICKED_HERE	ERP deducted here but desktop did not pick this carton	omg0fjdmnd				
2026-08-30	MR-2026-03843	MAT-STE-2026-20229	322407	L010-OWSHEL-035B	CNWH60608	3	0	DESKTOP_PICKED_NOT_IN_ERP	Desktop picked here but ERP did not deduct this carton					
2026-08-30	MR-2026-03843	MAT-STE-2026-20229	322408	L009-OWSHEL-045D	CNWH60160	0	1	ERP_AUTO_PICKED_HERE	ERP deducted here but desktop did not pick this carton	omi7490k4s				
2026-08-30	MR-2026-03843	MAT-STE-2026-20229	322408	L009-OWSHEL-046C	CNWH60224	0	3	ERP_AUTO_PICKED_HERE	ERP deducted here but desktop did not pick this carton	omk567hi36				
2026-08-30	MR-2026-03843	MAT-STE-2026-20229	322408	L010-OWSHEL-035B	CNWH60608	4	0	DESKTOP_PICKED_NOT_IN_ERP	Desktop picked here but ERP did not deduct this carton					
2026-08-30	MR-2026-03843	MAT-STE-2026-20229	322411	L009-OWSHEL-045D	CNWH60219	0	2	ERP_AUTO_PICKED_HERE	ERP deducted here but desktop did not pick this carton	omoltqipic				
2026-08-30	MR-2026-03843	MAT-STE-2026-20229	322411	L010-OWSHEL-035B	CNWH60643	2	0	DESKTOP_PICKED_NOT_IN_ERP	Desktop picked here but ERP did not deduct this carton					
2026-08-30	MR-2026-03843	MAT-STE-2026-20229	322415	L009-OWSHEL-035B	CNWH60853	0	1	ERP_AUTO_PICKED_HERE	ERP deducted here but desktop did not pick this carton	omqk4mdsak				
2026-08-30	MR-2026-03843	MAT-STE-2026-20229	322415	L010-OWSHEL-035B	CNWH60643	1	0	DESKTOP_PICKED_NOT_IN_ERP	Desktop picked here but ERP did not deduct this carton					
2026-08-30	MR-2026-03843	MAT-STE-2026-20229	322418	L009-OWSHEL-017E	CNWH61160	0	3	ERP_AUTO_PICKED_HERE	ERP deducted here but desktop did not pick this carton	omt15nvd4c				
2026-08-30	MR-2026-03843	MAT-STE-2026-20229	322418	L010-OWSHEL-022C	CNWH61156	3	0	DESKTOP_PICKED_NOT_IN_ERP	Desktop picked here but ERP did not deduct this carton					
2026-08-30	MR-2026-03843	MAT-STE-2026-20229	322423	L009-OWSHEL-017E	CNWH61159	0	3	ERP_AUTO_PICKED_HERE	ERP deducted here but desktop did not pick this carton	on1767v41a				
2026-08-30	MR-2026-03843	MAT-STE-2026-20229	322423	L010-OWSHEL-021D	CNWH61228	3	0	DESKTOP_PICKED_NOT_IN_ERP	Desktop picked here but ERP did not deduct this carton					
2026-08-30	MR-2026-03843	MAT-STE-2026-20229	322425	L009-OWSHEL-017E	CNWH61159	0	1	ERP_AUTO_PICKED_HERE	ERP deducted here but desktop did not pick this carton	on3b9nkiha				
2026-08-30	MR-2026-03843	MAT-STE-2026-20229	322425	L010-OWSHEL-022C	CNWH61227	1	0	DESKTOP_PICKED_NOT_IN_ERP	Desktop picked here but ERP did not deduct this carton					
2026-08-30	MR-2026-03843	MAT-STE-2026-20229	322426	L009-OWSHEL-017E	CNWH61159	0	1	ERP_AUTO_PICKED_HERE	ERP deducted here but desktop did not pick this carton	on62pno595				
2026-08-30	MR-2026-03843	MAT-STE-2026-20229	322426	L010-OWSHEL-022C	CNWH61227	1	0	DESKTOP_PICKED_NOT_IN_ERP	Desktop picked here but ERP did not deduct this carton					
2026-08-30	MR-2026-03843	MAT-STE-2026-20229	322435	L009-OWSHEL-017E	CNWH61171	0	1	ERP_AUTO_PICKED_HERE	ERP deducted here but desktop did not pick this carton	on9okti0k4				
2026-08-30	MR-2026-03843	MAT-STE-2026-20229	322435	L009-OWSHEL-017E	CNWH61173	0	1	ERP_AUTO_PICKED_HERE	ERP deducted here but desktop did not pick this carton	onb882teda				
2026-08-30	MR-2026-03843	MAT-STE-2026-20229	322435	L010-OWSHEL-034C	CNWH61222	2	0	DESKTOP_PICKED_NOT_IN_ERP	Desktop picked here but ERP did not deduct this carton					
2026-08-30	MR-2026-03843	MAT-STE-2026-20229	322443	L009-OWSHEL-005E	CNWH61167	0	1	ERP_AUTO_PICKED_HERE	ERP deducted here but desktop did not pick this carton	ondd8soots				
2026-08-30	MR-2026-03843	MAT-STE-2026-20229	322443	L010-OWSHEL-046C	CNWH59859	1	0	DESKTOP_PICKED_NOT_IN_ERP	Desktop picked here but ERP did not deduct this carton					
2026-08-30	MR-2026-03843	MAT-STE-2026-20229	322444	L009-OWSHEL-005E	CNWH61167	0	1	ERP_AUTO_PICKED_HERE	ERP deducted here but desktop did not pick this carton	onf7pk1les				
2026-08-30	MR-2026-03843	MAT-STE-2026-20229	322444	L010-OWSHEL-046C	CNWH59859	1	0	DESKTOP_PICKED_NOT_IN_ERP	Desktop picked here but ERP did not deduct this carton					
2026-08-30	MR-2026-03843	MAT-STE-2026-20229	322467	L009-OWSHEL-021D	CNWH66447	0	1	ERP_AUTO_PICKED_HERE	ERP deducted here but desktop did not pick this carton	onh0gpsucs				
2026-08-30	MR-2026-03843	MAT-STE-2026-20229	322467	L010-OWSHEL-015C	CNWH61225	1	0	DESKTOP_PICKED_NOT_IN_ERP	Desktop picked here but ERP did not deduct this carton					
2026-08-30	MR-2026-03843	MAT-STE-2026-20229	322472	L009-OWSHEL-028D	CNWH61165	0	3	ERP_AUTO_PICKED_HERE	ERP deducted here but desktop did not pick this carton	onjip5h4kp				
2026-08-30	MR-2026-03843	MAT-STE-2026-20229	322472	L009-OWSHEL-033D	CNWH59848	4	1	QTY_MISMATCH	Desktop and ERP qty differ on same carton	onm7hbsqs6				
2026-08-30	MR-2026-03843	MAT-STE-2026-20229	322476	L010-OWSHEL-015C	CNWH61197	0	2	ERP_AUTO_PICKED_HERE	ERP deducted here but desktop did not pick this carton	ons2q4hgbj				
2026-08-30	MR-2026-03843	MAT-STE-2026-20229	322476	L010-OWSHEL-015C	CNWH66443	0	1	ERP_AUTO_PICKED_HERE	ERP deducted here but desktop did not pick this carton	onueoe52on				
2026-08-30	MR-2026-03843	MAT-STE-2026-20229	322476	L010-OWSHEL-016D	CNWH61188	3	0	DESKTOP_PICKED_NOT_IN_ERP	Desktop picked here but ERP did not deduct this carton					
2026-08-30	MR-2026-03843	MAT-STE-2026-20229	322478	L009-OWSHEL-033D	CNWH59828	0	3	ERP_AUTO_PICKED_HERE	ERP deducted here but desktop did not pick this carton	oo1fui4r5j				
2026-08-30	MR-2026-03843	MAT-STE-2026-20229	322478	L010-OWSHEL-015C	CNWH61215	3	0	DESKTOP_PICKED_NOT_IN_ERP	Desktop picked here but ERP did not deduct this carton					
2026-08-30	MR-2026-03843	MAT-STE-2026-20229	322480	L009-OWSHEL-033D	CNWH59828	0	4	ERP_AUTO_PICKED_HERE	ERP deducted here but desktop did not pick this carton	oo5c43i5p8				
2026-08-30	MR-2026-03843	MAT-STE-2026-20229	322480	L010-OWSHEL-015C	CNWH61215	4	0	DESKTOP_PICKED_NOT_IN_ERP	Desktop picked here but ERP did not deduct this carton					
2026-08-30	MR-2026-03843	MAT-STE-2026-20229	322481	L009-OWSHEL-033D	CNWH61177	0	4	ERP_AUTO_PICKED_HERE	ERP deducted here but desktop did not pick this carton	oo8j54795s				
2026-08-30	MR-2026-03843	MAT-STE-2026-20229	322481	L010-OWSHEL-015C	CNWH61215	4	0	DESKTOP_PICKED_NOT_IN_ERP	Desktop picked here but ERP did not deduct this carton					
2026-08-30	MR-2026-03843	MAT-STE-2026-20229	322482	L009-OWSHEL-033D	CNWH59828	0	2	ERP_AUTO_PICKED_HERE	ERP deducted here but desktop did not pick this carton	ooa3aepse8				
2026-08-30	MR-2026-03843	MAT-STE-2026-20229	322482	L010-OWSHEL-015C	CNWH61215	2	1	QTY_MISMATCH	Desktop and ERP qty differ on same carton	oodt2b7msk				
2026-08-30	MR-2026-03843	MAT-STE-2026-20229	322482	L010-OWSHEL-016D	CNWH61229	1	0	DESKTOP_PICKED_NOT_IN_ERP	Desktop picked here but ERP did not deduct this carton					
2026-08-30	MR-2026-03843	MAT-STE-2026-20229	322489	L010-OWSHEL-025A	CNWH59843	0	1	ERP_AUTO_PICKED_HERE	ERP deducted here but desktop did not pick this carton	oogo50n5jr				
2026-08-30	MR-2026-03843	MAT-STE-2026-20229	322489	L010-OWSHEL-045D	CNWH61148	2	1	QTY_MISMATCH	Desktop and ERP qty differ on same carton	oojj2ln210				
2026-08-30	MR-2026-03843	MAT-STE-2026-20229	322490	L010-OWSHEL-021D	CNWH59827	0	3	ERP_AUTO_PICKED_HERE	ERP deducted here but desktop did not pick this carton	oolvv34in9				
2026-08-30	MR-2026-03843	MAT-STE-2026-20229	322490	L010-OWSHEL-045D	CNWH61148	3	0	DESKTOP_PICKED_NOT_IN_ERP	Desktop picked here but ERP did not deduct this carton					
2026-08-30	MR-2026-03843	MAT-STE-2026-20229	322495	L009-OWSHEL-017E	CNWH61199	0	2	ERP_AUTO_PICKED_HERE	ERP deducted here but desktop did not pick this carton	oou7n87ms2				
2026-08-30	MR-2026-03843	MAT-STE-2026-20229	322495	L010-OWSHEL-046C	CNWH61180	2	0	DESKTOP_PICKED_NOT_IN_ERP	Desktop picked here but ERP did not deduct this carton					
2026-08-30	MR-2026-03843	MAT-STE-2026-20229	322499	L009-OWSHEL-017E	CNWH61199	0	1	ERP_AUTO_PICKED_HERE	ERP deducted here but desktop did not pick this carton	op2o5qkd0p				
2026-08-30	MR-2026-03843	MAT-STE-2026-20229	322499	L010-OWSHEL-046C	CNWH61180	1	0	DESKTOP_PICKED_NOT_IN_ERP	Desktop picked here but ERP did not deduct this carton					
2026-08-30	MR-2026-03843	MAT-STE-2026-20229	322507	L010-OWSHEL-001A	CNWH60928	0	3	ERP_AUTO_PICKED_HERE	ERP deducted here but desktop did not pick this carton	op7l9bdqk7				
2026-08-30	MR-2026-03843	MAT-STE-2026-20229	322507	L010-OWSHEL-002B	CNWH60225	0	1	ERP_AUTO_PICKED_HERE	ERP deducted here but desktop did not pick this carton	opb2fj6jfb				
2026-08-30	MR-2026-03843	MAT-STE-2026-20229	322507	L010-OWSHEL-003C	CNWH60234	4	0	DESKTOP_PICKED_NOT_IN_ERP	Desktop picked here but ERP did not deduct this carton					
2026-08-30	MR-2026-03843	MAT-STE-2026-20229	322515	L009-OWSHEL-010C	CNWH66413	0	1	ERP_AUTO_PICKED_HERE	ERP deducted here but desktop did not pick this carton	ophiesl14q				
2026-08-30	MR-2026-03843	MAT-STE-2026-20229	322515	L009-OWSHEL-021D	CNWH66473	4	3	QTY_MISMATCH	Desktop and ERP qty differ on same carton	opkknrmgd5				
2026-08-30	MR-2026-03843	MAT-STE-2026-20229	322516	L009-OWSHEL-038B	CNWH60948	0	1	ERP_AUTO_PICKED_HERE	ERP deducted here but desktop did not pick this carton	opohrdf3gg				
2026-08-30	MR-2026-03843	MAT-STE-2026-20229	322516	L009-OWSHEL-044E	CNWH60907	0	3	ERP_AUTO_PICKED_HERE	ERP deducted here but desktop did not pick this carton	opqb97bvgb				
2026-08-30	MR-2026-03843	MAT-STE-2026-20229	322516	L016-OWPALT-026B	CNWH24445	4	0	DESKTOP_PICKED_NOT_IN_ERP	Desktop picked here but ERP did not deduct this carton					
2026-08-30	MR-2026-03843	MAT-STE-2026-20229	322521	L009-OWSHEL-037A	CNWH60946	0	4	ERP_AUTO_PICKED_HERE	ERP deducted here but desktop did not pick this carton	opsb2m32tq				
2026-08-30	MR-2026-03843	MAT-STE-2026-20229	322521	L010-OWSHEL-001A	CNWH43188	4	0	DESKTOP_PICKED_NOT_IN_ERP	Desktop picked here but ERP did not deduct this carton					
2026-08-30	MR-2026-03843	MAT-STE-2026-20229	322523	L009-OWSHEL-037A	CNWH60946	0	3	ERP_AUTO_PICKED_HERE	ERP deducted here but desktop did not pick this carton	opujjea2au				
2026-08-30	MR-2026-03843	MAT-STE-2026-20229	322523	L010-OWSHEL-001A	CNWH43188	3	0	DESKTOP_PICKED_NOT_IN_ERP	Desktop picked here but ERP did not deduct this carton					
2026-08-30	MR-2026-03843	MAT-STE-2026-20229	322526	L009-OWSHEL-008E	CNWH60625	0	1	ERP_AUTO_PICKED_HERE	ERP deducted here but desktop did not pick this carton	oq3pta41j3				
2026-08-30	MR-2026-03843	MAT-STE-2026-20229	322526	L009-OWSHEL-008E	CNWH60649	0	3	ERP_AUTO_PICKED_HERE	ERP deducted here but desktop did not pick this carton	oq64brn5b1				
2026-08-30	MR-2026-03843	MAT-STE-2026-20229	322526	L016-OWPALT-026B	CNWH11422	4	0	DESKTOP_PICKED_NOT_IN_ERP	Desktop picked here but ERP did not deduct this carton					
2026-08-30	MR-2026-03843	MAT-STE-2026-20229	322527	L009-OWSHEL-008E	CNWH60649	0	2	ERP_AUTO_PICKED_HERE	ERP deducted here but desktop did not pick this carton	oq91oep99n				
2026-08-30	MR-2026-03843	MAT-STE-2026-20229	322527	L016-OWPALT-026B	CNWH11422	2	0	DESKTOP_PICKED_NOT_IN_ERP	Desktop picked here but ERP did not deduct this carton					
2026-08-30	MR-2026-03843	MAT-STE-2026-20229	322528	L009-OWSHEL-008E	CNWH60649	0	2	ERP_AUTO_PICKED_HERE	ERP deducted here but desktop did not pick this carton	oqco0d9i24				
2026-08-30	MR-2026-03843	MAT-STE-2026-20229	322528	L016-OWPALT-026B	CNWH11422	2	0	DESKTOP_PICKED_NOT_IN_ERP	Desktop picked here but ERP did not deduct this carton					
2026-08-30	MR-2026-03843	MAT-STE-2026-20229	322532	L009-OWSHEL-008E	CNWH60605	0	4	ERP_AUTO_PICKED_HERE	ERP deducted here but desktop did not pick this carton	oqf4u71ten				
2026-08-30	MR-2026-03843	MAT-STE-2026-20229	322532	L010-OWSHEL-012A	CNWH60269	4	0	DESKTOP_PICKED_NOT_IN_ERP	Desktop picked here but ERP did not deduct this carton					
2026-08-30	MR-2026-03843	MAT-STE-2026-20229	322542	L010-OWSHEL-009D	CNWH60652	0	1	ERP_AUTO_PICKED_HERE	ERP deducted here but desktop did not pick this carton	oqi1eiee8n				
2026-08-30	MR-2026-03843	MAT-STE-2026-20229	322542	L010-OWSHEL-010C	CNWH60656	0	1	ERP_AUTO_PICKED_HERE	ERP deducted here but desktop did not pick this carton	oqkvhmbmi0				
2026-08-30	MR-2026-03843	MAT-STE-2026-20229	322542	L010-OWSHEL-014B	CNWH60235	2	0	DESKTOP_PICKED_NOT_IN_ERP	Desktop picked here but ERP did not deduct this carton					
2026-08-30	MR-2026-03843	MAT-STE-2026-20229	322547	L009-OWSHEL-038B	CNWH60948	0	2	ERP_AUTO_PICKED_HERE	ERP deducted here but desktop did not pick this carton	oqmb1frhqn				
2026-08-30	MR-2026-03843	MAT-STE-2026-20229	322547	L010-OWSHEL-009D	CNWH60650	0	1	ERP_AUTO_PICKED_HERE	ERP deducted here but desktop did not pick this carton	oqod9714ia				
2026-08-30	MR-2026-03843	MAT-STE-2026-20229	322547	L010-OWSHEL-024A	CNWH60962	3	0	DESKTOP_PICKED_NOT_IN_ERP	Desktop picked here but ERP did not deduct this carton					
2026-08-30	MR-2026-03843	MAT-STE-2026-20229	322548	L009-OWSHEL-038B	CNWH60948	0	2	ERP_AUTO_PICKED_HERE	ERP deducted here but desktop did not pick this carton	oqqm7r5mr3				
2026-08-30	MR-2026-03843	MAT-STE-2026-20229	322548	L010-OWSHEL-011B	CNWH60239	2	0	DESKTOP_PICKED_NOT_IN_ERP	Desktop picked here but ERP did not deduct this carton					
2026-08-30	MR-2026-03843	MAT-STE-2026-20229	322573	L017-OWPALT-027C	CNWH60951	0	1	ERP_AUTO_PICKED_HERE	ERP deducted here but desktop did not pick this carton	oqtk8dsngh				
2026-08-30	MR-2026-03843	MAT-STE-2026-20229	322573	L017-OWPALT-031B	CNWH60879	1	0	DESKTOP_PICKED_NOT_IN_ERP	Desktop picked here but ERP did not deduct this carton					
2026-08-30	MR-2026-03843	MAT-STE-2026-20229	322575	L017-OWPALT-027C	CNWH60593	0	2	ERP_AUTO_PICKED_HERE	ERP deducted here but desktop did not pick this carton	or05fsahe5				
2026-08-30	MR-2026-03843	MAT-STE-2026-20229	322575	L017-OWPALT-027C	CNWH60951	0	1	ERP_AUTO_PICKED_HERE	ERP deducted here but desktop did not pick this carton	or3j3o5tah				
2026-08-30	MR-2026-03843	MAT-STE-2026-20229	322575	L017-OWPALT-031B	CNWH60624	0	1	ERP_AUTO_PICKED_HERE	ERP deducted here but desktop did not pick this carton	or5vtq6vul				
2026-08-30	MR-2026-03843	MAT-STE-2026-20229	322575	L017-OWPALT-031B	CNWH60879	4	0	DESKTOP_PICKED_NOT_IN_ERP	Desktop picked here but ERP did not deduct this carton					
2026-08-30	MR-2026-03843	MAT-STE-2026-20229	322583	L017-OWPALT-014C	CNWH65557	0	2	ERP_AUTO_PICKED_HERE	ERP deducted here but desktop did not pick this carton	or9cprt7t6				
2026-08-30	MR-2026-03843	MAT-STE-2026-20229	322583	L017-OWPALT-030C	CNWH68106	0	2	ERP_AUTO_PICKED_HERE	ERP deducted here but desktop did not pick this carton	orcufg0197				
2026-08-30	MR-2026-03843	MAT-STE-2026-20229	322583	L017-OWPALT-031B	CNWH60874	4	0	DESKTOP_PICKED_NOT_IN_ERP	Desktop picked here but ERP did not deduct this carton					
2026-08-30	MR-2026-03843	MAT-STE-2026-20229	322607	L017-OWPALT-015B	CNWH60635	0	3	ERP_AUTO_PICKED_HERE	ERP deducted here but desktop did not pick this carton	orhdpnetml				
2026-08-30	MR-2026-03843	MAT-STE-2026-20229	322607	L017-OWPALT-046C	CNWH65211	3	0	DESKTOP_PICKED_NOT_IN_ERP	Desktop picked here but ERP did not deduct this carton					
2026-08-30	MR-2026-04090	MAT-STE-2026-20226	331041	B002-OWSHEL-010C	CNWH68271	0	1	ERP_AUTO_PICKED_HERE	ERP deducted here but desktop did not pick this carton	8m4403705j				
2026-08-30	MR-2026-04090	MAT-STE-2026-20226	331041	B005-OWSHEL-001A	CNWH69767	1	0	DESKTOP_PICKED_NOT_IN_ERP	Desktop picked here but ERP did not deduct this carton					
2026-08-30	MR-2026-04090	MAT-STE-2026-20226	331061	B002-OWSHEL-010C	CNWH68274	0	1	ERP_AUTO_PICKED_HERE	ERP deducted here but desktop did not pick this carton	8m82d8avoe				
2026-08-30	MR-2026-04090	MAT-STE-2026-20226	331061	B005-OWSHEL-001A	CNWH69763	1	0	DESKTOP_PICKED_NOT_IN_ERP	Desktop picked here but ERP did not deduct this carton					
2026-08-30	MR-2026-04114	MAT-STE-2026-20228	331077	B002-OWSHEL-010C	CNWH68274	0	1	ERP_AUTO_PICKED_HERE	ERP deducted here but desktop did not pick this carton	90a9f6g4ip				
2026-08-30	MR-2026-04114	MAT-STE-2026-20228	331077	B005-OWSHEL-001A	CNWH69764	1	0	DESKTOP_PICKED_NOT_IN_ERP	Desktop picked here but ERP did not deduct this carton					
2026-08-30	MR-2026-04270	MAT-STE-2026-20230	301628	F001-OWPALT-016A	CNWH43145	0	2	ERP_AUTO_PICKED_HERE	ERP deducted here but desktop did not pick this carton	0q3o3kqv9a				
2026-08-30	MR-2026-04270	MAT-STE-2026-20230	301628	F001-OWPALT-016A	CNWH43146	2	0	DESKTOP_PICKED_NOT_IN_ERP	Desktop picked here but ERP did not deduct this carton					
2026-08-30	MR-2026-04271	MAT-STE-2026-20280	326861	L009-OWSHEL-014B	CNWH66454	0	1	ERP_AUTO_PICKED_HERE	ERP deducted here but desktop did not pick this carton	a0t3cj3uru				
2026-08-30	MR-2026-04271	MAT-STE-2026-20280	326861	L009-OWSHEL-023B	CNWH66459	1	0	DESKTOP_PICKED_NOT_IN_ERP	Desktop picked here but ERP did not deduct this carton					
2026-08-30	MR-2026-04272	MAT-STE-2026-20281	326873	L009-OWSHEL-013A	CNWH64827	0	1	ERP_AUTO_PICKED_HERE	ERP deducted here but desktop did not pick this carton	a6r584uunn				
2026-08-30	MR-2026-04272	MAT-STE-2026-20281	326873	L016-OWPALT-014C	CNWH58174	1	0	DESKTOP_PICKED_NOT_IN_ERP	Desktop picked here but ERP did not deduct this carton					
2026-08-30	MR-2026-04272	MAT-STE-2026-20281	326877	L009-OWSHEL-001A	CNWH66392	0	3	ERP_AUTO_PICKED_HERE	ERP deducted here but desktop did not pick this carton	a6ujtf6145				
2026-08-30	MR-2026-04272	MAT-STE-2026-20281	326877	L009-OWSHEL-009D	CNWH66414	0	2	ERP_AUTO_PICKED_HERE	ERP deducted here but desktop did not pick this carton	a70luvuirf				
2026-08-30	MR-2026-04272	MAT-STE-2026-20281	326877	L009-OWSHEL-009D	CNWH66416	5	0	DESKTOP_PICKED_NOT_IN_ERP	Desktop picked here but ERP did not deduct this carton					
2026-08-30	MR-2026-04273	MAT-STE-2026-20282	326851	L009-OWSHEL-002B	CNWH66391	0	2	ERP_AUTO_PICKED_HERE	ERP deducted here but desktop did not pick this carton	abfs8ql9ou				
2026-08-30	MR-2026-04273	MAT-STE-2026-20282	326851	L009-OWSHEL-024A	CNWH66448	2	0	DESKTOP_PICKED_NOT_IN_ERP	Desktop picked here but ERP did not deduct this carton					
2026-08-30	MR-2026-04274	MAT-STE-2026-20275	326875	L009-OWSHEL-001A	CNWH66387	0	1	ERP_AUTO_PICKED_HERE	ERP deducted here but desktop did not pick this carton	8dc9c0t39i				
2026-08-30	MR-2026-04274	MAT-STE-2026-20275	326875	L009-OWSHEL-001A	CNWH66392	2	1	QTY_MISMATCH	Desktop and ERP qty differ on same carton	8dd851shp5				
2026-08-30	MR-2026-04275	MAT-STE-2026-20283	326840	L009-OWSHEL-001A	CNWH66385	0	1	ERP_AUTO_PICKED_HERE	ERP deducted here but desktop did not pick this carton	aicvujctab				
2026-08-30	MR-2026-04275	MAT-STE-2026-20283	326840	L009-OWSHEL-002B	CNWH66384	4	3	QTY_MISMATCH	Desktop and ERP qty differ on same carton	aiemmgjas9				
2026-08-30	MR-2026-04275	MAT-STE-2026-20283	326848	L009-OWSHEL-013A	CNWH66437	2	0	DESKTOP_PICKED_NOT_IN_ERP	Desktop picked here but ERP did not deduct this carton					
2026-08-30	MR-2026-04275	MAT-STE-2026-20283	326848	L009-OWSHEL-024A	CNWH66470	0	2	ERP_AUTO_PICKED_HERE	ERP deducted here but desktop did not pick this carton	aijb4uku8t				
2026-08-30	MR-2026-04275	MAT-STE-2026-20283	326852	L009-OWSHEL-001A	CNWH66392	0	1	ERP_AUTO_PICKED_HERE	ERP deducted here but desktop did not pick this carton	ainnji1f9r				
2026-08-30	MR-2026-04275	MAT-STE-2026-20283	326852	L009-OWSHEL-002B	CNWH66391	6	5	QTY_MISMATCH	Desktop and ERP qty differ on same carton	aip84nbeg8				
2026-08-30	MR-2026-04275	MAT-STE-2026-20283	326853	L009-OWSHEL-010C	CNWH66423	0	1	ERP_AUTO_PICKED_HERE	ERP deducted here but desktop did not pick this carton	ais8u11md4				
2026-08-30	MR-2026-04275	MAT-STE-2026-20283	326853	L009-OWSHEL-024A	CNWH66448	6	5	QTY_MISMATCH	Desktop and ERP qty differ on same carton	aiuo8rhdm1				
2026-08-30	MR-2026-04275	MAT-STE-2026-20283	326857	L009-OWSHEL-001A	CNWH66387	0	1	ERP_AUTO_PICKED_HERE	ERP deducted here but desktop did not pick this carton	aj1sn022mv				
2026-08-30	MR-2026-04275	MAT-STE-2026-20283	326857	L009-OWSHEL-001A	CNWH66405	0	1	ERP_AUTO_PICKED_HERE	ERP deducted here but desktop did not pick this carton	aj481dmds3				
2026-08-30	MR-2026-04275	MAT-STE-2026-20283	326857	L009-OWSHEL-002B	CNWH66398	2	0	DESKTOP_PICKED_NOT_IN_ERP	Desktop picked here but ERP did not deduct this carton					
2026-08-30	MR-2026-04275	MAT-STE-2026-20283	326863	L009-OWSHEL-001A	CNWH66387	0	2	ERP_AUTO_PICKED_HERE	ERP deducted here but desktop did not pick this carton	aj67siqqj5				
2026-08-30	MR-2026-04275	MAT-STE-2026-20283	326863	L009-OWSHEL-002B	CNWH66384	2	0	DESKTOP_PICKED_NOT_IN_ERP	Desktop picked here but ERP did not deduct this carton					
2026-08-30	MR-2026-04275	MAT-STE-2026-20283	326875	L009-OWSHEL-001A	CNWH66395	0	2	ERP_AUTO_PICKED_HERE	ERP deducted here but desktop did not pick this carton	ajh492tm91				
2026-08-30	MR-2026-04275	MAT-STE-2026-20283	326875	L009-OWSHEL-012A	CNWH66411	2	0	DESKTOP_PICKED_NOT_IN_ERP	Desktop picked here but ERP did not deduct this carton					
2026-08-30	MR-2026-04276	MAT-STE-2026-20284	326847	L009-OWSHEL-011B	CNWH66422	0	3	ERP_AUTO_PICKED_HERE	ERP deducted here but desktop did not pick this carton	aoltkjikim				
2026-08-30	MR-2026-04276	MAT-STE-2026-20284	326847	L009-OWSHEL-011B	CNWH66424	0	1	ERP_AUTO_PICKED_HERE	ERP deducted here but desktop did not pick this carton	aopanqnbtk				
2026-08-30	MR-2026-04276	MAT-STE-2026-20284	326847	L009-OWSHEL-013A	CNWH66437	4	0	DESKTOP_PICKED_NOT_IN_ERP	Desktop picked here but ERP did not deduct this carton					
2026-08-30	MR-2026-04276	MAT-STE-2026-20284	326848	L009-OWSHEL-024A	CNWH66453	0	1	ERP_AUTO_PICKED_HERE	ERP deducted here but desktop did not pick this carton	aoqsqn4csn				
2026-08-30	MR-2026-04276	MAT-STE-2026-20284	326848	L009-OWSHEL-024A	CNWH66470	1	0	DESKTOP_PICKED_NOT_IN_ERP	Desktop picked here but ERP did not deduct this carton					
2026-08-30	MR-2026-04276	MAT-STE-2026-20284	326851	L009-OWSHEL-002B	CNWH66391	2	0	DESKTOP_PICKED_NOT_IN_ERP	Desktop picked here but ERP did not deduct this carton					
2026-08-30	MR-2026-04276	MAT-STE-2026-20284	326851	L009-OWSHEL-010C	CNWH66418	0	2	ERP_AUTO_PICKED_HERE	ERP deducted here but desktop did not pick this carton	aosu8ji56h				
2026-08-30	MR-2026-04276	MAT-STE-2026-20284	326853	L009-OWSHEL-010C	CNWH66423	1	0	DESKTOP_PICKED_NOT_IN_ERP	Desktop picked here but ERP did not deduct this carton					
2026-08-30	MR-2026-04276	MAT-STE-2026-20284	326853	L009-OWSHEL-024A	CNWH66448	0	1	ERP_AUTO_PICKED_HERE	ERP deducted here but desktop did not pick this carton	aot7pamust				
2026-08-30	MR-2026-04276	MAT-STE-2026-20284	326861	L009-OWSHEL-012A	CNWH66412	2	0	DESKTOP_PICKED_NOT_IN_ERP	Desktop picked here but ERP did not deduct this carton					
2026-08-30	MR-2026-04276	MAT-STE-2026-20284	326861	L009-OWSHEL-014B	CNWH66454	0	1	ERP_AUTO_PICKED_HERE	ERP deducted here but desktop did not pick this carton	ap0j7frq9j				
2026-08-30	MR-2026-04276	MAT-STE-2026-20284	326861	L009-OWSHEL-023B	CNWH66459	0	1	ERP_AUTO_PICKED_HERE	ERP deducted here but desktop did not pick this carton	aov0ueenst				
2026-08-30	MR-2026-04276	MAT-STE-2026-20284	326873	L009-OWSHEL-013A	CNWH64827	1	0	DESKTOP_PICKED_NOT_IN_ERP	Desktop picked here but ERP did not deduct this carton					
2026-08-30	MR-2026-04276	MAT-STE-2026-20284	326873	L016-OWPALT-014C	CNWH58174	0	1	ERP_AUTO_PICKED_HERE	ERP deducted here but desktop did not pick this carton	ap1ndfcnns				
2026-08-30	MR-2026-04276	MAT-STE-2026-20284	326878	L009-OWSHEL-001A	CNWH66395	0	2	ERP_AUTO_PICKED_HERE	ERP deducted here but desktop did not pick this carton	ap2rl3unmn				
2026-08-30	MR-2026-04276	MAT-STE-2026-20284	326878	L009-OWSHEL-009D	CNWH66416	3	1	QTY_MISMATCH	Desktop and ERP qty differ on same carton	ap2q9busvs				
2026-08-30	MR-2026-04277	MAT-STE-2026-20276	326833	L009-OWSHEL-012A	CNWH66411	0	2	ERP_AUTO_PICKED_HERE	ERP deducted here but desktop did not pick this carton	8knktedbrs				
2026-08-30	MR-2026-04277	MAT-STE-2026-20276	326833	L009-OWSHEL-013A	CNWH66430	0	2	ERP_AUTO_PICKED_HERE	ERP deducted here but desktop did not pick this carton	8kq9kile3f				
2026-08-30	MR-2026-04277	MAT-STE-2026-20276	326833	L009-OWSHEL-024A	CNWH66452	4	0	DESKTOP_PICKED_NOT_IN_ERP	Desktop picked here but ERP did not deduct this carton					
2026-08-30	MR-2026-04277	MAT-STE-2026-20276	326848	L009-OWSHEL-013A	CNWH66437	0	2	ERP_AUTO_PICKED_HERE	ERP deducted here but desktop did not pick this carton	8kt09c5qfv				
2026-08-30	MR-2026-04277	MAT-STE-2026-20276	326848	L009-OWSHEL-024A	CNWH66470	2	0	DESKTOP_PICKED_NOT_IN_ERP	Desktop picked here but ERP did not deduct this carton					
2026-08-30	MR-2026-04278	MAT-STE-2026-20277	326861	L009-OWSHEL-012A	CNWH66412	0	2	ERP_AUTO_PICKED_HERE	ERP deducted here but desktop did not pick this carton	8pjdg24h3i				
2026-08-30	MR-2026-04278	MAT-STE-2026-20277	326861	L009-OWSHEL-014B	CNWH66454	2	0	DESKTOP_PICKED_NOT_IN_ERP	Desktop picked here but ERP did not deduct this carton					
2026-08-30	MR-2026-04281	MAT-STE-2026-20279	326833	L009-OWSHEL-013A	CNWH66430	2	0	DESKTOP_PICKED_NOT_IN_ERP	Desktop picked here but ERP did not deduct this carton					
2026-08-30	MR-2026-04281	MAT-STE-2026-20279	326833	L009-OWSHEL-013A	CNWH66437	0	2	ERP_AUTO_PICKED_HERE	ERP deducted here but desktop did not pick this carton	95253806m5				
2026-08-31	MR-2026-03829	MAT-STE-2026-20306	322390	L009-OWSHEL-008E	CNWH60625	0	3	ERP_AUTO_PICKED_HERE	ERP deducted here but desktop did not pick this carton	s3lqje9861				
2026-08-31	MR-2026-03829	MAT-STE-2026-20306	322390	L010-OWSHEL-003C	CNWH60866	3	0	DESKTOP_PICKED_NOT_IN_ERP	Desktop picked here but ERP did not deduct this carton					
2026-08-31	MR-2026-03829	MAT-STE-2026-20306	322391	L010-OWSHEL-002B	CNWH60905	1	0	DESKTOP_PICKED_NOT_IN_ERP	Desktop picked here but ERP did not deduct this carton					
2026-08-31	MR-2026-03829	MAT-STE-2026-20306	322391	L010-OWSHEL-003C	CNWH60220	0	1	ERP_AUTO_PICKED_HERE	ERP deducted here but desktop did not pick this carton	s3odktmqvq				
2026-08-31	MR-2026-03829	MAT-STE-2026-20306	322397	L009-OWSHEL-045D	CNWH60160	0	1	ERP_AUTO_PICKED_HERE	ERP deducted here but desktop did not pick this carton	s3r5r6r0s6				
2026-08-31	MR-2026-03829	MAT-STE-2026-20306	322397	L010-OWSHEL-036A	CNWH60675	1	0	DESKTOP_PICKED_NOT_IN_ERP	Desktop picked here but ERP did not deduct this carton					
2026-08-31	MR-2026-03829	MAT-STE-2026-20306	322403	L009-OWSHEL-047B	CNWH60124	0	1	ERP_AUTO_PICKED_HERE	ERP deducted here but desktop did not pick this carton	s3t3bi9mpk				
2026-08-31	MR-2026-03829	MAT-STE-2026-20306	322403	L010-OWSHEL-035B	CNWH60609	1	0	DESKTOP_PICKED_NOT_IN_ERP	Desktop picked here but ERP did not deduct this carton					
2026-08-31	MR-2026-03829	MAT-STE-2026-20306	322409	L009-OWSHEL-046C	CNWH60908	0	1	ERP_AUTO_PICKED_HERE	ERP deducted here but desktop did not pick this carton	s41pifufim				
2026-08-31	MR-2026-03829	MAT-STE-2026-20306	322409	L010-OWSHEL-023B	CNWH60672	1	0	DESKTOP_PICKED_NOT_IN_ERP	Desktop picked here but ERP did not deduct this carton					
2026-08-31	MR-2026-03829	MAT-STE-2026-20306	322415	L009-OWSHEL-045D	CNWH60219	0	3	ERP_AUTO_PICKED_HERE	ERP deducted here but desktop did not pick this carton	s43sjvoc82				
2026-08-31	MR-2026-03829	MAT-STE-2026-20306	322415	L010-OWSHEL-036A	CNWH60644	3	0	DESKTOP_PICKED_NOT_IN_ERP	Desktop picked here but ERP did not deduct this carton					
2026-08-31	MR-2026-03829	MAT-STE-2026-20306	322432	L009-OWSHEL-017E	CNWH61161	0	1	ERP_AUTO_PICKED_HERE	ERP deducted here but desktop did not pick this carton	s47ms24f5n				
2026-08-31	MR-2026-03829	MAT-STE-2026-20306	322432	L010-OWSHEL-023B	CNWH59834	1	0	DESKTOP_PICKED_NOT_IN_ERP	Desktop picked here but ERP did not deduct this carton					
2026-08-31	MR-2026-03829	MAT-STE-2026-20306	322435	L010-OWSHEL-021D	CNWH59827	0	1	ERP_AUTO_PICKED_HERE	ERP deducted here but desktop did not pick this carton	s4arn7nbi6				
2026-08-31	MR-2026-03829	MAT-STE-2026-20306	322435	L010-OWSHEL-021D	CNWH59840	0	1	ERP_AUTO_PICKED_HERE	ERP deducted here but desktop did not pick this carton	s4bu5hecd8				
2026-08-31	MR-2026-03829	MAT-STE-2026-20306	322435	L010-OWSHEL-022C	CNWH61151	2	0	DESKTOP_PICKED_NOT_IN_ERP	Desktop picked here but ERP did not deduct this carton					
2026-08-31	MR-2026-03829	MAT-STE-2026-20306	322438	L009-OWSHEL-017E	CNWH61162	0	1	ERP_AUTO_PICKED_HERE	ERP deducted here but desktop did not pick this carton	s4e5rleg3c				
2026-08-31	MR-2026-03829	MAT-STE-2026-20306	322438	L010-OWSHEL-022C	CNWH61151	1	0	DESKTOP_PICKED_NOT_IN_ERP	Desktop picked here but ERP did not deduct this carton					
2026-08-31	MR-2026-03829	MAT-STE-2026-20306	322476	L010-OWSHEL-015C	CNWH66443	2	0	DESKTOP_PICKED_NOT_IN_ERP	Desktop picked here but ERP did not deduct this carton					
2026-08-31	MR-2026-03829	MAT-STE-2026-20306	322476	L010-OWSHEL-016D	CNWH61188	0	2	ERP_AUTO_PICKED_HERE	ERP deducted here but desktop did not pick this carton	s4hucnac4q				
2026-08-31	MR-2026-03829	MAT-STE-2026-20306	322504	L009-OWSHEL-005E	CNWH60677	0	1	ERP_AUTO_PICKED_HERE	ERP deducted here but desktop did not pick this carton	s4ljaegec5				
2026-08-31	MR-2026-03829	MAT-STE-2026-20306	322504	L010-OWSHEL-004D	CNWH60607	1	0	DESKTOP_PICKED_NOT_IN_ERP	Desktop picked here but ERP did not deduct this carton					
2026-08-31	MR-2026-03829	MAT-STE-2026-20306	322510	L009-OWSHEL-005E	CNWH60678	0	3	ERP_AUTO_PICKED_HERE	ERP deducted here but desktop did not pick this carton	s4oah39v1p				
2026-08-31	MR-2026-03829	MAT-STE-2026-20306	322510	L010-OWSHEL-001A	CNWH60928	3	0	DESKTOP_PICKED_NOT_IN_ERP	Desktop picked here but ERP did not deduct this carton					
2026-08-31	MR-2026-03829	MAT-STE-2026-20306	322532	L009-OWSHEL-008E	CNWH60625	0	3	ERP_AUTO_PICKED_HERE	ERP deducted here but desktop did not pick this carton	s575ub9rf9				
2026-08-31	MR-2026-03829	MAT-STE-2026-20306	322532	L010-OWSHEL-011B	CNWH60254	3	0	DESKTOP_PICKED_NOT_IN_ERP	Desktop picked here but ERP did not deduct this carton					
2026-08-31	MR-2026-03829	MAT-STE-2026-20306	322535	L009-OWSHEL-008E	CNWH60605	0	2	ERP_AUTO_PICKED_HERE	ERP deducted here but desktop did not pick this carton	s5bj3jmt0r				
2026-08-31	MR-2026-03829	MAT-STE-2026-20306	322535	L010-OWSHEL-011B	CNWH60254	0	1	ERP_AUTO_PICKED_HERE	ERP deducted here but desktop did not pick this carton	s5dvbltous				
2026-08-31	MR-2026-03829	MAT-STE-2026-20306	322535	L010-OWSHEL-012A	CNWH60269	3	0	DESKTOP_PICKED_NOT_IN_ERP	Desktop picked here but ERP did not deduct this carton					
2026-08-31	MR-2026-03829	MAT-STE-2026-20306	322537	L010-OWSHEL-010C	CNWH60656	0	1	ERP_AUTO_PICKED_HERE	ERP deducted here but desktop did not pick this carton	s5i37as74d				
2026-08-31	MR-2026-03829	MAT-STE-2026-20306	322537	L010-OWSHEL-014B	CNWH60235	1	0	DESKTOP_PICKED_NOT_IN_ERP	Desktop picked here but ERP did not deduct this carton					
2026-08-31	MR-2026-03829	MAT-STE-2026-20306	322568	L017-OWPALT-022C	CNWH60603	0	2	ERP_AUTO_PICKED_HERE	ERP deducted here but desktop did not pick this carton	s5mba9qo2s				
2026-08-31	MR-2026-03829	MAT-STE-2026-20306	322568	L017-OWPALT-031B	CNWH60624	2	0	DESKTOP_PICKED_NOT_IN_ERP	Desktop picked here but ERP did not deduct this carton					
2026-08-31	MR-2026-03829	MAT-STE-2026-20306	322597	L017-OWPALT-006C	CNWH68140	0	1	ERP_AUTO_PICKED_HERE	ERP deducted here but desktop did not pick this carton	s5tnvhmbnq				
2026-08-31	MR-2026-03829	MAT-STE-2026-20306	322597	L017-OWPALT-027C	CNWH60961	2	1	QTY_MISMATCH	Desktop and ERP qty differ on same carton	s6109ltked				
2026-08-31	MR-2026-03829	MAT-STE-2026-20306	322607	L017-OWPALT-039B	CNWH65194	0	1	ERP_AUTO_PICKED_HERE	ERP deducted here but desktop did not pick this carton	s68m6n48ei				
2026-08-31	MR-2026-03829	MAT-STE-2026-20306	322607	L017-OWPALT-046C	CNWH65211	3	2	QTY_MISMATCH	Desktop and ERP qty differ on same carton	s6a706tn7r				
2026-08-31	MR-2026-03829	MAT-STE-2026-20306	322608	L017-OWPALT-015B	CNWH60635	0	1	ERP_AUTO_PICKED_HERE	ERP deducted here but desktop did not pick this carton	s6eqlj6r7f				
2026-08-31	MR-2026-03829	MAT-STE-2026-20306	322608	L017-OWPALT-046C	CNWH65211	1	0	DESKTOP_PICKED_NOT_IN_ERP	Desktop picked here but ERP did not deduct this carton					
2026-08-31	MR-2026-03854	MAT-STE-2026-20307	322363	L010-OWSHEL-013A	CNWH60637	1	0	DESKTOP_PICKED_NOT_IN_ERP	Desktop picked here but ERP did not deduct this carton					
2026-08-31	MR-2026-03854	MAT-STE-2026-20307	322363	L010-OWSHEL-013A	CNWH60651	0	1	ERP_AUTO_PICKED_HERE	ERP deducted here but desktop did not pick this carton	sescocg1h1				
2026-08-31	MR-2026-03854	MAT-STE-2026-20307	322374	L010-OWSHEL-014B	CNWH60477	1	0	DESKTOP_PICKED_NOT_IN_ERP	Desktop picked here but ERP did not deduct this carton					
2026-08-31	MR-2026-03854	MAT-STE-2026-20307	322374	L010-OWSHEL-014B	CNWH60914	0	1	ERP_AUTO_PICKED_HERE	ERP deducted here but desktop did not pick this carton	sf1ujv2g4v				
2026-08-31	MR-2026-03854	MAT-STE-2026-20307	322382	L009-OWSHEL-002B	CNWH66396	0	2	ERP_AUTO_PICKED_HERE	ERP deducted here but desktop did not pick this carton	sf44plk5lm				
2026-08-31	MR-2026-03854	MAT-STE-2026-20307	322382	L010-OWSHEL-014B	CNWH60476	2	0	DESKTOP_PICKED_NOT_IN_ERP	Desktop picked here but ERP did not deduct this carton					
2026-08-31	MR-2026-03854	MAT-STE-2026-20307	322389	L009-OWSHEL-005E	CNWH61178	0	3	ERP_AUTO_PICKED_HERE	ERP deducted here but desktop did not pick this carton	sf6odugbso				
2026-08-31	MR-2026-03854	MAT-STE-2026-20307	322389	L010-OWSHEL-015C	CNWH60258	3	0	DESKTOP_PICKED_NOT_IN_ERP	Desktop picked here but ERP did not deduct this carton					
2026-08-31	MR-2026-03854	MAT-STE-2026-20307	322395	L009-OWSHEL-047B	CNWH60174	0	4	ERP_AUTO_PICKED_HERE	ERP deducted here but desktop did not pick this carton	sf89drjqr1				
2026-08-31	MR-2026-03854	MAT-STE-2026-20307	322395	L010-OWSHEL-036A	CNWH60675	4	0	DESKTOP_PICKED_NOT_IN_ERP	Desktop picked here but ERP did not deduct this carton					
2026-08-31	MR-2026-03854	MAT-STE-2026-20307	322397	L009-OWSHEL-046C	CNWH60205	0	4	ERP_AUTO_PICKED_HERE	ERP deducted here but desktop did not pick this carton	sfb561upel				
2026-08-31	MR-2026-03854	MAT-STE-2026-20307	322397	L010-OWSHEL-036A	CNWH60675	4	0	DESKTOP_PICKED_NOT_IN_ERP	Desktop picked here but ERP did not deduct this carton					
2026-08-31	MR-2026-03854	MAT-STE-2026-20307	322406	L009-OWSHEL-045D	CNWH60160	0	1	ERP_AUTO_PICKED_HERE	ERP deducted here but desktop did not pick this carton	sfeesm4aaf				
2026-08-31	MR-2026-03854	MAT-STE-2026-20307	322406	L010-OWSHEL-036A	CNWH60669	1	0	DESKTOP_PICKED_NOT_IN_ERP	Desktop picked here but ERP did not deduct this carton					
2026-08-31	MR-2026-03854	MAT-STE-2026-20307	322409	L009-OWSHEL-046C	CNWH60940	0	1	ERP_AUTO_PICKED_HERE	ERP deducted here but desktop did not pick this carton	sfg83n8c08				
2026-08-31	MR-2026-03854	MAT-STE-2026-20307	322409	L010-OWSHEL-036A	CNWH60669	1	0	DESKTOP_PICKED_NOT_IN_ERP	Desktop picked here but ERP did not deduct this carton					
2026-08-31	MR-2026-03854	MAT-STE-2026-20307	322412	L009-OWSHEL-035B	CNWH60853	0	3	ERP_AUTO_PICKED_HERE	ERP deducted here but desktop did not pick this carton	sfjqigfff5				
2026-08-31	MR-2026-03854	MAT-STE-2026-20307	322412	L010-OWSHEL-036A	CNWH60644	3	0	DESKTOP_PICKED_NOT_IN_ERP	Desktop picked here but ERP did not deduct this carton					
2026-08-31	MR-2026-03854	MAT-STE-2026-20307	322415	L009-OWSHEL-045D	CNWH60888	0	4	ERP_AUTO_PICKED_HERE	ERP deducted here but desktop did not pick this carton	sfms8tnklj				
2026-08-31	MR-2026-03854	MAT-STE-2026-20307	322415	L010-OWSHEL-036A	CNWH60644	4	0	DESKTOP_PICKED_NOT_IN_ERP	Desktop picked here but ERP did not deduct this carton					
2026-08-31	MR-2026-03854	MAT-STE-2026-20307	322418	L009-OWSHEL-017E	CNWH61189	0	3	ERP_AUTO_PICKED_HERE	ERP deducted here but desktop did not pick this carton	sfq4ti6mj8				
2026-08-31	MR-2026-03854	MAT-STE-2026-20307	322418	L010-OWSHEL-025A	CNWH61155	3	0	DESKTOP_PICKED_NOT_IN_ERP	Desktop picked here but ERP did not deduct this carton					
2026-08-31	MR-2026-03854	MAT-STE-2026-20307	322419	L009-OWSHEL-017E	CNWH61160	0	4	ERP_AUTO_PICKED_HERE	ERP deducted here but desktop did not pick this carton	sfvdrgpjrv				
2026-08-31	MR-2026-03854	MAT-STE-2026-20307	322419	L010-OWSHEL-025A	CNWH61155	4	0	DESKTOP_PICKED_NOT_IN_ERP	Desktop picked here but ERP did not deduct this carton					
2026-08-31	MR-2026-03854	MAT-STE-2026-20307	322422	L009-OWSHEL-017E	CNWH61198	0	1	ERP_AUTO_PICKED_HERE	ERP deducted here but desktop did not pick this carton	sg23tnmk4q				
2026-08-31	MR-2026-03854	MAT-STE-2026-20307	322422	L010-OWSHEL-025A	CNWH61155	1	0	DESKTOP_PICKED_NOT_IN_ERP	Desktop picked here but ERP did not deduct this carton					
2026-08-31	MR-2026-03854	MAT-STE-2026-20307	322437	L009-OWSHEL-017E	CNWH61162	0	1	ERP_AUTO_PICKED_HERE	ERP deducted here but desktop did not pick this carton	sg5fract37				
2026-08-31	MR-2026-03854	MAT-STE-2026-20307	322437	L010-OWSHEL-025A	CNWH59843	1	0	DESKTOP_PICKED_NOT_IN_ERP	Desktop picked here but ERP did not deduct this carton					
2026-08-31	MR-2026-03854	MAT-STE-2026-20307	322443	L009-OWSHEL-005E	CNWH61178	0	3	ERP_AUTO_PICKED_HERE	ERP deducted here but desktop did not pick this carton	sg9ki5h497				
2026-08-31	MR-2026-03854	MAT-STE-2026-20307	322443	L010-OWSHEL-046C	CNWH59859	3	0	DESKTOP_PICKED_NOT_IN_ERP	Desktop picked here but ERP did not deduct this carton					
2026-08-31	MR-2026-03854	MAT-STE-2026-20307	322452	L009-OWSHEL-005E	CNWH61166	0	1	ERP_AUTO_PICKED_HERE	ERP deducted here but desktop did not pick this carton	sge9pq3maj				
2026-08-31	MR-2026-03854	MAT-STE-2026-20307	322452	L010-OWSHEL-048A	CNWH59855	1	0	DESKTOP_PICKED_NOT_IN_ERP	Desktop picked here but ERP did not deduct this carton					
2026-08-31	MR-2026-03854	MAT-STE-2026-20307	322467	L009-OWSHEL-028D	CNWH59833	0	3	ERP_AUTO_PICKED_HERE	ERP deducted here but desktop did not pick this carton	sgit9rbcjc				
2026-08-31	MR-2026-03854	MAT-STE-2026-20307	322467	L010-OWSHEL-016D	CNWH61208	3	0	DESKTOP_PICKED_NOT_IN_ERP	Desktop picked here but ERP did not deduct this carton					
2026-08-31	MR-2026-03854	MAT-STE-2026-20307	322469	L009-OWSHEL-021D	CNWH66447	0	4	ERP_AUTO_PICKED_HERE	ERP deducted here but desktop did not pick this carton	sgl07dfmc8				
2026-08-31	MR-2026-03854	MAT-STE-2026-20307	322469	L009-OWSHEL-036A	CNWH59838	4	0	DESKTOP_PICKED_NOT_IN_ERP	Desktop picked here but ERP did not deduct this carton					
2026-08-31	MR-2026-03854	MAT-STE-2026-20307	322477	L009-OWSHEL-033D	CNWH59828	0	2	ERP_AUTO_PICKED_HERE	ERP deducted here but desktop did not pick this carton	sgocr12dhr				
2026-08-31	MR-2026-03854	MAT-STE-2026-20307	322477	L010-OWSHEL-016D	CNWH61191	2	0	DESKTOP_PICKED_NOT_IN_ERP	Desktop picked here but ERP did not deduct this carton					
2026-08-31	MR-2026-03854	MAT-STE-2026-20307	322480	L009-OWSHEL-033D	CNWH61177	0	4	ERP_AUTO_PICKED_HERE	ERP deducted here but desktop did not pick this carton	sgrn618dnn				
2026-08-31	MR-2026-03854	MAT-STE-2026-20307	322480	L010-OWSHEL-016D	CNWH61191	4	0	DESKTOP_PICKED_NOT_IN_ERP	Desktop picked here but ERP did not deduct this carton					
2026-08-31	MR-2026-03854	MAT-STE-2026-20307	322500	L010-OWSHEL-045D	CNWH59842	0	2	ERP_AUTO_PICKED_HERE	ERP deducted here but desktop did not pick this carton	sh05tgg5e8				
2026-08-31	MR-2026-03854	MAT-STE-2026-20307	322500	L010-OWSHEL-046C	CNWH61182	2	0	DESKTOP_PICKED_NOT_IN_ERP	Desktop picked here but ERP did not deduct this carton					
2026-08-31	MR-2026-03854	MAT-STE-2026-20307	322514	L009-OWSHEL-021D	CNWH66473	0	3	ERP_AUTO_PICKED_HERE	ERP deducted here but desktop did not pick this carton	sh2f5kloge				
2026-08-31	MR-2026-03854	MAT-STE-2026-20307	322514	L009-OWSHEL-038B	CNWH60948	3	0	DESKTOP_PICKED_NOT_IN_ERP	Desktop picked here but ERP did not deduct this carton					
2026-08-31	MR-2026-03854	MAT-STE-2026-20307	322515	L009-OWSHEL-021D	CNWH66473	3	0	DESKTOP_PICKED_NOT_IN_ERP	Desktop picked here but ERP did not deduct this carton					
2026-08-31	MR-2026-03854	MAT-STE-2026-20307	322515	L009-OWSHEL-037A	CNWH60946	0	3	ERP_AUTO_PICKED_HERE	ERP deducted here but desktop did not pick this carton	sh6uhbdu21				
2026-08-31	MR-2026-03854	MAT-STE-2026-20307	322516	L009-OWSHEL-038B	CNWH60948	1	0	DESKTOP_PICKED_NOT_IN_ERP	Desktop picked here but ERP did not deduct this carton					
2026-08-31	MR-2026-03854	MAT-STE-2026-20307	322516	L010-OWSHEL-032E	CNWH60958	0	1	ERP_AUTO_PICKED_HERE	ERP deducted here but desktop did not pick this carton	shcgr4i3vb				
2026-08-31	MR-2026-03854	MAT-STE-2026-20307	322517	L009-OWSHEL-010C	CNWH66413	0	2	ERP_AUTO_PICKED_HERE	ERP deducted here but desktop did not pick this carton	shfkasecvp				
2026-08-31	MR-2026-03854	MAT-STE-2026-20307	322517	L009-OWSHEL-021D	CNWH66473	4	2	QTY_MISMATCH	Desktop and ERP qty differ on same carton	shgklfkvlb				
2026-08-31	MR-2026-03854	MAT-STE-2026-20307	322521	L009-OWSHEL-037A	CNWH60946	3	0	DESKTOP_PICKED_NOT_IN_ERP	Desktop picked here but ERP did not deduct this carton					
2026-08-31	MR-2026-03854	MAT-STE-2026-20307	322521	L010-OWSHEL-003C	CNWH60220	0	3	ERP_AUTO_PICKED_HERE	ERP deducted here but desktop did not pick this carton	shpr0geaop				
2026-08-31	MR-2026-03854	MAT-STE-2026-20307	322523	L009-OWSHEL-037A	CNWH60946	4	0	DESKTOP_PICKED_NOT_IN_ERP	Desktop picked here but ERP did not deduct this carton					
2026-08-31	MR-2026-03854	MAT-STE-2026-20307	322523	L010-OWSHEL-011B	CNWH60901	0	4	ERP_AUTO_PICKED_HERE	ERP deducted here but desktop did not pick this carton	shu5dgfskg				
2026-08-31	MR-2026-03854	MAT-STE-2026-20307	322528	L016-OWPALT-018B	CNWH60245	0	1	ERP_AUTO_PICKED_HERE	ERP deducted here but desktop did not pick this carton	si40smd57a				
2026-08-31	MR-2026-03854	MAT-STE-2026-20307	322528	L016-OWPALT-026B	CNWH11422	4	3	QTY_MISMATCH	Desktop and ERP qty differ on same carton	si6u9ll5f0				
2026-08-31	MR-2026-03854	MAT-STE-2026-20307	322529	L009-OWSHEL-008E	CNWH60625	0	3	ERP_AUTO_PICKED_HERE	ERP deducted here but desktop did not pick this carton	si8aq3eqi4				
2026-08-31	MR-2026-03854	MAT-STE-2026-20307	322529	L009-OWSHEL-008E	CNWH60649	0	1	ERP_AUTO_PICKED_HERE	ERP deducted here but desktop did not pick this carton	siadjpnrhv				
2026-08-31	MR-2026-03854	MAT-STE-2026-20307	322529	L016-OWPALT-026B	CNWH11422	4	0	DESKTOP_PICKED_NOT_IN_ERP	Desktop picked here but ERP did not deduct this carton					
2026-08-31	MR-2026-03854	MAT-STE-2026-20307	322532	L009-OWSHEL-008E	CNWH60965	0	1	ERP_AUTO_PICKED_HERE	ERP deducted here but desktop did not pick this carton	sil1jg212c				
2026-08-31	MR-2026-03854	MAT-STE-2026-20307	322532	L010-OWSHEL-011B	CNWH60254	3	2	QTY_MISMATCH	Desktop and ERP qty differ on same carton	sipiq3n34h				
2026-08-31	MR-2026-03854	MAT-STE-2026-20307	322533	L009-OWSHEL-008E	CNWH60625	0	1	ERP_AUTO_PICKED_HERE	ERP deducted here but desktop did not pick this carton	sit4vehu77				
2026-08-31	MR-2026-03854	MAT-STE-2026-20307	322533	L010-OWSHEL-012A	CNWH60121	1	0	DESKTOP_PICKED_NOT_IN_ERP	Desktop picked here but ERP did not deduct this carton					
2026-08-31	MR-2026-03854	MAT-STE-2026-20307	322535	L009-OWSHEL-008E	CNWH60605	2	0	DESKTOP_PICKED_NOT_IN_ERP	Desktop picked here but ERP did not deduct this carton					
2026-08-31	MR-2026-03854	MAT-STE-2026-20307	322535	L010-OWSHEL-011B	CNWH60254	1	0	DESKTOP_PICKED_NOT_IN_ERP	Desktop picked here but ERP did not deduct this carton					
2026-08-31	MR-2026-03854	MAT-STE-2026-20307	322535	L010-OWSHEL-012A	CNWH60269	0	3	ERP_AUTO_PICKED_HERE	ERP deducted here but desktop did not pick this carton	sj3vvju8cp				
2026-08-31	MR-2026-03854	MAT-STE-2026-20307	322539	L010-OWSHEL-009D	CNWH60650	0	1	ERP_AUTO_PICKED_HERE	ERP deducted here but desktop did not pick this carton	sj5lgntoqf				
2026-08-31	MR-2026-03854	MAT-STE-2026-20307	322539	L010-OWSHEL-009D	CNWH60652	0	2	ERP_AUTO_PICKED_HERE	ERP deducted here but desktop did not pick this carton	sj82p2tim6				
2026-08-31	MR-2026-03854	MAT-STE-2026-20307	322539	L010-OWSHEL-014B	CNWH60235	3	0	DESKTOP_PICKED_NOT_IN_ERP	Desktop picked here but ERP did not deduct this carton					
2026-08-31	MR-2026-03854	MAT-STE-2026-20307	322575	L017-OWPALT-031B	CNWH60624	2	0	DESKTOP_PICKED_NOT_IN_ERP	Desktop picked here but ERP did not deduct this carton					
2026-08-31	MR-2026-03854	MAT-STE-2026-20307	322575	L017-OWPALT-031B	CNWH60879	0	2	ERP_AUTO_PICKED_HERE	ERP deducted here but desktop did not pick this carton	sja146adm6				
2026-08-31	MR-2026-03854	MAT-STE-2026-20307	322598	L017-OWPALT-011C	CNWH67035	0	3	ERP_AUTO_PICKED_HERE	ERP deducted here but desktop did not pick this carton	sjksm98efe				
2026-08-31	MR-2026-03854	MAT-STE-2026-20307	322598	L017-OWPALT-027C	CNWH60961	3	0	DESKTOP_PICKED_NOT_IN_ERP	Desktop picked here but ERP did not deduct this carton					
2026-08-31	MR-2026-03854	MAT-STE-2026-20307	322601	L017-OWPALT-015B	CNWH60630	0	4	ERP_AUTO_PICKED_HERE	ERP deducted here but desktop did not pick this carton	sjmuughmi2				
2026-08-31	MR-2026-03854	MAT-STE-2026-20307	322601	L017-OWPALT-046C	CNWH59812	4	0	DESKTOP_PICKED_NOT_IN_ERP	Desktop picked here but ERP did not deduct this carton					
2026-08-31	MR-2026-03854	MAT-STE-2026-20307	322606	L017-OWPALT-011C	CNWH67035	0	2	ERP_AUTO_PICKED_HERE	ERP deducted here but desktop did not pick this carton	sjpm8n1ch4				
2026-08-31	MR-2026-03854	MAT-STE-2026-20307	322606	L017-OWPALT-046C	CNWH65211	2	0	DESKTOP_PICKED_NOT_IN_ERP	Desktop picked here but ERP did not deduct this carton					
2026-08-31	MR-2026-03864	MAT-STE-2026-20308	322383	L009-OWSHEL-004D	CNWH60270	0	3	ERP_AUTO_PICKED_HERE	ERP deducted here but desktop did not pick this carton	srq41759l4				
2026-08-31	MR-2026-03864	MAT-STE-2026-20308	322383	L010-OWSHEL-011B	CNWH60606	3	0	DESKTOP_PICKED_NOT_IN_ERP	Desktop picked here but ERP did not deduct this carton					
2026-08-31	MR-2026-03864	MAT-STE-2026-20308	322385	L009-OWSHEL-004D	CNWH60270	0	3	ERP_AUTO_PICKED_HERE	ERP deducted here but desktop did not pick this carton	srv33qtj8k				
2026-08-31	MR-2026-03864	MAT-STE-2026-20308	322385	L010-OWSHEL-010C	CNWH60596	3	0	DESKTOP_PICKED_NOT_IN_ERP	Desktop picked here but ERP did not deduct this carton					
2026-08-31	MR-2026-03864	MAT-STE-2026-20308	322390	L009-OWSHEL-037A	CNWH60946	0	1	ERP_AUTO_PICKED_HERE	ERP deducted here but desktop did not pick this carton	ss2548g1fm				
2026-08-31	MR-2026-03864	MAT-STE-2026-20308	322390	L010-OWSHEL-003C	CNWH60253	0	2	ERP_AUTO_PICKED_HERE	ERP deducted here but desktop did not pick this carton	ss68ap80l0				
2026-08-31	MR-2026-03864	MAT-STE-2026-20308	322390	L010-OWSHEL-015C	CNWH60258	3	0	DESKTOP_PICKED_NOT_IN_ERP	Desktop picked here but ERP did not deduct this carton					
2026-08-31	MR-2026-03864	MAT-STE-2026-20308	322397	L009-OWSHEL-047B	CNWH60174	0	1	ERP_AUTO_PICKED_HERE	ERP deducted here but desktop did not pick this carton	ss92fe1i38				
2026-08-31	MR-2026-03864	MAT-STE-2026-20308	322397	L010-OWSHEL-036A	CNWH60675	1	0	DESKTOP_PICKED_NOT_IN_ERP	Desktop picked here but ERP did not deduct this carton					
2026-08-31	MR-2026-03864	MAT-STE-2026-20308	322402	L009-OWSHEL-047B	CNWH60869	0	3	ERP_AUTO_PICKED_HERE	ERP deducted here but desktop did not pick this carton	ssc1latvkm				
2026-08-31	MR-2026-03864	MAT-STE-2026-20308	322402	L010-OWSHEL-035B	CNWH60610	3	0	DESKTOP_PICKED_NOT_IN_ERP	Desktop picked here but ERP did not deduct this carton					
2026-08-31	MR-2026-03864	MAT-STE-2026-20308	322407	L009-OWSHEL-046C	CNWH60224	0	4	ERP_AUTO_PICKED_HERE	ERP deducted here but desktop did not pick this carton	ssf35hk2la				
2026-08-31	MR-2026-03864	MAT-STE-2026-20308	322407	L010-OWSHEL-023B	CNWH60672	4	0	DESKTOP_PICKED_NOT_IN_ERP	Desktop picked here but ERP did not deduct this carton					
2026-08-31	MR-2026-03864	MAT-STE-2026-20308	322409	L009-OWSHEL-047B	CNWH60872	0	1	ERP_AUTO_PICKED_HERE	ERP deducted here but desktop did not pick this carton	ssjplc0rm6				
2026-08-31	MR-2026-03864	MAT-STE-2026-20308	322409	L010-OWSHEL-023B	CNWH60672	1	0	DESKTOP_PICKED_NOT_IN_ERP	Desktop picked here but ERP did not deduct this carton					
2026-08-31	MR-2026-03864	MAT-STE-2026-20308	322410	L009-OWSHEL-046C	CNWH60940	0	1	ERP_AUTO_PICKED_HERE	ERP deducted here but desktop did not pick this carton	ssmq2pb33m				
2026-08-31	MR-2026-03864	MAT-STE-2026-20308	322410	L010-OWSHEL-036A	CNWH60669	1	0	DESKTOP_PICKED_NOT_IN_ERP	Desktop picked here but ERP did not deduct this carton					
2026-08-31	MR-2026-03864	MAT-STE-2026-20308	322414	L009-OWSHEL-035B	CNWH60853	0	1	ERP_AUTO_PICKED_HERE	ERP deducted here but desktop did not pick this carton	ssq9ipm38i				
2026-08-31	MR-2026-03864	MAT-STE-2026-20308	322414	L010-OWSHEL-035B	CNWH60643	1	0	DESKTOP_PICKED_NOT_IN_ERP	Desktop picked here but ERP did not deduct this carton					
2026-08-31	MR-2026-03864	MAT-STE-2026-20308	322422	L009-OWSHEL-017E	CNWH64983	0	2	ERP_AUTO_PICKED_HERE	ERP deducted here but desktop did not pick this carton	sssgrqibaj				
2026-08-31	MR-2026-03864	MAT-STE-2026-20308	322422	L010-OWSHEL-025A	CNWH61155	2	0	DESKTOP_PICKED_NOT_IN_ERP	Desktop picked here but ERP did not deduct this carton					
2026-08-31	MR-2026-03864	MAT-STE-2026-20308	322428	L009-OWSHEL-017E	CNWH61159	0	2	ERP_AUTO_PICKED_HERE	ERP deducted here but desktop did not pick this carton	ssvogsdche				
2026-08-31	MR-2026-03864	MAT-STE-2026-20308	322428	L009-OWSHEL-017E	CNWH61214	2	0	DESKTOP_PICKED_NOT_IN_ERP	Desktop picked here but ERP did not deduct this carton					
2026-08-31	MR-2026-03864	MAT-STE-2026-20308	322433	L009-OWSHEL-017E	CNWH61161	0	1	ERP_AUTO_PICKED_HERE	ERP deducted here but desktop did not pick this carton	st1ohvbla1				
2026-08-31	MR-2026-03864	MAT-STE-2026-20308	322433	L010-OWSHEL-034C	CNWH61152	1	0	DESKTOP_PICKED_NOT_IN_ERP	Desktop picked here but ERP did not deduct this carton					
2026-08-31	MR-2026-03864	MAT-STE-2026-20308	322439	L009-OWSHEL-017E	CNWH61162	0	1	ERP_AUTO_PICKED_HERE	ERP deducted here but desktop did not pick this carton	st5r6naicc				
2026-08-31	MR-2026-03864	MAT-STE-2026-20308	322439	L010-OWSHEL-034C	CNWH61222	1	0	DESKTOP_PICKED_NOT_IN_ERP	Desktop picked here but ERP did not deduct this carton					
2026-08-31	MR-2026-03864	MAT-STE-2026-20308	322445	L009-OWSHEL-005E	CNWH61167	0	4	ERP_AUTO_PICKED_HERE	ERP deducted here but desktop did not pick this carton	st87sb72be				
2026-08-31	MR-2026-03864	MAT-STE-2026-20308	322445	L010-OWSHEL-046C	CNWH59859	4	0	DESKTOP_PICKED_NOT_IN_ERP	Desktop picked here but ERP did not deduct this carton					
2026-08-31	MR-2026-03864	MAT-STE-2026-20308	322446	L009-OWSHEL-005E	CNWH61167	0	2	ERP_AUTO_PICKED_HERE	ERP deducted here but desktop did not pick this carton	stao6iol4c				
2026-08-31	MR-2026-03864	MAT-STE-2026-20308	322446	L010-OWSHEL-048A	CNWH59830	2	0	DESKTOP_PICKED_NOT_IN_ERP	Desktop picked here but ERP did not deduct this carton					
2026-08-31	MR-2026-03864	MAT-STE-2026-20308	322452	L009-OWSHEL-005E	CNWH61166	2	0	DESKTOP_PICKED_NOT_IN_ERP	Desktop picked here but ERP did not deduct this carton					
2026-08-31	MR-2026-03864	MAT-STE-2026-20308	322452	L009-OWSHEL-005E	CNWH61178	0	1	ERP_AUTO_PICKED_HERE	ERP deducted here but desktop did not pick this carton	std91dg2bk				
2026-08-31	MR-2026-03864	MAT-STE-2026-20308	322452	L010-OWSHEL-048A	CNWH59855	0	1	ERP_AUTO_PICKED_HERE	ERP deducted here but desktop did not pick this carton	stguhd8vlq				
2026-08-31	MR-2026-03864	MAT-STE-2026-20308	322456	L009-OWSHEL-003C	CNWH66386	0	1	ERP_AUTO_PICKED_HERE	ERP deducted here but desktop did not pick this carton	sti0osufs9				
2026-08-31	MR-2026-03864	MAT-STE-2026-20308	322456	L010-OWSHEL-046C	CNWH59856	1	0	DESKTOP_PICKED_NOT_IN_ERP	Desktop picked here but ERP did not deduct this carton					
2026-08-31	MR-2026-03864	MAT-STE-2026-20308	322463	L009-OWSHEL-003C	CNWH61223	0	1	ERP_AUTO_PICKED_HERE	ERP deducted here but desktop did not pick this carton	stm5cljpia				
2026-08-31	MR-2026-03864	MAT-STE-2026-20308	322463	L010-OWSHEL-046C	CNWH59858	1	0	DESKTOP_PICKED_NOT_IN_ERP	Desktop picked here but ERP did not deduct this carton					
2026-08-31	MR-2026-03864	MAT-STE-2026-20308	322464	L009-OWSHEL-005E	CNWH61200	0	1	ERP_AUTO_PICKED_HERE	ERP deducted here but desktop did not pick this carton	stpqu9c7kk				
2026-08-31	MR-2026-03864	MAT-STE-2026-20308	322464	L010-OWSHEL-046C	CNWH59858	1	0	DESKTOP_PICKED_NOT_IN_ERP	Desktop picked here but ERP did not deduct this carton					
2026-08-31	MR-2026-03864	MAT-STE-2026-20308	322472	L010-OWSHEL-015C	CNWH61197	0	1	ERP_AUTO_PICKED_HERE	ERP deducted here but desktop did not pick this carton	stsl9eqjva				
2026-08-31	MR-2026-03864	MAT-STE-2026-20308	322472	L010-OWSHEL-015C	CNWH66443	1	0	DESKTOP_PICKED_NOT_IN_ERP	Desktop picked here but ERP did not deduct this carton					
2026-08-31	MR-2026-03864	MAT-STE-2026-20308	322476	L010-OWSHEL-015C	CNWH66443	1	0	DESKTOP_PICKED_NOT_IN_ERP	Desktop picked here but ERP did not deduct this carton					
2026-08-31	MR-2026-03864	MAT-STE-2026-20308	322476	L010-OWSHEL-016D	CNWH61196	0	1	ERP_AUTO_PICKED_HERE	ERP deducted here but desktop did not pick this carton	su0c9n3m4g				
2026-08-31	MR-2026-03864	MAT-STE-2026-20308	322478	L009-OWSHEL-033D	CNWH61177	0	1	ERP_AUTO_PICKED_HERE	ERP deducted here but desktop did not pick this carton	su3krea4be				
2026-08-31	MR-2026-03864	MAT-STE-2026-20308	322478	L010-OWSHEL-015C	CNWH61215	1	0	DESKTOP_PICKED_NOT_IN_ERP	Desktop picked here but ERP did not deduct this carton					
2026-08-31	MR-2026-03864	MAT-STE-2026-20308	322503	L009-OWSHEL-005E	CNWH60677	0	3	ERP_AUTO_PICKED_HERE	ERP deducted here but desktop did not pick this carton	su6gk2q8ai				
2026-08-31	MR-2026-03864	MAT-STE-2026-20308	322503	L010-OWSHEL-011B	CNWH60953	3	0	DESKTOP_PICKED_NOT_IN_ERP	Desktop picked here but ERP did not deduct this carton					
2026-08-31	MR-2026-03864	MAT-STE-2026-20308	322533	L009-OWSHEL-008E	CNWH60965	0	1	ERP_AUTO_PICKED_HERE	ERP deducted here but desktop did not pick this carton	sufctaain0				
2026-08-31	MR-2026-03864	MAT-STE-2026-20308	322533	L010-OWSHEL-012A	CNWH60269	1	0	DESKTOP_PICKED_NOT_IN_ERP	Desktop picked here but ERP did not deduct this carton					
2026-08-31	MR-2026-03864	MAT-STE-2026-20308	322540	L010-OWSHEL-009D	CNWH60652	0	1	ERP_AUTO_PICKED_HERE	ERP deducted here but desktop did not pick this carton	suojmh4gov				
2026-08-31	MR-2026-03864	MAT-STE-2026-20308	322540	L010-OWSHEL-014B	CNWH60235	1	0	DESKTOP_PICKED_NOT_IN_ERP	Desktop picked here but ERP did not deduct this carton					
2026-08-31	MR-2026-03864	MAT-STE-2026-20308	322542	L010-OWSHEL-014B	CNWH60235	0	1	ERP_AUTO_PICKED_HERE	ERP deducted here but desktop did not pick this carton	sus0nasbur				
2026-08-31	MR-2026-03864	MAT-STE-2026-20308	322542	L010-OWSHEL-024A	CNWH60963	1	0	DESKTOP_PICKED_NOT_IN_ERP	Desktop picked here but ERP did not deduct this carton					
2026-08-31	MR-2026-03864	MAT-STE-2026-20308	322569	L017-OWPALT-022C	CNWH60971	0	4	ERP_AUTO_PICKED_HERE	ERP deducted here but desktop did not pick this carton	suuoicpq7h				
2026-08-31	MR-2026-03864	MAT-STE-2026-20308	322569	L017-OWPALT-027C	CNWH60602	4	0	DESKTOP_PICKED_NOT_IN_ERP	Desktop picked here but ERP did not deduct this carton					
2026-08-31	MR-2026-03864	MAT-STE-2026-20308	322595	L017-OWPALT-022C	CNWH57511	1	0	DESKTOP_PICKED_NOT_IN_ERP	Desktop picked here but ERP did not deduct this carton					
2026-08-31	MR-2026-03864	MAT-STE-2026-20308	322595	L017-OWPALT-031B	CNWH60260	0	1	ERP_AUTO_PICKED_HERE	ERP deducted here but desktop did not pick this carton	sv1juf2a5b				
2026-08-31	MR-2026-03864	MAT-STE-2026-20308	322599	L017-OWPALT-011C	CNWH67035	0	3	ERP_AUTO_PICKED_HERE	ERP deducted here but desktop did not pick this carton	sv4mc7rs45				
2026-08-31	MR-2026-03864	MAT-STE-2026-20308	322599	L017-OWPALT-027C	CNWH60961	3	0	DESKTOP_PICKED_NOT_IN_ERP	Desktop picked here but ERP did not deduct this carton					
2026-08-31	MR-2026-03864	MAT-STE-2026-20308	322605	L017-OWPALT-015B	CNWH60251	0	1	ERP_AUTO_PICKED_HERE	ERP deducted here but desktop did not pick this carton	sv7q1bdd0q				
2026-08-31	MR-2026-03864	MAT-STE-2026-20308	322605	L017-OWPALT-027C	CNWH60961	1	0	DESKTOP_PICKED_NOT_IN_ERP	Desktop picked here but ERP did not deduct this carton					
2026-08-31	MR-2026-03871	MAT-STE-2026-20309	322365	L009-OWSHEL-003C	CNWH61219	0	1	ERP_AUTO_PICKED_HERE	ERP deducted here but desktop did not pick this carton	t50gm2hmr3				
2026-08-31	MR-2026-03871	MAT-STE-2026-20309	322365	L010-OWSHEL-013A	CNWH60637	1	0	DESKTOP_PICKED_NOT_IN_ERP	Desktop picked here but ERP did not deduct this carton					
2026-08-31	MR-2026-03871	MAT-STE-2026-20309	322429	L009-OWSHEL-017E	CNWH61161	0	4	ERP_AUTO_PICKED_HERE	ERP deducted here but desktop did not pick this carton	t595gks1j1				
2026-08-31	MR-2026-03871	MAT-STE-2026-20309	322429	L010-OWSHEL-023B	CNWH59834	4	0	DESKTOP_PICKED_NOT_IN_ERP	Desktop picked here but ERP did not deduct this carton					
2026-08-31	MR-2026-03871	MAT-STE-2026-20309	322582	L017-OWPALT-014C	CNWH65557	0	1	ERP_AUTO_PICKED_HERE	ERP deducted here but desktop did not pick this carton	t5h3mfkhcs				
2026-08-31	MR-2026-03871	MAT-STE-2026-20309	322582	L017-OWPALT-030C	CNWH68106	1	0	DESKTOP_PICKED_NOT_IN_ERP	Desktop picked here but ERP did not deduct this carton					
2026-08-31	MR-2026-03871	MAT-STE-2026-20309	322583	L017-OWPALT-030C	CNWH68106	3	0	DESKTOP_PICKED_NOT_IN_ERP	Desktop picked here but ERP did not deduct this carton					
2026-08-31	MR-2026-03871	MAT-STE-2026-20309	322583	L017-OWPALT-031B	CNWH60874	0	3	ERP_AUTO_PICKED_HERE	ERP deducted here but desktop did not pick this carton	t5j6fje1ke				
2026-08-31	MR-2026-03871	MAT-STE-2026-20309	322601	L017-OWPALT-027C	CNWH60961	0	1	ERP_AUTO_PICKED_HERE	ERP deducted here but desktop did not pick this carton	t5nm861la2				
2026-08-31	MR-2026-03871	MAT-STE-2026-20309	322601	L017-OWPALT-046C	CNWH59812	1	0	DESKTOP_PICKED_NOT_IN_ERP	Desktop picked here but ERP did not deduct this carton					
2026-08-31	MR-2026-03879	MAT-STE-2026-20310	322382	L009-OWSHEL-004D	CNWH60270	0	3	ERP_AUTO_PICKED_HERE	ERP deducted here but desktop did not pick this carton	taug2mb5r6				
2026-08-31	MR-2026-03879	MAT-STE-2026-20310	322382	L010-OWSHEL-011B	CNWH60606	3	0	DESKTOP_PICKED_NOT_IN_ERP	Desktop picked here but ERP did not deduct this carton					
2026-08-31	MR-2026-03879	MAT-STE-2026-20310	322385	L009-OWSHEL-004D	CNWH61221	0	1	ERP_AUTO_PICKED_HERE	ERP deducted here but desktop did not pick this carton	tb27fkujsk				
2026-08-31	MR-2026-03879	MAT-STE-2026-20310	322385	L010-OWSHEL-011B	CNWH60606	1	0	DESKTOP_PICKED_NOT_IN_ERP	Desktop picked here but ERP did not deduct this carton					
2026-08-31	MR-2026-03879	MAT-STE-2026-20310	322389	L010-OWSHEL-003C	CNWH60220	0	4	ERP_AUTO_PICKED_HERE	ERP deducted here but desktop did not pick this carton	tb5v90ebgs				
2026-08-31	MR-2026-03879	MAT-STE-2026-20310	322389	L010-OWSHEL-025A	CNWH60594	4	0	DESKTOP_PICKED_NOT_IN_ERP	Desktop picked here but ERP did not deduct this carton					
2026-08-31	MR-2026-03879	MAT-STE-2026-20310	322423	L009-OWSHEL-017E	CNWH61199	0	2	ERP_AUTO_PICKED_HERE	ERP deducted here but desktop did not pick this carton	tb76pqu1l1				
2026-08-31	MR-2026-03879	MAT-STE-2026-20310	322423	L010-OWSHEL-021D	CNWH61228	1	0	DESKTOP_PICKED_NOT_IN_ERP	Desktop picked here but ERP did not deduct this carton					
2026-08-31	MR-2026-03879	MAT-STE-2026-20310	322423	L010-OWSHEL-022C	CNWH61227	1	0	DESKTOP_PICKED_NOT_IN_ERP	Desktop picked here but ERP did not deduct this carton					
2026-08-31	MR-2026-03879	MAT-STE-2026-20310	322426	L009-OWSHEL-017E	CNWH61169	0	1	ERP_AUTO_PICKED_HERE	ERP deducted here but desktop did not pick this carton	tb92ostk0f				
2026-08-31	MR-2026-03879	MAT-STE-2026-20310	322426	L010-OWSHEL-021D	CNWH59837	1	0	DESKTOP_PICKED_NOT_IN_ERP	Desktop picked here but ERP did not deduct this carton					
2026-08-31	MR-2026-03879	MAT-STE-2026-20310	322428	L009-OWSHEL-017E	CNWH61169	0	2	ERP_AUTO_PICKED_HERE	ERP deducted here but desktop did not pick this carton	tbcvntvvp3				
2026-08-31	MR-2026-03879	MAT-STE-2026-20310	322428	L009-OWSHEL-017E	CNWH61214	2	0	DESKTOP_PICKED_NOT_IN_ERP	Desktop picked here but ERP did not deduct this carton					
2026-08-31	MR-2026-03879	MAT-STE-2026-20310	322432	L009-OWSHEL-017E	CNWH61179	0	1	ERP_AUTO_PICKED_HERE	ERP deducted here but desktop did not pick this carton	tbh9ntl8nv				
2026-08-31	MR-2026-03879	MAT-STE-2026-20310	322432	L010-OWSHEL-023B	CNWH59834	1	0	DESKTOP_PICKED_NOT_IN_ERP	Desktop picked here but ERP did not deduct this carton					
2026-08-31	MR-2026-03879	MAT-STE-2026-20310	322435	L010-OWSHEL-021D	CNWH59827	1	0	DESKTOP_PICKED_NOT_IN_ERP	Desktop picked here but ERP did not deduct this carton					
2026-08-31	MR-2026-03879	MAT-STE-2026-20310	322435	L010-OWSHEL-021D	CNWH59840	1	0	DESKTOP_PICKED_NOT_IN_ERP	Desktop picked here but ERP did not deduct this carton					
2026-08-31	MR-2026-03879	MAT-STE-2026-20310	322435	L010-OWSHEL-021D	CNWH61187	0	2	ERP_AUTO_PICKED_HERE	ERP deducted here but desktop did not pick this carton	tbk4gsfefb				
2026-08-31	MR-2026-03879	MAT-STE-2026-20310	322447	L009-OWSHEL-005E	CNWH61166	0	1	ERP_AUTO_PICKED_HERE	ERP deducted here but desktop did not pick this carton	tbnr8pq9d1				
2026-08-31	MR-2026-03879	MAT-STE-2026-20310	322447	L009-OWSHEL-040D	CNWH61175	1	0	DESKTOP_PICKED_NOT_IN_ERP	Desktop picked here but ERP did not deduct this carton					
2026-08-31	MR-2026-03879	MAT-STE-2026-20310	322450	L009-OWSHEL-005E	CNWH61166	0	1	ERP_AUTO_PICKED_HERE	ERP deducted here but desktop did not pick this carton	tbqtk4rej7				
2026-08-31	MR-2026-03879	MAT-STE-2026-20310	322450	L009-OWSHEL-040D	CNWH61175	1	0	DESKTOP_PICKED_NOT_IN_ERP	Desktop picked here but ERP did not deduct this carton					
2026-08-31	MR-2026-03879	MAT-STE-2026-20310	322474	L009-OWSHEL-033D	CNWH59848	0	1	ERP_AUTO_PICKED_HERE	ERP deducted here but desktop did not pick this carton	tbvdj7jfak				
2026-08-31	MR-2026-03879	MAT-STE-2026-20310	322474	L010-OWSHEL-015C	CNWH66443	1	0	DESKTOP_PICKED_NOT_IN_ERP	Desktop picked here but ERP did not deduct this carton					
2026-08-31	MR-2026-03879	MAT-STE-2026-20310	322476	L010-OWSHEL-015C	CNWH66443	2	0	DESKTOP_PICKED_NOT_IN_ERP	Desktop picked here but ERP did not deduct this carton					
2026-08-31	MR-2026-03879	MAT-STE-2026-20310	322476	L010-OWSHEL-016D	CNWH61216	0	2	ERP_AUTO_PICKED_HERE	ERP deducted here but desktop did not pick this carton	tc3q09sflm				
2026-08-31	MR-2026-03879	MAT-STE-2026-20310	322477	L009-OWSHEL-033D	CNWH61177	0	2	ERP_AUTO_PICKED_HERE	ERP deducted here but desktop did not pick this carton	tc7lb708pl				
2026-08-31	MR-2026-03879	MAT-STE-2026-20310	322477	L010-OWSHEL-016D	CNWH61191	2	0	DESKTOP_PICKED_NOT_IN_ERP	Desktop picked here but ERP did not deduct this carton					
2026-08-31	MR-2026-03879	MAT-STE-2026-20310	322515	L009-OWSHEL-044E	CNWH60907	0	1	ERP_AUTO_PICKED_HERE	ERP deducted here but desktop did not pick this carton	tc9ertv3oi				
2026-08-31	MR-2026-03879	MAT-STE-2026-20310	322515	L010-OWSHEL-011B	CNWH60880	1	0	DESKTOP_PICKED_NOT_IN_ERP	Desktop picked here but ERP did not deduct this carton					
2026-08-31	MR-2026-03879	MAT-STE-2026-20310	322520	L010-OWSHEL-003C	CNWH60220	0	3	ERP_AUTO_PICKED_HERE	ERP deducted here but desktop did not pick this carton	tcc6s95ovr				
2026-08-31	MR-2026-03879	MAT-STE-2026-20310	322520	L010-OWSHEL-011B	CNWH60901	3	0	DESKTOP_PICKED_NOT_IN_ERP	Desktop picked here but ERP did not deduct this carton					
2026-08-31	MR-2026-03879	MAT-STE-2026-20310	322527	L010-OWSHEL-011B	CNWH60254	1	0	DESKTOP_PICKED_NOT_IN_ERP	Desktop picked here but ERP did not deduct this carton					
2026-08-31	MR-2026-03879	MAT-STE-2026-20310	322527	L010-OWSHEL-012A	CNWH60269	0	1	ERP_AUTO_PICKED_HERE	ERP deducted here but desktop did not pick this carton	tcj1jhjdbg				
2026-08-31	MR-2026-03879	MAT-STE-2026-20310	322533	L009-OWSHEL-008E	CNWH60605	1	0	DESKTOP_PICKED_NOT_IN_ERP	Desktop picked here but ERP did not deduct this carton					
2026-08-31	MR-2026-03879	MAT-STE-2026-20310	322533	L010-OWSHEL-012A	CNWH60121	0	1	ERP_AUTO_PICKED_HERE	ERP deducted here but desktop did not pick this carton	tcn16d3h7j				
2026-08-31	MR-2026-03879	MAT-STE-2026-20310	322540	L010-OWSHEL-009D	CNWH60968	0	1	ERP_AUTO_PICKED_HERE	ERP deducted here but desktop did not pick this carton	tcqd5qijpe				
2026-08-31	MR-2026-03879	MAT-STE-2026-20310	322540	L010-OWSHEL-024A	CNWH60679	1	0	DESKTOP_PICKED_NOT_IN_ERP	Desktop picked here but ERP did not deduct this carton					
2026-08-31	MR-2026-03879	MAT-STE-2026-20310	322544	L009-OWSHEL-021D	CNWH66473	0	1	ERP_AUTO_PICKED_HERE	ERP deducted here but desktop did not pick this carton	tcu98shhbm				
2026-08-31	MR-2026-03879	MAT-STE-2026-20310	322544	L010-OWSHEL-013A	CNWH60876	1	0	DESKTOP_PICKED_NOT_IN_ERP	Desktop picked here but ERP did not deduct this carton					
2026-08-31	MR-2026-03879	MAT-STE-2026-20310	322545	L009-OWSHEL-021D	CNWH66473	0	1	ERP_AUTO_PICKED_HERE	ERP deducted here but desktop did not pick this carton	td3k2l1rmn				
2026-08-31	MR-2026-03879	MAT-STE-2026-20310	322545	L009-OWSHEL-037A	CNWH60946	0	2	ERP_AUTO_PICKED_HERE	ERP deducted here but desktop did not pick this carton	td843kg94d				
2026-08-31	MR-2026-03879	MAT-STE-2026-20310	322545	L010-OWSHEL-012A	CNWH60199	3	0	DESKTOP_PICKED_NOT_IN_ERP	Desktop picked here but ERP did not deduct this carton					
2026-08-31	MR-2026-03879	MAT-STE-2026-20310	322594	L017-OWPALT-022C	CNWH57511	1	0	DESKTOP_PICKED_NOT_IN_ERP	Desktop picked here but ERP did not deduct this carton					
2026-08-31	MR-2026-03879	MAT-STE-2026-20310	322594	L017-OWPALT-031B	CNWH60846	0	1	ERP_AUTO_PICKED_HERE	ERP deducted here but desktop did not pick this carton	tdgvad4m06				
2026-08-31	MR-2026-03879	MAT-STE-2026-20310	322600	L017-OWPALT-011C	CNWH67035	0	1	ERP_AUTO_PICKED_HERE	ERP deducted here but desktop did not pick this carton	tdjs6kn67m				
2026-08-31	MR-2026-03879	MAT-STE-2026-20310	322600	L017-OWPALT-027C	CNWH60961	1	0	DESKTOP_PICKED_NOT_IN_ERP	Desktop picked here but ERP did not deduct this carton					
2026-08-31	MR-2026-03900	MAT-STE-2026-20411	322375	L010-OWSHEL-003C	CNWH60214	0	1	ERP_AUTO_PICKED_HERE	ERP deducted here but desktop did not pick this carton	kotpgv4u69				
2026-08-31	MR-2026-03900	MAT-STE-2026-20411	322375	L010-OWSHEL-014B	CNWH60475	2	1	QTY_MISMATCH	Desktop and ERP qty differ on same carton	kovtan673b				
2026-08-31	MR-2026-03900	MAT-STE-2026-20411	322379	L010-OWSHEL-003C	CNWH60214	0	1	ERP_AUTO_PICKED_HERE	ERP deducted here but desktop did not pick this carton	kp14gl51sd				
2026-08-31	MR-2026-03900	MAT-STE-2026-20411	322379	L010-OWSHEL-003C	CNWH60917	1	0	DESKTOP_PICKED_NOT_IN_ERP	Desktop picked here but ERP did not deduct this carton					
2026-08-31	MR-2026-03900	MAT-STE-2026-20411	322397	L009-OWSHEL-047B	CNWH60208	0	1	ERP_AUTO_PICKED_HERE	ERP deducted here but desktop did not pick this carton	kp3sreedi2				
2026-08-31	MR-2026-03900	MAT-STE-2026-20411	322397	L010-OWSHEL-036A	CNWH60675	1	0	DESKTOP_PICKED_NOT_IN_ERP	Desktop picked here but ERP did not deduct this carton					
2026-08-31	MR-2026-03900	MAT-STE-2026-20411	322443	L009-OWSHEL-037A	CNWH61207	0	1	ERP_AUTO_PICKED_HERE	ERP deducted here but desktop did not pick this carton	kpa210m4m3				
2026-08-31	MR-2026-03900	MAT-STE-2026-20411	322443	L010-OWSHEL-048A	CNWH59832	1	0	DESKTOP_PICKED_NOT_IN_ERP	Desktop picked here but ERP did not deduct this carton					
2026-08-31	MR-2026-03900	MAT-STE-2026-20411	322446	L009-OWSHEL-037A	CNWH61207	0	1	ERP_AUTO_PICKED_HERE	ERP deducted here but desktop did not pick this carton	kpcrd3epmv				
2026-08-31	MR-2026-03900	MAT-STE-2026-20411	322446	L010-OWSHEL-047B	CNWH59850	1	0	DESKTOP_PICKED_NOT_IN_ERP	Desktop picked here but ERP did not deduct this carton					
2026-08-31	MR-2026-03900	MAT-STE-2026-20411	322459	L009-OWSHEL-005E	CNWH61178	0	1	ERP_AUTO_PICKED_HERE	ERP deducted here but desktop did not pick this carton	kpebqmbuq1				
2026-08-31	MR-2026-03900	MAT-STE-2026-20411	322459	L010-OWSHEL-048A	CNWH59829	1	0	DESKTOP_PICKED_NOT_IN_ERP	Desktop picked here but ERP did not deduct this carton					
2026-08-31	MR-2026-03900	MAT-STE-2026-20411	322462	L009-OWSHEL-003C	CNWH61223	0	2	ERP_AUTO_PICKED_HERE	ERP deducted here but desktop did not pick this carton	kpgu0359s9				
2026-08-31	MR-2026-03900	MAT-STE-2026-20411	322462	L010-OWSHEL-047B	CNWH59860	2	0	DESKTOP_PICKED_NOT_IN_ERP	Desktop picked here but ERP did not deduct this carton					
2026-08-31	MR-2026-03900	MAT-STE-2026-20411	322467	L009-OWSHEL-028D	CNWH66784	0	1	ERP_AUTO_PICKED_HERE	ERP deducted here but desktop did not pick this carton	kpiq38mesc				
2026-08-31	MR-2026-03900	MAT-STE-2026-20411	322467	L010-OWSHEL-015C	CNWH61225	1	0	DESKTOP_PICKED_NOT_IN_ERP	Desktop picked here but ERP did not deduct this carton					
2026-08-31	MR-2026-03900	MAT-STE-2026-20411	322468	L009-OWSHEL-021D	CNWH66447	0	2	ERP_AUTO_PICKED_HERE	ERP deducted here but desktop did not pick this carton	kpln6r435k				
2026-08-31	MR-2026-03900	MAT-STE-2026-20411	322468	L009-OWSHEL-028D	CNWH59833	0	1	ERP_AUTO_PICKED_HERE	ERP deducted here but desktop did not pick this carton	kpmeau7tuv				
2026-08-31	MR-2026-03900	MAT-STE-2026-20411	322468	L010-OWSHEL-015C	CNWH61225	3	0	DESKTOP_PICKED_NOT_IN_ERP	Desktop picked here but ERP did not deduct this carton					
2026-08-31	MR-2026-03900	MAT-STE-2026-20411	322475	L009-OWSHEL-028D	CNWH61165	0	3	ERP_AUTO_PICKED_HERE	ERP deducted here but desktop did not pick this carton	kpr5cjde2i				
2026-08-31	MR-2026-03900	MAT-STE-2026-20411	322475	L010-OWSHEL-015C	CNWH61197	3	0	DESKTOP_PICKED_NOT_IN_ERP	Desktop picked here but ERP did not deduct this carton					
2026-08-31	MR-2026-03900	MAT-STE-2026-20411	322482	L010-OWSHEL-016D	CNWH61229	1	0	DESKTOP_PICKED_NOT_IN_ERP	Desktop picked here but ERP did not deduct this carton					
2026-08-31	MR-2026-03900	MAT-STE-2026-20411	322482	L010-OWSHEL-024A	CNWH61192	0	1	ERP_AUTO_PICKED_HERE	ERP deducted here but desktop did not pick this carton	kputp4p2ck				
2026-08-31	MR-2026-03900	MAT-STE-2026-20411	322515	L010-OWSHEL-011B	CNWH60880	0	2	ERP_AUTO_PICKED_HERE	ERP deducted here but desktop did not pick this carton	kq6hpka73h				
2026-08-31	MR-2026-03900	MAT-STE-2026-20411	322515	L010-OWSHEL-032E	CNWH60958	0	2	ERP_AUTO_PICKED_HERE	ERP deducted here but desktop did not pick this carton	kq7pm60k1a				
2026-08-31	MR-2026-03900	MAT-STE-2026-20411	322515	L016-OWPALT-026B	CNWH64810	4	0	DESKTOP_PICKED_NOT_IN_ERP	Desktop picked here but ERP did not deduct this carton					
2026-08-31	MR-2026-03900	MAT-STE-2026-20411	322517	L009-OWSHEL-021D	CNWH66473	2	0	DESKTOP_PICKED_NOT_IN_ERP	Desktop picked here but ERP did not deduct this carton					
2026-08-31	MR-2026-03900	MAT-STE-2026-20411	322517	L009-OWSHEL-038B	CNWH60948	0	1	ERP_AUTO_PICKED_HERE	ERP deducted here but desktop did not pick this carton	kqeaj63tud				
2026-08-31	MR-2026-03900	MAT-STE-2026-20411	322517	L009-OWSHEL-044E	CNWH60907	0	3	ERP_AUTO_PICKED_HERE	ERP deducted here but desktop did not pick this carton	kqgqva0kms				
2026-08-31	MR-2026-03900	MAT-STE-2026-20411	322517	L016-OWPALT-026B	CNWH24445	2	0	DESKTOP_PICKED_NOT_IN_ERP	Desktop picked here but ERP did not deduct this carton					
2026-08-31	MR-2026-03900	MAT-STE-2026-20411	322523	L010-OWSHEL-011B	CNWH60953	0	1	ERP_AUTO_PICKED_HERE	ERP deducted here but desktop did not pick this carton	kqnq6e12be				
2026-08-31	MR-2026-03900	MAT-STE-2026-20411	322523	L010-OWSHEL-032E	CNWH60680	1	0	DESKTOP_PICKED_NOT_IN_ERP	Desktop picked here but ERP did not deduct this carton					
2026-08-31	MR-2026-03900	MAT-STE-2026-20411	322529	L010-OWSHEL-011B	CNWH60254	0	1	ERP_AUTO_PICKED_HERE	ERP deducted here but desktop did not pick this carton	kqqanv1865				
2026-08-31	MR-2026-03900	MAT-STE-2026-20411	322529	L010-OWSHEL-012A	CNWH60269	1	0	DESKTOP_PICKED_NOT_IN_ERP	Desktop picked here but ERP did not deduct this carton					
2026-08-31	MR-2026-03900	MAT-STE-2026-20411	322543	L010-OWSHEL-012A	CNWH60199	0	1	ERP_AUTO_PICKED_HERE	ERP deducted here but desktop did not pick this carton	kqvp87355o				
2026-08-31	MR-2026-03900	MAT-STE-2026-20411	322543	L010-OWSHEL-012A	CNWH60226	0	1	ERP_AUTO_PICKED_HERE	ERP deducted here but desktop did not pick this carton	kr0rscd7r3				
2026-08-31	MR-2026-03900	MAT-STE-2026-20411	322543	L010-OWSHEL-012A	CNWH60887	2	0	DESKTOP_PICKED_NOT_IN_ERP	Desktop picked here but ERP did not deduct this carton					
2026-08-31	MR-2026-03900	MAT-STE-2026-20411	322544	L009-OWSHEL-038B	CNWH60948	0	3	ERP_AUTO_PICKED_HERE	ERP deducted here but desktop did not pick this carton	kr30v5hk6a				
2026-08-31	MR-2026-03900	MAT-STE-2026-20411	322544	L010-OWSHEL-011B	CNWH60239	3	0	DESKTOP_PICKED_NOT_IN_ERP	Desktop picked here but ERP did not deduct this carton					
2026-08-31	MR-2026-03900	MAT-STE-2026-20411	322545	L009-OWSHEL-038B	CNWH60948	0	1	ERP_AUTO_PICKED_HERE	ERP deducted here but desktop did not pick this carton	kr6e020gap				
2026-08-31	MR-2026-03900	MAT-STE-2026-20411	322545	L010-OWSHEL-011B	CNWH60239	1	0	DESKTOP_PICKED_NOT_IN_ERP	Desktop picked here but ERP did not deduct this carton					
2026-08-31	MR-2026-03900	MAT-STE-2026-20411	322581	L017-OWPALT-014C	CNWH65557	0	1	ERP_AUTO_PICKED_HERE	ERP deducted here but desktop did not pick this carton	krbq57makk				
2026-08-31	MR-2026-03900	MAT-STE-2026-20411	322581	L017-OWPALT-031B	CNWH60884	1	0	DESKTOP_PICKED_NOT_IN_ERP	Desktop picked here but ERP did not deduct this carton					
2026-08-31	MR-2026-03900	MAT-STE-2026-20411	322582	L016-OWPALT-014C	CNWH58174	1	0	DESKTOP_PICKED_NOT_IN_ERP	Desktop picked here but ERP did not deduct this carton					
2026-08-31	MR-2026-03900	MAT-STE-2026-20411	322582	L017-OWPALT-030C	CNWH68106	0	1	ERP_AUTO_PICKED_HERE	ERP deducted here but desktop did not pick this carton	krdtumskmv				
2026-08-31	MR-2026-03900	MAT-STE-2026-20411	322603	L017-OWPALT-006C	CNWH68140	0	1	ERP_AUTO_PICKED_HERE	ERP deducted here but desktop did not pick this carton	krfr53hh0k				
2026-08-31	MR-2026-03900	MAT-STE-2026-20411	322603	L017-OWPALT-015B	CNWH60635	1	0	DESKTOP_PICKED_NOT_IN_ERP	Desktop picked here but ERP did not deduct this carton					
2026-08-31	MR-2026-03900	MAT-STE-2026-20411	322606	L017-OWPALT-015B	CNWH60635	4	0	DESKTOP_PICKED_NOT_IN_ERP	Desktop picked here but ERP did not deduct this carton					
2026-08-31	MR-2026-03900	MAT-STE-2026-20411	322606	L017-OWPALT-046C	CNWH65211	0	4	ERP_AUTO_PICKED_HERE	ERP deducted here but desktop did not pick this carton	krhm3pu6tq				
2026-08-31	MR-2026-03907	MAT-STE-2026-20412	322364	L009-OWSHEL-003C	CNWH61219	0	1	ERP_AUTO_PICKED_HERE	ERP deducted here but desktop did not pick this carton	l1m102jtbk				
2026-08-31	MR-2026-03907	MAT-STE-2026-20412	322364	L010-OWSHEL-010C	CNWH60634	1	0	DESKTOP_PICKED_NOT_IN_ERP	Desktop picked here but ERP did not deduct this carton					
2026-08-31	MR-2026-03907	MAT-STE-2026-20412	322365	L009-OWSHEL-008E	CNWH60965	0	1	ERP_AUTO_PICKED_HERE	ERP deducted here but desktop did not pick this carton	l1o3jkct2k				
2026-08-31	MR-2026-03907	MAT-STE-2026-20412	322365	L010-OWSHEL-010C	CNWH60634	1	0	DESKTOP_PICKED_NOT_IN_ERP	Desktop picked here but ERP did not deduct this carton					
2026-08-31	MR-2026-03907	MAT-STE-2026-20412	322367	L009-OWSHEL-003C	CNWH61219	0	1	ERP_AUTO_PICKED_HERE	ERP deducted here but desktop did not pick this carton	l1rnb5f9e7				
2026-08-31	MR-2026-03907	MAT-STE-2026-20412	322367	L010-OWSHEL-010C	CNWH60634	1	0	DESKTOP_PICKED_NOT_IN_ERP	Desktop picked here but ERP did not deduct this carton					
2026-08-31	MR-2026-03907	MAT-STE-2026-20412	322383	L009-OWSHEL-004D	CNWH60270	4	0	DESKTOP_PICKED_NOT_IN_ERP	Desktop picked here but ERP did not deduct this carton					
2026-08-31	MR-2026-03907	MAT-STE-2026-20412	322383	L009-OWSHEL-004D	CNWH60861	0	2	ERP_AUTO_PICKED_HERE	ERP deducted here but desktop did not pick this carton	l1vqv2qq3n				
2026-08-31	MR-2026-03907	MAT-STE-2026-20412	322383	L009-OWSHEL-004D	CNWH61221	0	2	ERP_AUTO_PICKED_HERE	ERP deducted here but desktop did not pick this carton	l220k0ob3s				
2026-08-31	MR-2026-03907	MAT-STE-2026-20412	322389	L010-OWSHEL-003C	CNWH60253	0	1	ERP_AUTO_PICKED_HERE	ERP deducted here but desktop did not pick this carton	l29556e6mp				
2026-08-31	MR-2026-03907	MAT-STE-2026-20412	322389	L010-OWSHEL-003C	CNWH60866	1	0	DESKTOP_PICKED_NOT_IN_ERP	Desktop picked here but ERP did not deduct this carton					
2026-08-31	MR-2026-03907	MAT-STE-2026-20412	322396	L009-OWSHEL-035B	CNWH60173	0	1	ERP_AUTO_PICKED_HERE	ERP deducted here but desktop did not pick this carton	l2dne2a54j				
2026-08-31	MR-2026-03907	MAT-STE-2026-20412	322396	L010-OWSHEL-036A	CNWH60675	1	0	DESKTOP_PICKED_NOT_IN_ERP	Desktop picked here but ERP did not deduct this carton					
2026-08-31	MR-2026-03907	MAT-STE-2026-20412	322417	L009-OWSHEL-017E	CNWH61160	0	1	ERP_AUTO_PICKED_HERE	ERP deducted here but desktop did not pick this carton	l2egs5tnnb				
2026-08-31	MR-2026-03907	MAT-STE-2026-20412	322417	L009-OWSHEL-017E	CNWH61189	0	1	ERP_AUTO_PICKED_HERE	ERP deducted here but desktop did not pick this carton	l2hi35mic8				
2026-08-31	MR-2026-03907	MAT-STE-2026-20412	322417	L010-OWSHEL-025A	CNWH61155	2	0	DESKTOP_PICKED_NOT_IN_ERP	Desktop picked here but ERP did not deduct this carton					
2026-08-31	MR-2026-03907	MAT-STE-2026-20412	322426	L009-OWSHEL-017E	CNWH61199	0	1	ERP_AUTO_PICKED_HERE	ERP deducted here but desktop did not pick this carton	l2l7te6obb				
2026-08-31	MR-2026-03907	MAT-STE-2026-20412	322426	L010-OWSHEL-021D	CNWH59837	1	0	DESKTOP_PICKED_NOT_IN_ERP	Desktop picked here but ERP did not deduct this carton					
2026-08-31	MR-2026-03907	MAT-STE-2026-20412	322433	L009-OWSHEL-017E	CNWH61179	0	1	ERP_AUTO_PICKED_HERE	ERP deducted here but desktop did not pick this carton	l2o1qnjtpl				
2026-08-31	MR-2026-03907	MAT-STE-2026-20412	322433	L010-OWSHEL-022C	CNWH59836	1	0	DESKTOP_PICKED_NOT_IN_ERP	Desktop picked here but ERP did not deduct this carton					
2026-08-31	MR-2026-03907	MAT-STE-2026-20412	322439	L009-OWSHEL-017E	CNWH61171	0	1	ERP_AUTO_PICKED_HERE	ERP deducted here but desktop did not pick this carton	l2rku5i1ho				
2026-08-31	MR-2026-03907	MAT-STE-2026-20412	322439	L010-OWSHEL-021D	CNWH59827	1	0	DESKTOP_PICKED_NOT_IN_ERP	Desktop picked here but ERP did not deduct this carton					
2026-08-31	MR-2026-03907	MAT-STE-2026-20412	322442	L009-OWSHEL-005E	CNWH61167	0	1	ERP_AUTO_PICKED_HERE	ERP deducted here but desktop did not pick this carton	l2tjjm87mf				
2026-08-31	MR-2026-03907	MAT-STE-2026-20412	322442	L010-OWSHEL-047B	CNWH59850	1	0	DESKTOP_PICKED_NOT_IN_ERP	Desktop picked here but ERP did not deduct this carton					
2026-08-31	MR-2026-03907	MAT-STE-2026-20412	322443	L009-OWSHEL-039C	CNWH61202	0	1	ERP_AUTO_PICKED_HERE	ERP deducted here but desktop did not pick this carton	l30fqeen8f				
2026-08-31	MR-2026-03907	MAT-STE-2026-20412	322443	L010-OWSHEL-047B	CNWH59850	1	0	DESKTOP_PICKED_NOT_IN_ERP	Desktop picked here but ERP did not deduct this carton					
2026-08-31	MR-2026-03907	MAT-STE-2026-20412	322448	L009-OWSHEL-005E	CNWH61166	0	3	ERP_AUTO_PICKED_HERE	ERP deducted here but desktop did not pick this carton	l34ib4i009				
2026-08-31	MR-2026-03907	MAT-STE-2026-20412	322448	L010-OWSHEL-047B	CNWH59851	3	0	DESKTOP_PICKED_NOT_IN_ERP	Desktop picked here but ERP did not deduct this carton					
2026-08-31	MR-2026-03907	MAT-STE-2026-20412	322451	L009-OWSHEL-005E	CNWH61166	0	1	ERP_AUTO_PICKED_HERE	ERP deducted here but desktop did not pick this carton	l369mcl72p				
2026-08-31	MR-2026-03907	MAT-STE-2026-20412	322451	L010-OWSHEL-047B	CNWH59851	1	0	DESKTOP_PICKED_NOT_IN_ERP	Desktop picked here but ERP did not deduct this carton					
2026-08-31	MR-2026-03907	MAT-STE-2026-20412	322456	L009-OWSHEL-004D	CNWH60867	0	1	ERP_AUTO_PICKED_HERE	ERP deducted here but desktop did not pick this carton	l394f4ekmu				
2026-08-31	MR-2026-03907	MAT-STE-2026-20412	322456	L010-OWSHEL-021D	CNWH59839	1	0	DESKTOP_PICKED_NOT_IN_ERP	Desktop picked here but ERP did not deduct this carton					
2026-08-31	MR-2026-03907	MAT-STE-2026-20412	322457	L009-OWSHEL-003C	CNWH66386	0	1	ERP_AUTO_PICKED_HERE	ERP deducted here but desktop did not pick this carton	l3c240mghq				
2026-08-31	MR-2026-03907	MAT-STE-2026-20412	322457	L010-OWSHEL-021D	CNWH59839	1	0	DESKTOP_PICKED_NOT_IN_ERP	Desktop picked here but ERP did not deduct this carton					
2026-08-31	MR-2026-03907	MAT-STE-2026-20412	322459	L009-OWSHEL-005E	CNWH61185	0	2	ERP_AUTO_PICKED_HERE	ERP deducted here but desktop did not pick this carton	l3el69qhdv				
2026-08-31	MR-2026-03907	MAT-STE-2026-20412	322459	L010-OWSHEL-048A	CNWH59829	2	0	DESKTOP_PICKED_NOT_IN_ERP	Desktop picked here but ERP did not deduct this carton					
2026-08-31	MR-2026-03907	MAT-STE-2026-20412	322460	L009-OWSHEL-003C	CNWH61223	0	3	ERP_AUTO_PICKED_HERE	ERP deducted here but desktop did not pick this carton	l3hvqjnvgl				
2026-08-31	MR-2026-03907	MAT-STE-2026-20412	322460	L010-OWSHEL-048A	CNWH59829	3	0	DESKTOP_PICKED_NOT_IN_ERP	Desktop picked here but ERP did not deduct this carton					
2026-08-31	MR-2026-03907	MAT-STE-2026-20412	322462	L009-OWSHEL-005E	CNWH61178	0	1	ERP_AUTO_PICKED_HERE	ERP deducted here but desktop did not pick this carton	l3jdm41pso				
2026-08-31	MR-2026-03907	MAT-STE-2026-20412	322462	L010-OWSHEL-048A	CNWH59831	1	0	DESKTOP_PICKED_NOT_IN_ERP	Desktop picked here but ERP did not deduct this carton					
2026-08-31	MR-2026-03907	MAT-STE-2026-20412	322469	L009-OWSHEL-028D	CNWH59833	0	1	ERP_AUTO_PICKED_HERE	ERP deducted here but desktop did not pick this carton	l3nie0afh7				
2026-08-31	MR-2026-03907	MAT-STE-2026-20412	322469	L010-OWSHEL-015C	CNWH61225	1	0	DESKTOP_PICKED_NOT_IN_ERP	Desktop picked here but ERP did not deduct this carton					
2026-08-31	MR-2026-03907	MAT-STE-2026-20412	322509	L009-OWSHEL-005E	CNWH60678	0	1	ERP_AUTO_PICKED_HERE	ERP deducted here but desktop did not pick this carton	l3rhblqfrs				
2026-08-31	MR-2026-03907	MAT-STE-2026-20412	322509	L010-OWSHEL-002B	CNWH60225	1	0	DESKTOP_PICKED_NOT_IN_ERP	Desktop picked here but ERP did not deduct this carton					
2026-08-31	MR-2026-03907	MAT-STE-2026-20412	322516	L016-OWPALT-026B	CNWH24445	0	1	ERP_AUTO_PICKED_HERE	ERP deducted here but desktop did not pick this carton	l3tkeffh2q				
2026-08-31	MR-2026-03907	MAT-STE-2026-20412	322516	L016-OWPALT-026B	CNWH64810	1	0	DESKTOP_PICKED_NOT_IN_ERP	Desktop picked here but ERP did not deduct this carton					
2026-08-31	MR-2026-03907	MAT-STE-2026-20412	322523	L010-OWSHEL-011B	CNWH60953	2	0	DESKTOP_PICKED_NOT_IN_ERP	Desktop picked here but ERP did not deduct this carton					
2026-08-31	MR-2026-03907	MAT-STE-2026-20412	322523	L010-OWSHEL-032E	CNWH60680	0	2	ERP_AUTO_PICKED_HERE	ERP deducted here but desktop did not pick this carton	l3vq7kiljs				
2026-08-31	MR-2026-03907	MAT-STE-2026-20412	322526	L010-OWSHEL-011B	CNWH60880	1	0	DESKTOP_PICKED_NOT_IN_ERP	Desktop picked here but ERP did not deduct this carton					
2026-08-31	MR-2026-03907	MAT-STE-2026-20412	322526	L016-OWPALT-026B	CNWH11422	0	1	ERP_AUTO_PICKED_HERE	ERP deducted here but desktop did not pick this carton	l4109pag6h				
2026-08-31	MR-2026-03907	MAT-STE-2026-20412	322568	L017-OWPALT-022C	CNWH60971	0	2	ERP_AUTO_PICKED_HERE	ERP deducted here but desktop did not pick this carton	l48sd1b52e				
2026-08-31	MR-2026-03907	MAT-STE-2026-20412	322568	L017-OWPALT-027C	CNWH60593	0	1	ERP_AUTO_PICKED_HERE	ERP deducted here but desktop did not pick this carton	l4ceiutu6e				
2026-08-31	MR-2026-03907	MAT-STE-2026-20412	322568	L017-OWPALT-051C	CNWH57412	3	0	DESKTOP_PICKED_NOT_IN_ERP	Desktop picked here but ERP did not deduct this carton					
2026-08-31	MR-2026-03907	MAT-STE-2026-20412	322569	L017-OWPALT-027C	CNWH60951	0	4	ERP_AUTO_PICKED_HERE	ERP deducted here but desktop did not pick this carton	l4h81vccso				
2026-08-31	MR-2026-03907	MAT-STE-2026-20412	322569	L017-OWPALT-051C	CNWH57412	4	0	DESKTOP_PICKED_NOT_IN_ERP	Desktop picked here but ERP did not deduct this carton					
2026-08-31	MR-2026-03907	MAT-STE-2026-20412	322575	L017-OWPALT-051C	CNWH60228	0	1	ERP_AUTO_PICKED_HERE	ERP deducted here but desktop did not pick this carton	l4j429ipnp				
2026-08-31	MR-2026-03907	MAT-STE-2026-20412	322575	L017-OWPALT-051C	CNWH60857	1	0	DESKTOP_PICKED_NOT_IN_ERP	Desktop picked here but ERP did not deduct this carton					
2026-08-31	MR-2026-03907	MAT-STE-2026-20412	322598	L017-OWPALT-015B	CNWH60604	0	4	ERP_AUTO_PICKED_HERE	ERP deducted here but desktop did not pick this carton	l4me5smv40				
2026-08-31	MR-2026-03907	MAT-STE-2026-20412	322598	L017-OWPALT-046C	CNWH59804	2	0	DESKTOP_PICKED_NOT_IN_ERP	Desktop picked here but ERP did not deduct this carton					
2026-08-31	MR-2026-03907	MAT-STE-2026-20412	322598	L017-OWPALT-046C	CNWH59812	2	0	DESKTOP_PICKED_NOT_IN_ERP	Desktop picked here but ERP did not deduct this carton					
2026-08-31	MR-2026-03907	MAT-STE-2026-20412	322607	L017-OWPALT-015B	CNWH60635	2	1	QTY_MISMATCH	Desktop and ERP qty differ on same carton	l4q96rcu0a				
2026-08-31	MR-2026-03907	MAT-STE-2026-20412	322607	L017-OWPALT-046C	CNWH65211	2	0	DESKTOP_PICKED_NOT_IN_ERP	Desktop picked here but ERP did not deduct this carton					
2026-08-31	MR-2026-03907	MAT-STE-2026-20412	322607	L017-OWPALT-054C	CNWH65032	0	3	ERP_AUTO_PICKED_HERE	ERP deducted here but desktop did not pick this carton	l4qgtscs06				
2026-08-31	MR-2026-04282	MAT-STE-2026-20386	301627	F001-OWPALT-015B	CNWH43143	0	1	ERP_AUTO_PICKED_HERE	ERP deducted here but desktop did not pick this carton	cvpfdidfm6				
2026-08-31	MR-2026-04282	MAT-STE-2026-20386	301627	F001-OWPALT-016A	CNWH43147	2	1	QTY_MISMATCH	Desktop and ERP qty differ on same carton	cvrgfbba32				
2026-08-31	MR-2026-04283	MAT-STE-2026-20311	322180	L009-OWSHEL-005E	CNWH61121	0	2	ERP_AUTO_PICKED_HERE	ERP deducted here but desktop did not pick this carton	47jk5oucv5				
2026-08-31	MR-2026-04283	MAT-STE-2026-20311	322180	L009-OWSHEL-037A	CNWH61115	2	0	DESKTOP_PICKED_NOT_IN_ERP	Desktop picked here but ERP did not deduct this carton					
2026-08-31	MR-2026-04283	MAT-STE-2026-20311	322185	L009-OWSHEL-005E	CNWH61121	0	2	ERP_AUTO_PICKED_HERE	ERP deducted here but desktop did not pick this carton	47nnm5iaf1				
2026-08-31	MR-2026-04283	MAT-STE-2026-20311	322185	L009-OWSHEL-039C	CNWH66406	2	0	DESKTOP_PICKED_NOT_IN_ERP	Desktop picked here but ERP did not deduct this carton					
2026-08-31	MR-2026-04283	MAT-STE-2026-20311	322191	L009-OWSHEL-005E	CNWH61083	0	2	ERP_AUTO_PICKED_HERE	ERP deducted here but desktop did not pick this carton	47q98c3s32				
2026-08-31	MR-2026-04283	MAT-STE-2026-20311	322191	L009-OWSHEL-040D	CNWH62334	2	0	DESKTOP_PICKED_NOT_IN_ERP	Desktop picked here but ERP did not deduct this carton					
2026-08-31	MR-2026-04283	MAT-STE-2026-20311	322235	L010-OWSHEL-038B	CNWH62333	0	1	ERP_AUTO_PICKED_HERE	ERP deducted here but desktop did not pick this carton	48d002n2g3				
2026-08-31	MR-2026-04283	MAT-STE-2026-20311	322235	L010-OWSHEL-039C	CNWH61108	1	0	DESKTOP_PICKED_NOT_IN_ERP	Desktop picked here but ERP did not deduct this carton					
2026-08-31	MR-2026-04283	MAT-STE-2026-20311	322236	L010-OWSHEL-036A	CNWH61103	0	1	ERP_AUTO_PICKED_HERE	ERP deducted here but desktop did not pick this carton	48ghhjsvoh				
2026-08-31	MR-2026-04283	MAT-STE-2026-20311	322236	L010-OWSHEL-039C	CNWH61108	1	0	DESKTOP_PICKED_NOT_IN_ERP	Desktop picked here but ERP did not deduct this carton					
2026-08-31	MR-2026-04284	MAT-STE-2026-20312	322137	L010-OWSHEL-017E	CNWH66002	0	1	ERP_AUTO_PICKED_HERE	ERP deducted here but desktop did not pick this carton	6o2n04brkj				
2026-08-31	MR-2026-04284	MAT-STE-2026-20312	322137	L010-OWSHEL-034C	CNWH61990	2	1	QTY_MISMATCH	Desktop and ERP qty differ on same carton	6o4ouvb88g				
2026-08-31	MR-2026-04284	MAT-STE-2026-20312	322191	L009-OWSHEL-005E	CNWH61121	1	3	QTY_MISMATCH	Desktop and ERP qty differ on same carton	6omrvh7vep				
2026-08-31	MR-2026-04284	MAT-STE-2026-20312	322191	L009-OWSHEL-040D	CNWH62334	2	0	DESKTOP_PICKED_NOT_IN_ERP	Desktop picked here but ERP did not deduct this carton					
2026-08-31	MR-2026-04284	MAT-STE-2026-20312	322203	L010-OWSHEL-037A	CNWH61079	0	1	ERP_AUTO_PICKED_HERE	ERP deducted here but desktop did not pick this carton	6otp5jglie				
2026-08-31	MR-2026-04284	MAT-STE-2026-20312	322203	L010-OWSHEL-038B	CNWH61145	1	0	DESKTOP_PICKED_NOT_IN_ERP	Desktop picked here but ERP did not deduct this carton					
2026-08-31	MR-2026-04284	MAT-STE-2026-20312	322204	L009-OWSHEL-022C	CNWH66520	0	1	ERP_AUTO_PICKED_HERE	ERP deducted here but desktop did not pick this carton	6p0csm371l				
2026-08-31	MR-2026-04284	MAT-STE-2026-20312	322204	L016-OWPALT-056A	CNWH64097	1	0	DESKTOP_PICKED_NOT_IN_ERP	Desktop picked here but ERP did not deduct this carton					
2026-08-31	MR-2026-04284	MAT-STE-2026-20312	322210	L009-OWSHEL-017E	CNWH61198	0	2	ERP_AUTO_PICKED_HERE	ERP deducted here but desktop did not pick this carton	6p34ra05k9				
2026-08-31	MR-2026-04284	MAT-STE-2026-20312	322210	L010-OWSHEL-037A	CNWH61118	2	0	DESKTOP_PICKED_NOT_IN_ERP	Desktop picked here but ERP did not deduct this carton					
2026-08-31	MR-2026-04284	MAT-STE-2026-20312	322216	L010-OWSHEL-038B	CNWH61114	0	2	ERP_AUTO_PICKED_HERE	ERP deducted here but desktop did not pick this carton	6pcq1nbitp				
2026-08-31	MR-2026-04284	MAT-STE-2026-20312	322216	L010-OWSHEL-039C	CNWH61126	2	0	DESKTOP_PICKED_NOT_IN_ERP	Desktop picked here but ERP did not deduct this carton					
2026-08-31	MR-2026-04284	MAT-STE-2026-20312	322226	L010-OWSHEL-037A	CNWH61079	0	1	ERP_AUTO_PICKED_HERE	ERP deducted here but desktop did not pick this carton	6pfbebe91o				
2026-08-31	MR-2026-04284	MAT-STE-2026-20312	322226	L010-OWSHEL-037A	CNWH61138	2	1	QTY_MISMATCH	Desktop and ERP qty differ on same carton	6pi4lsvvap				
2026-08-31	MR-2026-04284	MAT-STE-2026-20312	322228	L010-OWSHEL-037A	CNWH61138	2	0	DESKTOP_PICKED_NOT_IN_ERP	Desktop picked here but ERP did not deduct this carton					
2026-08-31	MR-2026-04284	MAT-STE-2026-20312	322228	L010-OWSHEL-037A	CNWH61140	0	2	ERP_AUTO_PICKED_HERE	ERP deducted here but desktop did not pick this carton	6placovt4l				
2026-08-31	MR-2026-04284	MAT-STE-2026-20312	322230	L010-OWSHEL-037A	CNWH61079	0	2	ERP_AUTO_PICKED_HERE	ERP deducted here but desktop did not pick this carton	6pofpj7o1f				
2026-08-31	MR-2026-04284	MAT-STE-2026-20312	322230	L010-OWSHEL-037A	CNWH61138	2	0	DESKTOP_PICKED_NOT_IN_ERP	Desktop picked here but ERP did not deduct this carton					
2026-08-31	MR-2026-04284	MAT-STE-2026-20312	322232	L010-OWSHEL-036A	CNWH61103	0	2	ERP_AUTO_PICKED_HERE	ERP deducted here but desktop did not pick this carton	6prdhpvn4b				
2026-08-31	MR-2026-04284	MAT-STE-2026-20312	322232	L010-OWSHEL-037A	CNWH61118	2	0	DESKTOP_PICKED_NOT_IN_ERP	Desktop picked here but ERP did not deduct this carton					
2026-08-31	MR-2026-04284	MAT-STE-2026-20312	322236	L010-OWSHEL-037A	CNWH61118	0	1	ERP_AUTO_PICKED_HERE	ERP deducted here but desktop did not pick this carton	6pubjhjtms				
2026-08-31	MR-2026-04284	MAT-STE-2026-20312	322236	L010-OWSHEL-038B	CNWH62333	1	0	DESKTOP_PICKED_NOT_IN_ERP	Desktop picked here but ERP did not deduct this carton					
2026-08-31	MR-2026-04284	MAT-STE-2026-20312	322239	L010-OWSHEL-037A	CNWH61090	0	1	ERP_AUTO_PICKED_HERE	ERP deducted here but desktop did not pick this carton	6q3t5du7oc				
2026-08-31	MR-2026-04284	MAT-STE-2026-20312	322239	L010-OWSHEL-038B	CNWH61145	1	0	DESKTOP_PICKED_NOT_IN_ERP	Desktop picked here but ERP did not deduct this carton					
2026-08-31	MR-2026-04290	MAT-STE-2026-20381	322186	L009-OWSHEL-005E	CNWH61121	0	2	ERP_AUTO_PICKED_HERE	ERP deducted here but desktop did not pick this carton	t0parsn1od				
2026-08-31	MR-2026-04290	MAT-STE-2026-20381	322186	L009-OWSHEL-040D	CNWH62334	2	0	DESKTOP_PICKED_NOT_IN_ERP	Desktop picked here but ERP did not deduct this carton					
2026-08-31	MR-2026-04290	MAT-STE-2026-20381	322202	L010-OWSHEL-037A	CNWH61079	0	2	ERP_AUTO_PICKED_HERE	ERP deducted here but desktop did not pick this carton	t0thrf5e48				
2026-08-31	MR-2026-04290	MAT-STE-2026-20381	322202	L010-OWSHEL-038B	CNWH61145	2	0	DESKTOP_PICKED_NOT_IN_ERP	Desktop picked here but ERP did not deduct this carton					
2026-08-31	MR-2026-04290	MAT-STE-2026-20381	322210	L010-OWSHEL-037A	CNWH61118	0	1	ERP_AUTO_PICKED_HERE	ERP deducted here but desktop did not pick this carton	t10p6biep1				
2026-08-31	MR-2026-04290	MAT-STE-2026-20381	322210	L010-OWSHEL-040D	CNWH61116	1	0	DESKTOP_PICKED_NOT_IN_ERP	Desktop picked here but ERP did not deduct this carton					
2026-08-31	MR-2026-04290	MAT-STE-2026-20381	322211	L010-OWSHEL-039C	CNWH61692	0	2	ERP_AUTO_PICKED_HERE	ERP deducted here but desktop did not pick this carton	t11bfgodef				
2026-08-31	MR-2026-04290	MAT-STE-2026-20381	322211	L010-OWSHEL-040D	CNWH61112	1	0	DESKTOP_PICKED_NOT_IN_ERP	Desktop picked here but ERP did not deduct this carton					
2026-08-31	MR-2026-04290	MAT-STE-2026-20381	322211	L010-OWSHEL-040D	CNWH61116	1	0	DESKTOP_PICKED_NOT_IN_ERP	Desktop picked here but ERP did not deduct this carton					
2026-08-31	MR-2026-04290	MAT-STE-2026-20381	322220	L010-OWSHEL-037A	CNWH61090	0	1	ERP_AUTO_PICKED_HERE	ERP deducted here but desktop did not pick this carton	t1af676ei9				
2026-08-31	MR-2026-04290	MAT-STE-2026-20381	322220	L010-OWSHEL-038B	CNWH61105	1	0	DESKTOP_PICKED_NOT_IN_ERP	Desktop picked here but ERP did not deduct this carton					
2026-08-31	MR-2026-04290	MAT-STE-2026-20381	322230	L010-OWSHEL-037A	CNWH61090	0	1	ERP_AUTO_PICKED_HERE	ERP deducted here but desktop did not pick this carton	t1g1blbc4b				
2026-08-31	MR-2026-04290	MAT-STE-2026-20381	322230	L010-OWSHEL-037A	CNWH61138	1	0	DESKTOP_PICKED_NOT_IN_ERP	Desktop picked here but ERP did not deduct this carton					
2026-08-31	MR-2026-04290	MAT-STE-2026-20381	322235	L010-OWSHEL-039C	CNWH61108	0	1	ERP_AUTO_PICKED_HERE	ERP deducted here but desktop did not pick this carton	t1j0ifc8em				
2026-08-31	MR-2026-04290	MAT-STE-2026-20381	322235	L010-OWSHEL-040D	CNWH61089	1	0	DESKTOP_PICKED_NOT_IN_ERP	Desktop picked here but ERP did not deduct this carton					
2026-08-31	MR-2026-04291	MAT-STE-2026-20382	322160	L009-OWSHEL-005E	CNWH61076	1	0	DESKTOP_PICKED_NOT_IN_ERP	Desktop picked here but ERP did not deduct this carton					
2026-08-31	MR-2026-04291	MAT-STE-2026-20382	322160	L009-OWSHEL-005E	CNWH61102	0	1	ERP_AUTO_PICKED_HERE	ERP deducted here but desktop did not pick this carton	v7o245bv90				
2026-08-31	MR-2026-04291	MAT-STE-2026-20382	322184	L009-OWSHEL-039C	CNWH66406	0	1	ERP_AUTO_PICKED_HERE	ERP deducted here but desktop did not pick this carton	v83404ho8r				
2026-08-31	MR-2026-04291	MAT-STE-2026-20382	322184	L009-OWSHEL-040D	CNWH62334	1	0	DESKTOP_PICKED_NOT_IN_ERP	Desktop picked here but ERP did not deduct this carton					
2026-08-31	MR-2026-04291	MAT-STE-2026-20382	322185	L009-OWSHEL-039C	CNWH66406	0	3	ERP_AUTO_PICKED_HERE	ERP deducted here but desktop did not pick this carton	v87q2813n7				
2026-08-31	MR-2026-04291	MAT-STE-2026-20382	322185	L009-OWSHEL-040D	CNWH62334	3	0	DESKTOP_PICKED_NOT_IN_ERP	Desktop picked here but ERP did not deduct this carton					
2026-08-31	MR-2026-04291	MAT-STE-2026-20382	322186	L009-OWSHEL-039C	CNWH66406	0	2	ERP_AUTO_PICKED_HERE	ERP deducted here but desktop did not pick this carton	v8c7e4jrtn				
2026-08-31	MR-2026-04291	MAT-STE-2026-20382	322186	L009-OWSHEL-040D	CNWH62334	2	0	DESKTOP_PICKED_NOT_IN_ERP	Desktop picked here but ERP did not deduct this carton					
2026-08-31	MR-2026-04291	MAT-STE-2026-20382	322187	L009-OWSHEL-005E	CNWH61121	0	1	ERP_AUTO_PICKED_HERE	ERP deducted here but desktop did not pick this carton	v8g05jd851				
2026-08-31	MR-2026-04291	MAT-STE-2026-20382	322187	L009-OWSHEL-040D	CNWH62334	1	0	DESKTOP_PICKED_NOT_IN_ERP	Desktop picked here but ERP did not deduct this carton					
2026-08-31	MR-2026-04291	MAT-STE-2026-20382	322203	L010-OWSHEL-038B	CNWH61145	0	1	ERP_AUTO_PICKED_HERE	ERP deducted here but desktop did not pick this carton	v8mmcohp4h				
2026-08-31	MR-2026-04291	MAT-STE-2026-20382	322203	L010-OWSHEL-040D	CNWH61112	1	0	DESKTOP_PICKED_NOT_IN_ERP	Desktop picked here but ERP did not deduct this carton					
2026-08-31	MR-2026-04291	MAT-STE-2026-20382	322210	L010-OWSHEL-039C	CNWH61122	0	1	ERP_AUTO_PICKED_HERE	ERP deducted here but desktop did not pick this carton	v8pbehig79				
2026-08-31	MR-2026-04291	MAT-STE-2026-20382	322210	L010-OWSHEL-040D	CNWH61116	1	0	DESKTOP_PICKED_NOT_IN_ERP	Desktop picked here but ERP did not deduct this carton					
2026-08-31	MR-2026-04291	MAT-STE-2026-20382	322211	L010-OWSHEL-040D	CNWH61112	0	1	ERP_AUTO_PICKED_HERE	ERP deducted here but desktop did not pick this carton	v8skdj7mil				
2026-08-31	MR-2026-04291	MAT-STE-2026-20382	322211	L010-OWSHEL-040D	CNWH61116	1	0	DESKTOP_PICKED_NOT_IN_ERP	Desktop picked here but ERP did not deduct this carton					
2026-08-31	MR-2026-04291	MAT-STE-2026-20382	322230	L010-OWSHEL-037A	CNWH61138	0	1	ERP_AUTO_PICKED_HERE	ERP deducted here but desktop did not pick this carton	v91tv8ka55				
2026-08-31	MR-2026-04291	MAT-STE-2026-20382	322230	L010-OWSHEL-037A	CNWH61140	1	0	DESKTOP_PICKED_NOT_IN_ERP	Desktop picked here but ERP did not deduct this carton					
2026-08-31	MR-2026-04292	MAT-STE-2026-20383	322130	L010-OWSHEL-034C	CNWH61990	0	1	ERP_AUTO_PICKED_HERE	ERP deducted here but desktop did not pick this carton	vg0bvp0mvv				
2026-08-31	MR-2026-04292	MAT-STE-2026-20383	322130	L016-OWPALT-056A	CNWH64097	1	0	DESKTOP_PICKED_NOT_IN_ERP	Desktop picked here but ERP did not deduct this carton					
2026-08-31	MR-2026-04292	MAT-STE-2026-20383	322134	L010-OWSHEL-006F	CNWH56487	1	0	DESKTOP_PICKED_NOT_IN_ERP	Desktop picked here but ERP did not deduct this carton					
2026-08-31	MR-2026-04292	MAT-STE-2026-20383	322134	L016-OWPALT-056A	CNWH64097	0	1	ERP_AUTO_PICKED_HERE	ERP deducted here but desktop did not pick this carton	vg3scrl5j5				
2026-08-31	MR-2026-04292	MAT-STE-2026-20383	322137	L010-OWSHEL-006F	CNWH56487	1	0	DESKTOP_PICKED_NOT_IN_ERP	Desktop picked here but ERP did not deduct this carton					
2026-08-31	MR-2026-04292	MAT-STE-2026-20383	322137	L016-OWPALT-002B	CNWH67950	0	1	ERP_AUTO_PICKED_HERE	ERP deducted here but desktop did not pick this carton	vg505ivdse				
2026-08-31	MR-2026-04292	MAT-STE-2026-20383	322160	L009-OWSHEL-005E	CNWH61076	0	1	ERP_AUTO_PICKED_HERE	ERP deducted here but desktop did not pick this carton	vg6eeg428i				
2026-08-31	MR-2026-04292	MAT-STE-2026-20383	322160	L009-OWSHEL-005E	CNWH61102	1	0	DESKTOP_PICKED_NOT_IN_ERP	Desktop picked here but ERP did not deduct this carton					
2026-08-31	MR-2026-04292	MAT-STE-2026-20383	322161	L009-OWSHEL-005E	CNWH61076	4	0	DESKTOP_PICKED_NOT_IN_ERP	Desktop picked here but ERP did not deduct this carton					
2026-08-31	MR-2026-04292	MAT-STE-2026-20383	322161	L009-OWSHEL-005E	CNWH61102	0	4	ERP_AUTO_PICKED_HERE	ERP deducted here but desktop did not pick this carton	vg8t3ntpe4				
2026-08-31	MR-2026-04292	MAT-STE-2026-20383	322185	L009-OWSHEL-040D	CNWH61125	0	2	ERP_AUTO_PICKED_HERE	ERP deducted here but desktop did not pick this carton	vgftabfm9j				
2026-08-31	MR-2026-04292	MAT-STE-2026-20383	322185	L009-OWSHEL-040D	CNWH62334	2	0	DESKTOP_PICKED_NOT_IN_ERP	Desktop picked here but ERP did not deduct this carton					
2026-08-31	MR-2026-04292	MAT-STE-2026-20383	322191	L009-OWSHEL-005E	CNWH61121	3	0	DESKTOP_PICKED_NOT_IN_ERP	Desktop picked here but ERP did not deduct this carton					
2026-08-31	MR-2026-04292	MAT-STE-2026-20383	322191	L009-OWSHEL-040D	CNWH62334	0	3	ERP_AUTO_PICKED_HERE	ERP deducted here but desktop did not pick this carton	vglm7tg2ar				
2026-08-31	MR-2026-04292	MAT-STE-2026-20383	322202	L010-OWSHEL-038B	CNWH61145	0	1	ERP_AUTO_PICKED_HERE	ERP deducted here but desktop did not pick this carton	vgnq82i78q				
2026-08-31	MR-2026-04292	MAT-STE-2026-20383	322202	L016-OWPALT-056A	CNWH64097	1	0	DESKTOP_PICKED_NOT_IN_ERP	Desktop picked here but ERP did not deduct this carton					
2026-08-31	MR-2026-04292	MAT-STE-2026-20383	322203	L010-OWSHEL-038B	CNWH61145	1	0	DESKTOP_PICKED_NOT_IN_ERP	Desktop picked here but ERP did not deduct this carton					
2026-08-31	MR-2026-04292	MAT-STE-2026-20383	322203	L010-OWSHEL-040D	CNWH61112	0	2	ERP_AUTO_PICKED_HERE	ERP deducted here but desktop did not pick this carton	vgp8hht4p2				
2026-08-31	MR-2026-04292	MAT-STE-2026-20383	322203	L016-OWPALT-056A	CNWH64097	1	0	DESKTOP_PICKED_NOT_IN_ERP	Desktop picked here but ERP did not deduct this carton					
2026-08-31	MR-2026-04292	MAT-STE-2026-20383	322226	L010-OWSHEL-037A	CNWH61140	0	1	ERP_AUTO_PICKED_HERE	ERP deducted here but desktop did not pick this carton	vgr6ralkss				
2026-08-31	MR-2026-04292	MAT-STE-2026-20383	322226	L010-OWSHEL-038B	CNWH61110	1	0	DESKTOP_PICKED_NOT_IN_ERP	Desktop picked here but ERP did not deduct this carton					
2026-08-31	MR-2026-04292	MAT-STE-2026-20383	322227	L010-OWSHEL-037A	CNWH61079	0	1	ERP_AUTO_PICKED_HERE	ERP deducted here but desktop did not pick this carton	vgtesh4ps4				
2026-08-31	MR-2026-04292	MAT-STE-2026-20383	322227	L010-OWSHEL-038B	CNWH61110	1	0	DESKTOP_PICKED_NOT_IN_ERP	Desktop picked here but ERP did not deduct this carton					
2026-08-31	MR-2026-04292	MAT-STE-2026-20383	322228	L010-OWSHEL-037A	CNWH61140	0	1	ERP_AUTO_PICKED_HERE	ERP deducted here but desktop did not pick this carton	vgt437ul61				
2026-08-31	MR-2026-04292	MAT-STE-2026-20383	322228	L010-OWSHEL-038B	CNWH61110	1	0	DESKTOP_PICKED_NOT_IN_ERP	Desktop picked here but ERP did not deduct this carton					
2026-08-31	MR-2026-04292	MAT-STE-2026-20383	322234	L010-OWSHEL-036A	CNWH61103	0	2	ERP_AUTO_PICKED_HERE	ERP deducted here but desktop did not pick this carton	vgvi3dge7o				
2026-08-31	MR-2026-04292	MAT-STE-2026-20383	322234	L010-OWSHEL-038B	CNWH62333	2	0	DESKTOP_PICKED_NOT_IN_ERP	Desktop picked here but ERP did not deduct this carton					
2026-08-31	MR-2026-04292	MAT-STE-2026-20383	322235	L010-OWSHEL-038B	CNWH62333	1	0	DESKTOP_PICKED_NOT_IN_ERP	Desktop picked here but ERP did not deduct this carton					
2026-08-31	MR-2026-04292	MAT-STE-2026-20383	322235	L010-OWSHEL-039C	CNWH61693	0	2	ERP_AUTO_PICKED_HERE	ERP deducted here but desktop did not pick this carton	vh1l9n14aa				
2026-08-31	MR-2026-04292	MAT-STE-2026-20383	322235	L010-OWSHEL-040D	CNWH61089	1	0	DESKTOP_PICKED_NOT_IN_ERP	Desktop picked here but ERP did not deduct this carton					
2026-08-31	MR-2026-04293	MAT-STE-2026-20384	322211	L010-OWSHEL-039C	CNWH61692	1	0	DESKTOP_PICKED_NOT_IN_ERP	Desktop picked here but ERP did not deduct this carton					
2026-08-31	MR-2026-04293	MAT-STE-2026-20384	322211	L010-OWSHEL-040D	CNWH61116	0	1	ERP_AUTO_PICKED_HERE	ERP deducted here but desktop did not pick this carton	vmjo02tvo3				
2026-08-31	MR-2026-04293	MAT-STE-2026-20384	322230	L010-OWSHEL-037A	CNWH61079	1	0	DESKTOP_PICKED_NOT_IN_ERP	Desktop picked here but ERP did not deduct this carton					
2026-08-31	MR-2026-04293	MAT-STE-2026-20384	322230	L010-OWSHEL-037A	CNWH61140	0	2	ERP_AUTO_PICKED_HERE	ERP deducted here but desktop did not pick this carton	vmmchgmj4b				
2026-08-31	MR-2026-04293	MAT-STE-2026-20384	322230	L010-OWSHEL-038B	CNWH61110	1	0	DESKTOP_PICKED_NOT_IN_ERP	Desktop picked here but ERP did not deduct this carton					
2026-08-31	MR-2026-04294	MAT-STE-2026-20385	322180	L009-OWSHEL-005E	CNWH61121	0	2	ERP_AUTO_PICKED_HERE	ERP deducted here but desktop did not pick this carton	05dmufn7lv				
2026-08-31	MR-2026-04294	MAT-STE-2026-20385	322180	L009-OWSHEL-037A	CNWH61115	2	0	DESKTOP_PICKED_NOT_IN_ERP	Desktop picked here but ERP did not deduct this carton					
2026-08-31	MR-2026-04294	MAT-STE-2026-20385	322191	L009-OWSHEL-005E	CNWH61083	2	3	QTY_MISMATCH	Desktop and ERP qty differ on same carton	05d6ibas1n				
2026-08-31	MR-2026-04294	MAT-STE-2026-20385	322191	L009-OWSHEL-005E	CNWH61121	1	0	DESKTOP_PICKED_NOT_IN_ERP	Desktop picked here but ERP did not deduct this carton					
2026-08-31	MR-2026-04294	MAT-STE-2026-20385	322230	L010-OWSHEL-037A	CNWH61079	1	0	DESKTOP_PICKED_NOT_IN_ERP	Desktop picked here but ERP did not deduct this carton					
2026-08-31	MR-2026-04294	MAT-STE-2026-20385	322230	L010-OWSHEL-037A	CNWH61090	1	0	DESKTOP_PICKED_NOT_IN_ERP	Desktop picked here but ERP did not deduct this carton					
2026-08-31	MR-2026-04294	MAT-STE-2026-20385	322230	L010-OWSHEL-038B	CNWH61110	0	2	ERP_AUTO_PICKED_HERE	ERP deducted here but desktop did not pick this carton	05nud2qpu8				
2026-09-01	MR-2026-03883	MAT-STE-2026-20439	322365	L010-OWSHEL-009D	CNWH60650	0	1	ERP_AUTO_PICKED_HERE	ERP deducted here but desktop did not pick this carton	bokj618v13				
2026-09-01	MR-2026-03883	MAT-STE-2026-20439	322365	L010-OWSHEL-010C	CNWH60634	3	2	QTY_MISMATCH	Desktop and ERP qty differ on same carton	bon4ijgn1d				
2026-09-01	MR-2026-03883	MAT-STE-2026-20439	322367	L009-OWSHEL-003C	CNWH61220	0	1	ERP_AUTO_PICKED_HERE	ERP deducted here but desktop did not pick this carton	bop7a7qgkr				
2026-09-01	MR-2026-03883	MAT-STE-2026-20439	322367	L010-OWSHEL-013A	CNWH60637	1	0	DESKTOP_PICKED_NOT_IN_ERP	Desktop picked here but ERP did not deduct this carton					
2026-09-01	MR-2026-03883	MAT-STE-2026-20439	322373	L009-OWSHEL-003C	CNWH66407	0	1	ERP_AUTO_PICKED_HERE	ERP deducted here but desktop did not pick this carton	bos2chjb7g				
2026-09-01	MR-2026-03883	MAT-STE-2026-20439	322373	L010-OWSHEL-014B	CNWH56887	1	0	DESKTOP_PICKED_NOT_IN_ERP	Desktop picked here but ERP did not deduct this carton					
2026-09-01	MR-2026-03883	MAT-STE-2026-20439	322383	L010-OWSHEL-010C	CNWH60596	0	3	ERP_AUTO_PICKED_HERE	ERP deducted here but desktop did not pick this carton	bovcbi6ert				
2026-09-01	MR-2026-03883	MAT-STE-2026-20439	322383	L010-OWSHEL-011B	CNWH60606	3	0	DESKTOP_PICKED_NOT_IN_ERP	Desktop picked here but ERP did not deduct this carton					
2026-09-01	MR-2026-03883	MAT-STE-2026-20439	322385	L010-OWSHEL-010C	CNWH60596	0	3	ERP_AUTO_PICKED_HERE	ERP deducted here but desktop did not pick this carton	bp1fculup2				
2026-09-01	MR-2026-03883	MAT-STE-2026-20439	322385	L010-OWSHEL-011B	CNWH60606	3	0	DESKTOP_PICKED_NOT_IN_ERP	Desktop picked here but ERP did not deduct this carton					
2026-09-01	MR-2026-03883	MAT-STE-2026-20439	322388	L009-OWSHEL-038B	CNWH60948	0	1	ERP_AUTO_PICKED_HERE	ERP deducted here but desktop did not pick this carton	bp4vfhf9f8				
2026-09-01	MR-2026-03883	MAT-STE-2026-20439	322388	L010-OWSHEL-002B	CNWH60905	0	3	ERP_AUTO_PICKED_HERE	ERP deducted here but desktop did not pick this carton	bp7g7oo44u				
2026-09-01	MR-2026-03883	MAT-STE-2026-20439	322388	L010-OWSHEL-015C	CNWH60258	4	0	DESKTOP_PICKED_NOT_IN_ERP	Desktop picked here but ERP did not deduct this carton					
2026-09-01	MR-2026-03883	MAT-STE-2026-20439	322389	L010-OWSHEL-003C	CNWH60866	0	4	ERP_AUTO_PICKED_HERE	ERP deducted here but desktop did not pick this carton	bpbuvb47f6				
2026-09-01	MR-2026-03883	MAT-STE-2026-20439	322389	L010-OWSHEL-015C	CNWH60258	4	0	DESKTOP_PICKED_NOT_IN_ERP	Desktop picked here but ERP did not deduct this carton					
2026-09-01	MR-2026-03883	MAT-STE-2026-20439	322394	L009-OWSHEL-045D	CNWH60160	0	1	ERP_AUTO_PICKED_HERE	ERP deducted here but desktop did not pick this carton	bpemaflq2g				
2026-09-01	MR-2026-03883	MAT-STE-2026-20439	322394	L010-OWSHEL-036A	CNWH60675	1	0	DESKTOP_PICKED_NOT_IN_ERP	Desktop picked here but ERP did not deduct this carton					
2026-09-01	MR-2026-03883	MAT-STE-2026-20439	322396	L009-OWSHEL-045D	CNWH60160	0	1	ERP_AUTO_PICKED_HERE	ERP deducted here but desktop did not pick this carton	bpln2p8bes				
2026-09-01	MR-2026-03883	MAT-STE-2026-20439	322396	L009-OWSHEL-046C	CNWH60205	4	3	QTY_MISMATCH	Desktop and ERP qty differ on same carton	bpp0eo920j				
2026-09-01	MR-2026-03883	MAT-STE-2026-20439	322399	L009-OWSHEL-048A	CNWH60196	1	0	DESKTOP_PICKED_NOT_IN_ERP	Desktop picked here but ERP did not deduct this carton					
2026-09-01	MR-2026-03883	MAT-STE-2026-20439	322399	L010-OWSHEL-035B	CNWH60610	0	1	ERP_AUTO_PICKED_HERE	ERP deducted here but desktop did not pick this carton	bprr8qms63				
2026-09-01	MR-2026-03883	MAT-STE-2026-20439	322408	L009-OWSHEL-046C	CNWH60908	0	2	ERP_AUTO_PICKED_HERE	ERP deducted here but desktop did not pick this carton	bputirk052				
2026-09-01	MR-2026-03883	MAT-STE-2026-20439	322408	L010-OWSHEL-035B	CNWH60608	2	0	DESKTOP_PICKED_NOT_IN_ERP	Desktop picked here but ERP did not deduct this carton					
2026-09-01	MR-2026-03883	MAT-STE-2026-20439	322419	L009-OWSHEL-017E	CNWH61189	0	3	ERP_AUTO_PICKED_HERE	ERP deducted here but desktop did not pick this carton	bq3lq54k97				
2026-09-01	MR-2026-03883	MAT-STE-2026-20439	322419	L010-OWSHEL-022C	CNWH61156	3	0	DESKTOP_PICKED_NOT_IN_ERP	Desktop picked here but ERP did not deduct this carton					
2026-09-01	MR-2026-03883	MAT-STE-2026-20439	322420	L009-OWSHEL-017E	CNWH61160	0	3	ERP_AUTO_PICKED_HERE	ERP deducted here but desktop did not pick this carton	bq653cuk4s				
2026-09-01	MR-2026-03883	MAT-STE-2026-20439	322420	L010-OWSHEL-022C	CNWH61156	3	0	DESKTOP_PICKED_NOT_IN_ERP	Desktop picked here but ERP did not deduct this carton					
2026-09-01	MR-2026-03883	MAT-STE-2026-20439	322423	L009-OWSHEL-017E	CNWH61212	0	1	ERP_AUTO_PICKED_HERE	ERP deducted here but desktop did not pick this carton	bq9jnmivd3				
2026-09-01	MR-2026-03883	MAT-STE-2026-20439	322423	L009-OWSHEL-017E	CNWH61214	1	0	DESKTOP_PICKED_NOT_IN_ERP	Desktop picked here but ERP did not deduct this carton					
2026-09-01	MR-2026-03883	MAT-STE-2026-20439	322424	L009-OWSHEL-017E	CNWH61159	0	1	ERP_AUTO_PICKED_HERE	ERP deducted here but desktop did not pick this carton	bqcoaf5ril				
2026-09-01	MR-2026-03883	MAT-STE-2026-20439	322424	L009-OWSHEL-017E	CNWH61214	1	0	DESKTOP_PICKED_NOT_IN_ERP	Desktop picked here but ERP did not deduct this carton					
2026-09-01	MR-2026-03883	MAT-STE-2026-20439	322444	L009-OWSHEL-005E	CNWH61178	0	2	ERP_AUTO_PICKED_HERE	ERP deducted here but desktop did not pick this carton	bqguvvp4or				
2026-09-01	MR-2026-03883	MAT-STE-2026-20439	322444	L010-OWSHEL-046C	CNWH59859	2	0	DESKTOP_PICKED_NOT_IN_ERP	Desktop picked here but ERP did not deduct this carton					
2026-09-01	MR-2026-03883	MAT-STE-2026-20439	322446	L009-OWSHEL-037A	CNWH61207	1	0	DESKTOP_PICKED_NOT_IN_ERP	Desktop picked here but ERP did not deduct this carton					
2026-09-01	MR-2026-03883	MAT-STE-2026-20439	322446	L010-OWSHEL-047B	CNWH59850	1	2	QTY_MISMATCH	Desktop and ERP qty differ on same carton	bqi5hfmu8d				
2026-09-01	MR-2026-03883	MAT-STE-2026-20439	322475	L009-OWSHEL-033D	CNWH59848	0	2	ERP_AUTO_PICKED_HERE	ERP deducted here but desktop did not pick this carton	bqkl95fr8v				
2026-09-01	MR-2026-03883	MAT-STE-2026-20439	322475	L010-OWSHEL-015C	CNWH61197	2	0	DESKTOP_PICKED_NOT_IN_ERP	Desktop picked here but ERP did not deduct this carton					
2026-09-01	MR-2026-03883	MAT-STE-2026-20439	322481	L009-OWSHEL-034C	CNWH59845	0	3	ERP_AUTO_PICKED_HERE	ERP deducted here but desktop did not pick this carton	bqmv51oe5u				
2026-09-01	MR-2026-03883	MAT-STE-2026-20439	322481	L010-OWSHEL-015C	CNWH61215	0	1	ERP_AUTO_PICKED_HERE	ERP deducted here but desktop did not pick this carton	bqp23g2ect				
2026-09-01	MR-2026-03883	MAT-STE-2026-20439	322481	L010-OWSHEL-016D	CNWH61191	4	0	DESKTOP_PICKED_NOT_IN_ERP	Desktop picked here but ERP did not deduct this carton					
2026-09-01	MR-2026-03883	MAT-STE-2026-20439	322482	L010-OWSHEL-015C	CNWH61215	0	1	ERP_AUTO_PICKED_HERE	ERP deducted here but desktop did not pick this carton	bqqck7p6ti				
2026-09-01	MR-2026-03883	MAT-STE-2026-20439	322482	L010-OWSHEL-024A	CNWH61192	1	0	DESKTOP_PICKED_NOT_IN_ERP	Desktop picked here but ERP did not deduct this carton					
2026-09-01	MR-2026-03883	MAT-STE-2026-20439	322504	L009-OWSHEL-008E	CNWH60588	0	1	ERP_AUTO_PICKED_HERE	ERP deducted here but desktop did not pick this carton	bqsn49eaou				
2026-09-01	MR-2026-03883	MAT-STE-2026-20439	322504	L010-OWSHEL-001A	CNWH60238	0	2	ERP_AUTO_PICKED_HERE	ERP deducted here but desktop did not pick this carton	bqvg6fpj9e				
2026-09-01	MR-2026-03883	MAT-STE-2026-20439	322504	L010-OWSHEL-004D	CNWH60607	3	0	DESKTOP_PICKED_NOT_IN_ERP	Desktop picked here but ERP did not deduct this carton					
2026-09-01	MR-2026-03883	MAT-STE-2026-20439	322508	L009-OWSHEL-005E	CNWH60678	0	4	ERP_AUTO_PICKED_HERE	ERP deducted here but desktop did not pick this carton	br2ueh9kcg				
2026-09-01	MR-2026-03883	MAT-STE-2026-20439	322508	L010-OWSHEL-001A	CNWH60928	4	0	DESKTOP_PICKED_NOT_IN_ERP	Desktop picked here but ERP did not deduct this carton					
2026-09-01	MR-2026-03883	MAT-STE-2026-20439	322509	L009-OWSHEL-008E	CNWH60660	0	3	ERP_AUTO_PICKED_HERE	ERP deducted here but desktop did not pick this carton	br4r483p4t				
2026-09-01	MR-2026-03883	MAT-STE-2026-20439	322509	L010-OWSHEL-001A	CNWH60928	0	1	ERP_AUTO_PICKED_HERE	ERP deducted here but desktop did not pick this carton	br769dkfdi				
2026-09-01	MR-2026-03883	MAT-STE-2026-20439	322509	L010-OWSHEL-004D	CNWH60647	4	0	DESKTOP_PICKED_NOT_IN_ERP	Desktop picked here but ERP did not deduct this carton					
2026-09-01	MR-2026-03883	MAT-STE-2026-20439	322511	L009-OWSHEL-005E	CNWH60678	0	1	ERP_AUTO_PICKED_HERE	ERP deducted here but desktop did not pick this carton	brcevbajrc				
2026-09-01	MR-2026-03883	MAT-STE-2026-20439	322511	L010-OWSHEL-004D	CNWH60647	1	0	DESKTOP_PICKED_NOT_IN_ERP	Desktop picked here but ERP did not deduct this carton					
2026-09-01	MR-2026-03883	MAT-STE-2026-20439	322512	L009-OWSHEL-005E	CNWH60678	0	2	ERP_AUTO_PICKED_HERE	ERP deducted here but desktop did not pick this carton	brf3n0rnkk				
2026-09-01	MR-2026-03883	MAT-STE-2026-20439	322512	L010-OWSHEL-004D	CNWH60647	2	0	DESKTOP_PICKED_NOT_IN_ERP	Desktop picked here but ERP did not deduct this carton					
2026-09-01	MR-2026-03883	MAT-STE-2026-20439	322516	L010-OWSHEL-032E	CNWH60958	0	3	ERP_AUTO_PICKED_HERE	ERP deducted here but desktop did not pick this carton	brg1anj8ng				
2026-09-01	MR-2026-03883	MAT-STE-2026-20439	322516	L016-OWPALT-026B	CNWH24445	4	0	DESKTOP_PICKED_NOT_IN_ERP	Desktop picked here but ERP did not deduct this carton					
2026-09-01	MR-2026-03883	MAT-STE-2026-20439	322516	L016-OWPALT-026B	CNWH64810	0	1	ERP_AUTO_PICKED_HERE	ERP deducted here but desktop did not pick this carton	brhbcu5583				
2026-09-01	MR-2026-03883	MAT-STE-2026-20439	322517	L010-OWSHEL-032E	CNWH60958	0	4	ERP_AUTO_PICKED_HERE	ERP deducted here but desktop did not pick this carton	brjiq6ppj4				
2026-09-01	MR-2026-03883	MAT-STE-2026-20439	322517	L016-OWPALT-026B	CNWH24445	4	0	DESKTOP_PICKED_NOT_IN_ERP	Desktop picked here but ERP did not deduct this carton					
2026-09-01	MR-2026-03883	MAT-STE-2026-20439	322521	L010-OWSHEL-011B	CNWH60901	3	0	DESKTOP_PICKED_NOT_IN_ERP	Desktop picked here but ERP did not deduct this carton					
2026-09-01	MR-2026-03883	MAT-STE-2026-20439	322521	L010-OWSHEL-032E	CNWH60958	0	3	ERP_AUTO_PICKED_HERE	ERP deducted here but desktop did not pick this carton	brrj5o670d				
2026-09-01	MR-2026-03883	MAT-STE-2026-20439	322523	L010-OWSHEL-011B	CNWH60901	3	0	DESKTOP_PICKED_NOT_IN_ERP	Desktop picked here but ERP did not deduct this carton					
2026-09-01	MR-2026-03883	MAT-STE-2026-20439	322523	L010-OWSHEL-032E	CNWH60958	0	3	ERP_AUTO_PICKED_HERE	ERP deducted here but desktop did not pick this carton	brv970od3h				
2026-09-01	MR-2026-03883	MAT-STE-2026-20439	322533	L009-OWSHEL-008E	CNWH60605	2	1	QTY_MISMATCH	Desktop and ERP qty differ on same carton	bs4b31u5r0				
2026-09-01	MR-2026-03883	MAT-STE-2026-20439	322533	L010-OWSHEL-012A	CNWH60269	0	1	ERP_AUTO_PICKED_HERE	ERP deducted here but desktop did not pick this carton	bs3b761qcr				
2026-09-01	MR-2026-03883	MAT-STE-2026-20439	322541	L010-OWSHEL-009D	CNWH60652	0	2	ERP_AUTO_PICKED_HERE	ERP deducted here but desktop did not pick this carton	bsfsfvf2id				
2026-09-01	MR-2026-03883	MAT-STE-2026-20439	322541	L010-OWSHEL-009D	CNWH60968	0	1	ERP_AUTO_PICKED_HERE	ERP deducted here but desktop did not pick this carton	bshjndgpoa				
2026-09-01	MR-2026-03883	MAT-STE-2026-20439	322541	L010-OWSHEL-010C	CNWH60656	3	0	DESKTOP_PICKED_NOT_IN_ERP	Desktop picked here but ERP did not deduct this carton					
2026-09-01	MR-2026-03883	MAT-STE-2026-20439	322546	L009-OWSHEL-035B	CNWH60173	0	1	ERP_AUTO_PICKED_HERE	ERP deducted here but desktop did not pick this carton	bsjc83opvq				
2026-09-01	MR-2026-03883	MAT-STE-2026-20439	322546	L010-OWSHEL-011B	CNWH60239	0	2	ERP_AUTO_PICKED_HERE	ERP deducted here but desktop did not pick this carton	bsmktnd3dc				
2026-09-01	MR-2026-03883	MAT-STE-2026-20439	322546	L010-OWSHEL-012A	CNWH60199	1	0	DESKTOP_PICKED_NOT_IN_ERP	Desktop picked here but ERP did not deduct this carton					
2026-09-01	MR-2026-03883	MAT-STE-2026-20439	322546	L010-OWSHEL-012A	CNWH60887	2	0	DESKTOP_PICKED_NOT_IN_ERP	Desktop picked here but ERP did not deduct this carton					
2026-09-01	MR-2026-03883	MAT-STE-2026-20439	322569	L017-OWPALT-027C	CNWH60602	3	0	DESKTOP_PICKED_NOT_IN_ERP	Desktop picked here but ERP did not deduct this carton					
2026-09-01	MR-2026-03883	MAT-STE-2026-20439	322569	L017-OWPALT-031B	CNWH60624	0	3	ERP_AUTO_PICKED_HERE	ERP deducted here but desktop did not pick this carton	bss8j43vvm				
2026-09-01	MR-2026-03883	MAT-STE-2026-20439	322583	L017-OWPALT-030C	CNWH68106	1	0	DESKTOP_PICKED_NOT_IN_ERP	Desktop picked here but ERP did not deduct this carton					
2026-09-01	MR-2026-03883	MAT-STE-2026-20439	322583	L017-OWPALT-031B	CNWH60874	0	1	ERP_AUTO_PICKED_HERE	ERP deducted here but desktop did not pick this carton	bsuck0fsfm				
2026-09-01	MR-2026-03883	MAT-STE-2026-20439	322599	L017-OWPALT-015B	CNWH60604	0	3	ERP_AUTO_PICKED_HERE	ERP deducted here but desktop did not pick this carton	btcra46rm3				
2026-09-01	MR-2026-03883	MAT-STE-2026-20439	322599	L017-OWPALT-046C	CNWH59812	3	0	DESKTOP_PICKED_NOT_IN_ERP	Desktop picked here but ERP did not deduct this carton					
2026-09-01	MR-2026-03883	MAT-STE-2026-20439	322601	L017-OWPALT-015B	CNWH60630	2	0	DESKTOP_PICKED_NOT_IN_ERP	Desktop picked here but ERP did not deduct this carton					
2026-09-01	MR-2026-03883	MAT-STE-2026-20439	322601	L017-OWPALT-030C	CNWH63656	0	1	ERP_AUTO_PICKED_HERE	ERP deducted here but desktop did not pick this carton	bth4ju45d6				
2026-09-01	MR-2026-03883	MAT-STE-2026-20439	322601	L017-OWPALT-030C	CNWH65302	0	1	ERP_AUTO_PICKED_HERE	ERP deducted here but desktop did not pick this carton	btkfdjq3du				
2026-09-01	MR-2026-03883	MAT-STE-2026-20439	322603	L017-OWPALT-011C	CNWH67035	0	3	ERP_AUTO_PICKED_HERE	ERP deducted here but desktop did not pick this carton	btpm0fh9f2				
2026-09-01	MR-2026-03883	MAT-STE-2026-20439	322603	L017-OWPALT-015B	CNWH60635	3	1	QTY_MISMATCH	Desktop and ERP qty differ on same carton	btsns112mi				
2026-09-01	MR-2026-03883	MAT-STE-2026-20439	322603	L017-OWPALT-046C	CNWH65211	1	0	DESKTOP_PICKED_NOT_IN_ERP	Desktop picked here but ERP did not deduct this carton					
2026-09-01	MR-2026-03883	MAT-STE-2026-20439	322604	L017-OWPALT-011C	CNWH67035	0	3	ERP_AUTO_PICKED_HERE	ERP deducted here but desktop did not pick this carton	btvu8i16pj				
2026-09-01	MR-2026-03883	MAT-STE-2026-20439	322604	L017-OWPALT-015B	CNWH60251	3	0	DESKTOP_PICKED_NOT_IN_ERP	Desktop picked here but ERP did not deduct this carton					
2026-09-01	MR-2026-03883	MAT-STE-2026-20439	322607	L017-OWPALT-015B	CNWH60635	1	0	DESKTOP_PICKED_NOT_IN_ERP	Desktop picked here but ERP did not deduct this carton					
2026-09-01	MR-2026-03883	MAT-STE-2026-20439	322607	L017-OWPALT-046C	CNWH65211	0	1	ERP_AUTO_PICKED_HERE	ERP deducted here but desktop did not pick this carton	bu0lnlb8c7				
2026-09-01	MR-2026-03887	MAT-STE-2026-20440	322365	L010-OWSHEL-013A	CNWH60637	0	3	ERP_AUTO_PICKED_HERE	ERP deducted here but desktop did not pick this carton	c4jq40h2cj				
2026-09-01	MR-2026-03887	MAT-STE-2026-20440	322365	L010-OWSHEL-034C	CNWH60970	3	0	DESKTOP_PICKED_NOT_IN_ERP	Desktop picked here but ERP did not deduct this carton					
2026-09-01	MR-2026-03887	MAT-STE-2026-20440	322390	L010-OWSHEL-009D	CNWH60626	0	3	ERP_AUTO_PICKED_HERE	ERP deducted here but desktop did not pick this carton	c4piu17ajj				
2026-09-01	MR-2026-03887	MAT-STE-2026-20440	322390	L010-OWSHEL-009D	CNWH60648	3	0	DESKTOP_PICKED_NOT_IN_ERP	Desktop picked here but ERP did not deduct this carton					
2026-09-01	MR-2026-03887	MAT-STE-2026-20440	322391	L010-OWSHEL-003C	CNWH60253	0	1	ERP_AUTO_PICKED_HERE	ERP deducted here but desktop did not pick this carton	c4stpni5ml				
2026-09-01	MR-2026-03887	MAT-STE-2026-20440	322391	L010-OWSHEL-009D	CNWH60648	1	0	DESKTOP_PICKED_NOT_IN_ERP	Desktop picked here but ERP did not deduct this carton					
2026-09-01	MR-2026-03887	MAT-STE-2026-20440	322392	L010-OWSHEL-003C	CNWH60253	0	1	ERP_AUTO_PICKED_HERE	ERP deducted here but desktop did not pick this carton	c4vv5q5gmr				
2026-09-01	MR-2026-03887	MAT-STE-2026-20440	322392	L010-OWSHEL-025A	CNWH60594	2	1	QTY_MISMATCH	Desktop and ERP qty differ on same carton	c56pguqju2				
2026-09-01	MR-2026-03887	MAT-STE-2026-20440	322420	L009-OWSHEL-017E	CNWH61189	0	1	ERP_AUTO_PICKED_HERE	ERP deducted here but desktop did not pick this carton	c59r3e8gfq				
2026-09-01	MR-2026-03887	MAT-STE-2026-20440	322420	L010-OWSHEL-022C	CNWH61156	1	0	DESKTOP_PICKED_NOT_IN_ERP	Desktop picked here but ERP did not deduct this carton					
2026-09-01	MR-2026-03887	MAT-STE-2026-20440	322421	L009-OWSHEL-017E	CNWH61160	0	3	ERP_AUTO_PICKED_HERE	ERP deducted here but desktop did not pick this carton	c5cet0riml				
2026-09-01	MR-2026-03887	MAT-STE-2026-20440	322421	L010-OWSHEL-022C	CNWH61156	3	0	DESKTOP_PICKED_NOT_IN_ERP	Desktop picked here but ERP did not deduct this carton					
2026-09-01	MR-2026-03887	MAT-STE-2026-20440	322426	L009-OWSHEL-017E	CNWH61213	0	1	ERP_AUTO_PICKED_HERE	ERP deducted here but desktop did not pick this carton	c5fauflsec				
2026-09-01	MR-2026-03887	MAT-STE-2026-20440	322426	L010-OWSHEL-022C	CNWH61227	1	0	DESKTOP_PICKED_NOT_IN_ERP	Desktop picked here but ERP did not deduct this carton					
2026-09-01	MR-2026-03887	MAT-STE-2026-20440	322433	L009-OWSHEL-017E	CNWH61184	0	1	ERP_AUTO_PICKED_HERE	ERP deducted here but desktop did not pick this carton	c5i6tenvrh				
2026-09-01	MR-2026-03887	MAT-STE-2026-20440	322433	L010-OWSHEL-022C	CNWH59836	1	0	DESKTOP_PICKED_NOT_IN_ERP	Desktop picked here but ERP did not deduct this carton					
2026-09-01	MR-2026-03887	MAT-STE-2026-20440	322439	L010-OWSHEL-021D	CNWH59827	0	1	ERP_AUTO_PICKED_HERE	ERP deducted here but desktop did not pick this carton	c5mtra1as2				
2026-09-01	MR-2026-03887	MAT-STE-2026-20440	322439	L010-OWSHEL-022C	CNWH61151	1	0	DESKTOP_PICKED_NOT_IN_ERP	Desktop picked here but ERP did not deduct this carton					
2026-09-01	MR-2026-03887	MAT-STE-2026-20440	322474	L010-OWSHEL-015C	CNWH61197	3	0	DESKTOP_PICKED_NOT_IN_ERP	Desktop picked here but ERP did not deduct this carton					
2026-09-01	MR-2026-03887	MAT-STE-2026-20440	322474	L010-OWSHEL-015C	CNWH66443	0	3	ERP_AUTO_PICKED_HERE	ERP deducted here but desktop did not pick this carton	c5p0rtlntf				
2026-09-01	MR-2026-03887	MAT-STE-2026-20440	322512	L010-OWSHEL-001A	CNWH60928	0	1	ERP_AUTO_PICKED_HERE	ERP deducted here but desktop did not pick this carton	c5tqj15ogt				
2026-09-01	MR-2026-03887	MAT-STE-2026-20440	322512	L010-OWSHEL-002B	CNWH60225	2	1	QTY_MISMATCH	Desktop and ERP qty differ on same carton	c60nrjd0s6				
2026-09-01	MR-2026-03887	MAT-STE-2026-20440	322526	L009-OWSHEL-008E	CNWH60649	0	1	ERP_AUTO_PICKED_HERE	ERP deducted here but desktop did not pick this carton	c61vh3upm7				
2026-09-01	MR-2026-03887	MAT-STE-2026-20440	322526	L010-OWSHEL-011B	CNWH60254	1	0	DESKTOP_PICKED_NOT_IN_ERP	Desktop picked here but ERP did not deduct this carton					
2026-09-01	MR-2026-03887	MAT-STE-2026-20440	322575	L017-OWPALT-051C	CNWH60228	1	0	DESKTOP_PICKED_NOT_IN_ERP	Desktop picked here but ERP did not deduct this carton					
2026-09-01	MR-2026-03887	MAT-STE-2026-20440	322575	L017-OWPALT-051C	CNWH60857	0	1	ERP_AUTO_PICKED_HERE	ERP deducted here but desktop did not pick this carton	c64id77d6j				
2026-09-01	MR-2026-03887	MAT-STE-2026-20440	322581	L017-OWPALT-030C	CNWH68106	0	1	ERP_AUTO_PICKED_HERE	ERP deducted here but desktop did not pick this carton	c668060di3				
2026-09-01	MR-2026-03887	MAT-STE-2026-20440	322581	L017-OWPALT-031B	CNWH60884	1	0	DESKTOP_PICKED_NOT_IN_ERP	Desktop picked here but ERP did not deduct this carton					
2026-09-01	MR-2026-03890	MAT-STE-2026-20441	322366	L010-OWSHEL-010C	CNWH60634	1	0	DESKTOP_PICKED_NOT_IN_ERP	Desktop picked here but ERP did not deduct this carton					
2026-09-01	MR-2026-03890	MAT-STE-2026-20441	322366	L010-OWSHEL-013A	CNWH60651	0	1	ERP_AUTO_PICKED_HERE	ERP deducted here but desktop did not pick this carton	ceojlslg07				
2026-09-01	MR-2026-03890	MAT-STE-2026-20441	322367	L009-OWSHEL-008E	CNWH60965	0	1	ERP_AUTO_PICKED_HERE	ERP deducted here but desktop did not pick this carton	cesovu7jl9				
2026-09-01	MR-2026-03890	MAT-STE-2026-20441	322367	L010-OWSHEL-010C	CNWH60634	1	0	DESKTOP_PICKED_NOT_IN_ERP	Desktop picked here but ERP did not deduct this carton					
2026-09-01	MR-2026-03890	MAT-STE-2026-20441	322385	L010-OWSHEL-010C	CNWH60596	1	0	DESKTOP_PICKED_NOT_IN_ERP	Desktop picked here but ERP did not deduct this carton					
2026-09-01	MR-2026-03890	MAT-STE-2026-20441	322385	L010-OWSHEL-010C	CNWH60964	0	1	ERP_AUTO_PICKED_HERE	ERP deducted here but desktop did not pick this carton	cf00pasn7a				
2026-09-01	MR-2026-03890	MAT-STE-2026-20441	322390	L010-OWSHEL-009D	CNWH60626	4	0	DESKTOP_PICKED_NOT_IN_ERP	Desktop picked here but ERP did not deduct this carton					
2026-09-01	MR-2026-03890	MAT-STE-2026-20441	322390	L010-OWSHEL-009D	CNWH60648	0	4	ERP_AUTO_PICKED_HERE	ERP deducted here but desktop did not pick this carton	cf4lg2b1ds				
2026-09-01	MR-2026-03890	MAT-STE-2026-20441	322392	L010-OWSHEL-003C	CNWH60253	1	0	DESKTOP_PICKED_NOT_IN_ERP	Desktop picked here but ERP did not deduct this carton					
2026-09-01	MR-2026-03890	MAT-STE-2026-20441	322392	L010-OWSHEL-025A	CNWH60594	0	1	ERP_AUTO_PICKED_HERE	ERP deducted here but desktop did not pick this carton	cf53nbpqbn				
2026-09-01	MR-2026-03890	MAT-STE-2026-20441	322394	L009-OWSHEL-046C	CNWH60205	0	3	ERP_AUTO_PICKED_HERE	ERP deducted here but desktop did not pick this carton	cf84nhc9tk				
2026-09-01	MR-2026-03890	MAT-STE-2026-20441	322394	L010-OWSHEL-036A	CNWH60675	3	0	DESKTOP_PICKED_NOT_IN_ERP	Desktop picked here but ERP did not deduct this carton					
2026-09-01	MR-2026-03890	MAT-STE-2026-20441	322396	L009-OWSHEL-047B	CNWH60174	0	1	ERP_AUTO_PICKED_HERE	ERP deducted here but desktop did not pick this carton	cfbmdsqm81				
2026-09-01	MR-2026-03890	MAT-STE-2026-20441	322396	L010-OWSHEL-040D	CNWH60614	1	0	DESKTOP_PICKED_NOT_IN_ERP	Desktop picked here but ERP did not deduct this carton					
2026-09-01	MR-2026-03890	MAT-STE-2026-20441	322397	L009-OWSHEL-035B	CNWH60173	3	0	DESKTOP_PICKED_NOT_IN_ERP	Desktop picked here but ERP did not deduct this carton					
2026-09-01	MR-2026-03890	MAT-STE-2026-20441	322397	L010-OWSHEL-036A	CNWH60675	0	3	ERP_AUTO_PICKED_HERE	ERP deducted here but desktop did not pick this carton	cfd95pt2ct				
2026-09-01	MR-2026-03890	MAT-STE-2026-20441	322408	L009-OWSHEL-046C	CNWH60224	1	0	DESKTOP_PICKED_NOT_IN_ERP	Desktop picked here but ERP did not deduct this carton					
2026-09-01	MR-2026-03890	MAT-STE-2026-20441	322408	L010-OWSHEL-035B	CNWH60608	0	1	ERP_AUTO_PICKED_HERE	ERP deducted here but desktop did not pick this carton	cfgv8valev				
2026-09-01	MR-2026-03890	MAT-STE-2026-20441	322409	L009-OWSHEL-046C	CNWH60224	1	0	DESKTOP_PICKED_NOT_IN_ERP	Desktop picked here but ERP did not deduct this carton					
2026-09-01	MR-2026-03890	MAT-STE-2026-20441	322409	L010-OWSHEL-023B	CNWH60672	0	1	ERP_AUTO_PICKED_HERE	ERP deducted here but desktop did not pick this carton	cfjgtfjs5d				
2026-09-01	MR-2026-03890	MAT-STE-2026-20441	322410	L009-OWSHEL-046C	CNWH60940	1	0	DESKTOP_PICKED_NOT_IN_ERP	Desktop picked here but ERP did not deduct this carton					
2026-09-01	MR-2026-03890	MAT-STE-2026-20441	322410	L010-OWSHEL-036A	CNWH60669	1	2	QTY_MISMATCH	Desktop and ERP qty differ on same carton	cfngsnmb42				
2026-09-01	MR-2026-03890	MAT-STE-2026-20441	322417	L009-OWSHEL-017E	CNWH61198	0	1	ERP_AUTO_PICKED_HERE	ERP deducted here but desktop did not pick this carton	cfp1ti9sum				
2026-09-01	MR-2026-03890	MAT-STE-2026-20441	322417	L009-OWSHEL-017E	CNWH64983	0	1	ERP_AUTO_PICKED_HERE	ERP deducted here but desktop did not pick this carton	cfs51s6g3s				
2026-09-01	MR-2026-03890	MAT-STE-2026-20441	322417	L010-OWSHEL-023B	CNWH61150	1	0	DESKTOP_PICKED_NOT_IN_ERP	Desktop picked here but ERP did not deduct this carton					
2026-09-01	MR-2026-03890	MAT-STE-2026-20441	322417	L010-OWSHEL-025A	CNWH61155	1	0	DESKTOP_PICKED_NOT_IN_ERP	Desktop picked here but ERP did not deduct this carton					
2026-09-01	MR-2026-03890	MAT-STE-2026-20441	322418	L009-OWSHEL-017E	CNWH61198	0	3	ERP_AUTO_PICKED_HERE	ERP deducted here but desktop did not pick this carton	cfvdonov4g				
2026-09-01	MR-2026-03890	MAT-STE-2026-20441	322418	L010-OWSHEL-023B	CNWH61150	3	0	DESKTOP_PICKED_NOT_IN_ERP	Desktop picked here but ERP did not deduct this carton					
2026-09-01	MR-2026-03890	MAT-STE-2026-20441	322427	L009-OWSHEL-017E	CNWH61169	0	1	ERP_AUTO_PICKED_HERE	ERP deducted here but desktop did not pick this carton	cg24gqks7k				
2026-09-01	MR-2026-03890	MAT-STE-2026-20441	322427	L010-OWSHEL-021D	CNWH59837	1	0	DESKTOP_PICKED_NOT_IN_ERP	Desktop picked here but ERP did not deduct this carton					
2026-09-01	MR-2026-03890	MAT-STE-2026-20441	322428	L009-OWSHEL-017E	CNWH61159	2	0	DESKTOP_PICKED_NOT_IN_ERP	Desktop picked here but ERP did not deduct this carton					
2026-09-01	MR-2026-03890	MAT-STE-2026-20441	322428	L009-OWSHEL-017E	CNWH61212	0	2	ERP_AUTO_PICKED_HERE	ERP deducted here but desktop did not pick this carton	cg48h5hjsq				
2026-09-01	MR-2026-03890	MAT-STE-2026-20441	322440	L010-OWSHEL-021D	CNWH61187	0	1	ERP_AUTO_PICKED_HERE	ERP deducted here but desktop did not pick this carton	cg7b7f24g1				
2026-09-01	MR-2026-03890	MAT-STE-2026-20441	322440	L010-OWSHEL-022C	CNWH61151	2	1	QTY_MISMATCH	Desktop and ERP qty differ on same carton	cgbn4l6nek				
2026-09-01	MR-2026-03890	MAT-STE-2026-20441	322441	L009-OWSHEL-005E	CNWH61167	0	2	ERP_AUTO_PICKED_HERE	ERP deducted here but desktop did not pick this carton	cgesl3lata				
2026-09-01	MR-2026-03890	MAT-STE-2026-20441	322441	L009-OWSHEL-037A	CNWH61207	2	0	DESKTOP_PICKED_NOT_IN_ERP	Desktop picked here but ERP did not deduct this carton					
2026-09-01	MR-2026-03890	MAT-STE-2026-20441	322445	L009-OWSHEL-005E	CNWH61178	0	1	ERP_AUTO_PICKED_HERE	ERP deducted here but desktop did not pick this carton	cgmflr8hfr				
2026-09-01	MR-2026-03890	MAT-STE-2026-20441	322445	L009-OWSHEL-037A	CNWH61207	4	3	QTY_MISMATCH	Desktop and ERP qty differ on same carton	cgpvfbeafg				
2026-09-01	MR-2026-03890	MAT-STE-2026-20441	322446	L009-OWSHEL-005E	CNWH61167	1	0	DESKTOP_PICKED_NOT_IN_ERP	Desktop picked here but ERP did not deduct this carton					
2026-09-01	MR-2026-03890	MAT-STE-2026-20441	322446	L010-OWSHEL-048A	CNWH59830	0	1	ERP_AUTO_PICKED_HERE	ERP deducted here but desktop did not pick this carton	cgs7c1m74n				
2026-09-01	MR-2026-03890	MAT-STE-2026-20441	322447	L009-OWSHEL-005E	CNWH61166	2	0	DESKTOP_PICKED_NOT_IN_ERP	Desktop picked here but ERP did not deduct this carton					
2026-09-01	MR-2026-03890	MAT-STE-2026-20441	322447	L009-OWSHEL-005E	CNWH61174	0	2	ERP_AUTO_PICKED_HERE	ERP deducted here but desktop did not pick this carton	cgv1q5fglg				
2026-09-01	MR-2026-03890	MAT-STE-2026-20441	322448	L009-OWSHEL-005E	CNWH61166	3	0	DESKTOP_PICKED_NOT_IN_ERP	Desktop picked here but ERP did not deduct this carton					
2026-09-01	MR-2026-03890	MAT-STE-2026-20441	322448	L009-OWSHEL-005E	CNWH61174	0	3	ERP_AUTO_PICKED_HERE	ERP deducted here but desktop did not pick this carton	ch34beusg8				
2026-09-01	MR-2026-03890	MAT-STE-2026-20441	322450	L009-OWSHEL-005E	CNWH61166	3	0	DESKTOP_PICKED_NOT_IN_ERP	Desktop picked here but ERP did not deduct this carton					
2026-09-01	MR-2026-03890	MAT-STE-2026-20441	322450	L009-OWSHEL-005E	CNWH61174	0	3	ERP_AUTO_PICKED_HERE	ERP deducted here but desktop did not pick this carton	ch570oealk				
2026-09-01	MR-2026-03890	MAT-STE-2026-20441	322451	L009-OWSHEL-005E	CNWH61166	4	0	DESKTOP_PICKED_NOT_IN_ERP	Desktop picked here but ERP did not deduct this carton					
2026-09-01	MR-2026-03890	MAT-STE-2026-20441	322451	L009-OWSHEL-005E	CNWH61174	0	4	ERP_AUTO_PICKED_HERE	ERP deducted here but desktop did not pick this carton	ch8m59bkt6				
2026-09-01	MR-2026-03890	MAT-STE-2026-20441	322463	L009-OWSHEL-005E	CNWH61178	0	2	ERP_AUTO_PICKED_HERE	ERP deducted here but desktop did not pick this carton	chap91i0eh				
2026-09-01	MR-2026-03890	MAT-STE-2026-20441	322463	L009-OWSHEL-005E	CNWH61185	0	1	ERP_AUTO_PICKED_HERE	ERP deducted here but desktop did not pick this carton	chd89bapvf				
2026-09-01	MR-2026-03890	MAT-STE-2026-20441	322463	L009-OWSHEL-005E	CNWH61201	3	0	DESKTOP_PICKED_NOT_IN_ERP	Desktop picked here but ERP did not deduct this carton					
2026-09-01	MR-2026-03890	MAT-STE-2026-20441	322468	L009-OWSHEL-028D	CNWH66784	0	2	ERP_AUTO_PICKED_HERE	ERP deducted here but desktop did not pick this carton	chgnnt482o				
2026-09-01	MR-2026-03890	MAT-STE-2026-20441	322468	L009-OWSHEL-033D	CNWH59853	0	2	ERP_AUTO_PICKED_HERE	ERP deducted here but desktop did not pick this carton	chkpbkplsn				
2026-09-01	MR-2026-03890	MAT-STE-2026-20441	322468	L010-OWSHEL-015C	CNWH61225	4	0	DESKTOP_PICKED_NOT_IN_ERP	Desktop picked here but ERP did not deduct this carton					
2026-09-01	MR-2026-03890	MAT-STE-2026-20441	322475	L010-OWSHEL-015C	CNWH61197	0	1	ERP_AUTO_PICKED_HERE	ERP deducted here but desktop did not pick this carton	chq6bua26a				
2026-09-01	MR-2026-03890	MAT-STE-2026-20441	322475	L010-OWSHEL-016D	CNWH61188	1	0	DESKTOP_PICKED_NOT_IN_ERP	Desktop picked here but ERP did not deduct this carton					
2026-09-01	MR-2026-03890	MAT-STE-2026-20441	322480	L009-OWSHEL-034C	CNWH59845	0	1	ERP_AUTO_PICKED_HERE	ERP deducted here but desktop did not pick this carton	chuq4qf36u				
2026-09-01	MR-2026-03890	MAT-STE-2026-20441	322480	L010-OWSHEL-016D	CNWH61229	1	0	DESKTOP_PICKED_NOT_IN_ERP	Desktop picked here but ERP did not deduct this carton					
2026-09-01	MR-2026-03890	MAT-STE-2026-20441	322481	L010-OWSHEL-016D	CNWH61191	0	1	ERP_AUTO_PICKED_HERE	ERP deducted here but desktop did not pick this carton	ci226nunjd				
2026-09-01	MR-2026-03890	MAT-STE-2026-20441	322481	L010-OWSHEL-016D	CNWH61229	1	0	DESKTOP_PICKED_NOT_IN_ERP	Desktop picked here but ERP did not deduct this carton					
2026-09-01	MR-2026-03890	MAT-STE-2026-20441	322505	L009-OWSHEL-005E	CNWH60677	1	0	DESKTOP_PICKED_NOT_IN_ERP	Desktop picked here but ERP did not deduct this carton					
2026-09-01	MR-2026-03890	MAT-STE-2026-20441	322505	L009-OWSHEL-008E	CNWH60588	0	1	ERP_AUTO_PICKED_HERE	ERP deducted here but desktop did not pick this carton	ci82511ev1				
2026-09-01	MR-2026-03890	MAT-STE-2026-20441	322507	L010-OWSHEL-002B	CNWH60247	0	1	ERP_AUTO_PICKED_HERE	ERP deducted here but desktop did not pick this carton	ciaheotk0s				
2026-09-01	MR-2026-03890	MAT-STE-2026-20441	322507	L010-OWSHEL-002B	CNWH60886	0	1	ERP_AUTO_PICKED_HERE	ERP deducted here but desktop did not pick this carton	cicsg6fah9				
2026-09-01	MR-2026-03890	MAT-STE-2026-20441	322507	L010-OWSHEL-003C	CNWH60252	2	0	DESKTOP_PICKED_NOT_IN_ERP	Desktop picked here but ERP did not deduct this carton					
2026-09-01	MR-2026-03890	MAT-STE-2026-20441	322543	L010-OWSHEL-012A	CNWH60887	0	1	ERP_AUTO_PICKED_HERE	ERP deducted here but desktop did not pick this carton	cihelq0tg0				
2026-09-01	MR-2026-03890	MAT-STE-2026-20441	322543	L010-OWSHEL-013A	CNWH60876	1	0	DESKTOP_PICKED_NOT_IN_ERP	Desktop picked here but ERP did not deduct this carton					
2026-09-01	MR-2026-03890	MAT-STE-2026-20441	322544	L010-OWSHEL-009D	CNWH60650	0	1	ERP_AUTO_PICKED_HERE	ERP deducted here but desktop did not pick this carton	cijoapjbb0				
2026-09-01	MR-2026-03890	MAT-STE-2026-20441	322544	L010-OWSHEL-011B	CNWH60239	4	3	QTY_MISMATCH	Desktop and ERP qty differ on same carton	cilgaee5at				
2026-09-01	MR-2026-03890	MAT-STE-2026-20441	322545	L010-OWSHEL-009D	CNWH60650	0	3	ERP_AUTO_PICKED_HERE	ERP deducted here but desktop did not pick this carton	cioml7in5j				
2026-09-01	MR-2026-03890	MAT-STE-2026-20441	322545	L010-OWSHEL-012A	CNWH60199	3	0	DESKTOP_PICKED_NOT_IN_ERP	Desktop picked here but ERP did not deduct this carton					
2026-09-01	MR-2026-03890	MAT-STE-2026-20441	322546	L010-OWSHEL-012A	CNWH60199	0	2	ERP_AUTO_PICKED_HERE	ERP deducted here but desktop did not pick this carton	cir7pg4sct				
2026-09-01	MR-2026-03890	MAT-STE-2026-20441	322546	L010-OWSHEL-012A	CNWH60226	3	1	QTY_MISMATCH	Desktop and ERP qty differ on same carton	ciudksqcal				
2026-09-01	MR-2026-03890	MAT-STE-2026-20441	322548	L010-OWSHEL-009D	CNWH60650	0	1	ERP_AUTO_PICKED_HERE	ERP deducted here but desktop did not pick this carton	cj0rnt3blo				
2026-09-01	MR-2026-03890	MAT-STE-2026-20441	322548	L010-OWSHEL-011B	CNWH60239	0	1	ERP_AUTO_PICKED_HERE	ERP deducted here but desktop did not pick this carton	cj383k8db3				
2026-09-01	MR-2026-03890	MAT-STE-2026-20441	322548	L010-OWSHEL-012A	CNWH60199	2	0	DESKTOP_PICKED_NOT_IN_ERP	Desktop picked here but ERP did not deduct this carton					
2026-09-01	MR-2026-03890	MAT-STE-2026-20441	322600	L017-OWPALT-015B	CNWH60604	0	4	ERP_AUTO_PICKED_HERE	ERP deducted here but desktop did not pick this carton	cj7nv2tuhl				
2026-09-01	MR-2026-03890	MAT-STE-2026-20441	322600	L017-OWPALT-046C	CNWH59804	4	0	DESKTOP_PICKED_NOT_IN_ERP	Desktop picked here but ERP did not deduct this carton					
2026-09-01	MR-2026-03890	MAT-STE-2026-20441	322605	L017-OWPALT-015B	CNWH60597	0	1	ERP_AUTO_PICKED_HERE	ERP deducted here but desktop did not pick this carton	cjc9k06bsg				
2026-09-01	MR-2026-03890	MAT-STE-2026-20441	322605	L017-OWPALT-046C	CNWH65211	1	0	DESKTOP_PICKED_NOT_IN_ERP	Desktop picked here but ERP did not deduct this carton					
2026-09-01	MR-2026-03890	MAT-STE-2026-20441	322606	L017-OWPALT-011C	CNWH67035	0	2	ERP_AUTO_PICKED_HERE	ERP deducted here but desktop did not pick this carton	cjdfe7aefu				
2026-09-01	MR-2026-03890	MAT-STE-2026-20441	322606	L017-OWPALT-015B	CNWH60635	0	1	ERP_AUTO_PICKED_HERE	ERP deducted here but desktop did not pick this carton	cjeargiu25				
2026-09-01	MR-2026-03890	MAT-STE-2026-20441	322606	L017-OWPALT-046C	CNWH65211	3	0	DESKTOP_PICKED_NOT_IN_ERP	Desktop picked here but ERP did not deduct this carton					
2026-09-01	MR-2026-04153	MAT-STE-2026-20473	321202	L010-OWSHEL-017E	CNWH59714	0	1	ERP_AUTO_PICKED_HERE	ERP deducted here but desktop did not pick this carton	jr91pf727i				
2026-09-01	MR-2026-04153	MAT-STE-2026-20473	321202	L016-OWPALT-010B	CNWH54161	1	0	DESKTOP_PICKED_NOT_IN_ERP	Desktop picked here but ERP did not deduct this carton					
2026-09-01	MR-2026-04153	MAT-STE-2026-20473	322623	L016-OWPALT-016A	CNWH59723	0	2	ERP_AUTO_PICKED_HERE	ERP deducted here but desktop did not pick this carton	jrfbulnq64				
2026-09-01	MR-2026-04153	MAT-STE-2026-20473	322623	L016-OWPALT-026B	CNWH56477	2	0	DESKTOP_PICKED_NOT_IN_ERP	Desktop picked here but ERP did not deduct this carton					
2026-09-01	MR-2026-04153	MAT-STE-2026-20473	329701	L017-OWPALT-015B	CNWH67028	0	1	ERP_AUTO_PICKED_HERE	ERP deducted here but desktop did not pick this carton	jru78gc4vr				
2026-09-01	MR-2026-04153	MAT-STE-2026-20473	329701	L017-OWPALT-015B	CNWH67032	1	0	DESKTOP_PICKED_NOT_IN_ERP	Desktop picked here but ERP did not deduct this carton					
2026-09-01	MR-2026-04179	MAT-STE-2026-20474	321201	L010-OWSHEL-017E	CNWH59714	0	3	ERP_AUTO_PICKED_HERE	ERP deducted here but desktop did not pick this carton	k364uio6m5				
2026-09-01	MR-2026-04179	MAT-STE-2026-20474	321201	L016-OWPALT-010B	CNWH54161	3	0	DESKTOP_PICKED_NOT_IN_ERP	Desktop picked here but ERP did not deduct this carton					
2026-09-01	MR-2026-04179	MAT-STE-2026-20474	321202	L010-OWSHEL-017E	CNWH59735	0	2	ERP_AUTO_PICKED_HERE	ERP deducted here but desktop did not pick this carton	k3ap31knis				
2026-09-01	MR-2026-04179	MAT-STE-2026-20474	321202	L016-OWPALT-026B	CNWH59191	0	1	ERP_AUTO_PICKED_HERE	ERP deducted here but desktop did not pick this carton	k3ct24e2i3				
2026-09-01	MR-2026-04179	MAT-STE-2026-20474	321202	L016-OWPALT-026B	CNWH64810	4	1	QTY_MISMATCH	Desktop and ERP qty differ on same carton	k3grl2jdpk				
2026-09-01	MR-2026-04179	MAT-STE-2026-20474	322624	L016-OWPALT-016A	CNWH59723	0	2	ERP_AUTO_PICKED_HERE	ERP deducted here but desktop did not pick this carton	k3r4sijska				
2026-09-01	MR-2026-04179	MAT-STE-2026-20474	322624	L016-OWPALT-026B	CNWH56477	2	0	DESKTOP_PICKED_NOT_IN_ERP	Desktop picked here but ERP did not deduct this carton					
2026-09-01	MR-2026-04179	MAT-STE-2026-20474	324105	L009-OWSHEL-005E	CNWH63629	0	1	ERP_AUTO_PICKED_HERE	ERP deducted here but desktop did not pick this carton	k41ibeup53				
2026-09-01	MR-2026-04179	MAT-STE-2026-20474	324105	L009-OWSHEL-005E	CNWH63630	1	0	DESKTOP_PICKED_NOT_IN_ERP	Desktop picked here but ERP did not deduct this carton					
2026-09-01	MR-2026-04203	MAT-STE-2026-20475	318356	L009-OWSHEL-022C	CNWH66461	0	1	ERP_AUTO_PICKED_HERE	ERP deducted here but desktop did not pick this carton	kb8uleehlt				
2026-09-01	MR-2026-04203	MAT-STE-2026-20475	318356	L017-OWPALT-006C	CNWH53548	1	0	DESKTOP_PICKED_NOT_IN_ERP	Desktop picked here but ERP did not deduct this carton					
2026-09-01	MR-2026-04203	MAT-STE-2026-20475	318425	L009-OWSHEL-042F	PI008220	0	1	ERP_AUTO_PICKED_HERE	ERP deducted here but desktop did not pick this carton	kbbbij7v25				
2026-09-01	MR-2026-04203	MAT-STE-2026-20475	318425	L017-OWPALT-038C	CNWH51359	1	0	DESKTOP_PICKED_NOT_IN_ERP	Desktop picked here but ERP did not deduct this carton					
2026-09-01	MR-2026-04203	MAT-STE-2026-20475	321202	L010-OWSHEL-017E	CNWH59714	1	0	DESKTOP_PICKED_NOT_IN_ERP	Desktop picked here but ERP did not deduct this carton					
2026-09-01	MR-2026-04203	MAT-STE-2026-20475	321202	L016-OWPALT-010B	CNWH54161	0	1	ERP_AUTO_PICKED_HERE	ERP deducted here but desktop did not pick this carton	kbgfs888qu				
2026-09-01	MR-2026-04203	MAT-STE-2026-20475	324095	L009-OWSHEL-005E	CNWH64922	0	1	ERP_AUTO_PICKED_HERE	ERP deducted here but desktop did not pick this carton	kc1o90ie6q				
2026-09-01	MR-2026-04203	MAT-STE-2026-20475	324095	L016-OWPALT-047B	CNWH67939	1	0	DESKTOP_PICKED_NOT_IN_ERP	Desktop picked here but ERP did not deduct this carton					
2026-09-01	MR-2026-04203	MAT-STE-2026-20475	324099	L009-OWSHEL-005E	CNWH63629	0	1	ERP_AUTO_PICKED_HERE	ERP deducted here but desktop did not pick this carton	kc47hmu618				
2026-09-01	MR-2026-04203	MAT-STE-2026-20475	324099	L016-OWPALT-047B	CNWH67939	1	0	DESKTOP_PICKED_NOT_IN_ERP	Desktop picked here but ERP did not deduct this carton					
2026-09-01	MR-2026-04203	MAT-STE-2026-20475	329660	L017-OWPALT-015B	CNWH60597	0	1	ERP_AUTO_PICKED_HERE	ERP deducted here but desktop did not pick this carton	kc6lh2lg9f				
2026-09-01	MR-2026-04203	MAT-STE-2026-20475	329660	L017-OWPALT-015B	CNWH67033	2	1	QTY_MISMATCH	Desktop and ERP qty differ on same carton	kc8vn24ao1				
2026-09-01	MR-2026-04203	MAT-STE-2026-20475	329671	L017-OWPALT-027C	CNWH67045	0	1	ERP_AUTO_PICKED_HERE	ERP deducted here but desktop did not pick this carton	kcbaa0eq7h				
2026-09-01	MR-2026-04203	MAT-STE-2026-20475	329671	L017-OWPALT-027C	CNWH67047	1	0	DESKTOP_PICKED_NOT_IN_ERP	Desktop picked here but ERP did not deduct this carton					
2026-09-01	MR-2026-04203	MAT-STE-2026-20475	329698	L017-OWPALT-015B	CNWH67028	0	1	ERP_AUTO_PICKED_HERE	ERP deducted here but desktop did not pick this carton	kcls3mdvi3				
2026-09-01	MR-2026-04203	MAT-STE-2026-20475	329698	L017-OWPALT-015B	CNWH67034	1	0	DESKTOP_PICKED_NOT_IN_ERP	Desktop picked here but ERP did not deduct this carton					
2026-09-01	MR-2026-04229	MAT-STE-2026-20476	318324	L017-OWPALT-011C	CNWH61928	0	1	ERP_AUTO_PICKED_HERE	ERP deducted here but desktop did not pick this carton	kr9qgc4bu6				
2026-09-01	MR-2026-04229	MAT-STE-2026-20476	318324	L017-OWPALT-034B	CNWH56359	1	0	DESKTOP_PICKED_NOT_IN_ERP	Desktop picked here but ERP did not deduct this carton					
2026-09-01	MR-2026-04229	MAT-STE-2026-20476	321202	L010-OWSHEL-017E	CNWH59714	1	2	QTY_MISMATCH	Desktop and ERP qty differ on same carton	krgp3prsua				
2026-09-01	MR-2026-04229	MAT-STE-2026-20476	321202	L010-OWSHEL-017E	CNWH59735	2	0	DESKTOP_PICKED_NOT_IN_ERP	Desktop picked here but ERP did not deduct this carton					
2026-09-01	MR-2026-04229	MAT-STE-2026-20476	321202	L016-OWPALT-026B	CNWH59191	1	0	DESKTOP_PICKED_NOT_IN_ERP	Desktop picked here but ERP did not deduct this carton					
2026-09-01	MR-2026-04229	MAT-STE-2026-20476	321202	L016-OWPALT-026B	CNWH64810	0	2	ERP_AUTO_PICKED_HERE	ERP deducted here but desktop did not pick this carton	krgtkk748r				
2026-09-01	MR-2026-04229	MAT-STE-2026-20476	329668	L017-OWPALT-027C	CNWH67045	0	1	ERP_AUTO_PICKED_HERE	ERP deducted here but desktop did not pick this carton	kruenbrts9				
2026-09-01	MR-2026-04229	MAT-STE-2026-20476	329668	L017-OWPALT-027C	CNWH67047	1	0	DESKTOP_PICKED_NOT_IN_ERP	Desktop picked here but ERP did not deduct this carton					
2026-09-01	MR-2026-04254	MAT-STE-2026-20478	318324	L017-OWPALT-027C	CNWH60961	0	1	ERP_AUTO_PICKED_HERE	ERP deducted here but desktop did not pick this carton	l73qef3jig				
2026-09-01	MR-2026-04254	MAT-STE-2026-20478	318324	L017-OWPALT-034B	CNWH56359	1	0	DESKTOP_PICKED_NOT_IN_ERP	Desktop picked here but ERP did not deduct this carton					
2026-09-01	MR-2026-04254	MAT-STE-2026-20478	318341	L017-OWPALT-006C	CNWH53548	1	0	DESKTOP_PICKED_NOT_IN_ERP	Desktop picked here but ERP did not deduct this carton					
2026-09-01	MR-2026-04254	MAT-STE-2026-20478	318341	L017-OWPALT-027C	CNWH60961	0	1	ERP_AUTO_PICKED_HERE	ERP deducted here but desktop did not pick this carton	l7a0gllc3i				
2026-09-01	MR-2026-04254	MAT-STE-2026-20478	324089	L009-OWSHEL-020E	CNWH63628	1	0	DESKTOP_PICKED_NOT_IN_ERP	Desktop picked here but ERP did not deduct this carton					
2026-09-01	MR-2026-04254	MAT-STE-2026-20478	324089	L009-OWSHEL-020E	CNWH63670	0	1	ERP_AUTO_PICKED_HERE	ERP deducted here but desktop did not pick this carton	l8d958tmaq				
2026-09-01	MR-2026-04254	MAT-STE-2026-20478	324127	L009-OWSHEL-005E	CNWH63668	0	1	ERP_AUTO_PICKED_HERE	ERP deducted here but desktop did not pick this carton	l8i5jjfal2				
2026-09-01	MR-2026-04254	MAT-STE-2026-20478	324127	L009-OWSHEL-005E	CNWH63677	1	0	DESKTOP_PICKED_NOT_IN_ERP	Desktop picked here but ERP did not deduct this carton					
2026-09-01	MR-2026-04254	MAT-STE-2026-20478	329682	L017-OWPALT-027C	CNWH60628	1	0	DESKTOP_PICKED_NOT_IN_ERP	Desktop picked here but ERP did not deduct this carton					
2026-09-01	MR-2026-04254	MAT-STE-2026-20478	329682	L017-OWPALT-038C	CNWH56296	0	1	ERP_AUTO_PICKED_HERE	ERP deducted here but desktop did not pick this carton	l8n9rbj6li				
2026-09-01	MR-2026-04254	MAT-STE-2026-20478	329693	L017-OWPALT-015B	CNWH60597	1	3	QTY_MISMATCH	Desktop and ERP qty differ on same carton	l90pk1pnug				
2026-09-01	MR-2026-04254	MAT-STE-2026-20478	329693	L017-OWPALT-015B	CNWH67030	2	0	DESKTOP_PICKED_NOT_IN_ERP	Desktop picked here but ERP did not deduct this carton					
2026-09-01	MR-2026-04254	MAT-STE-2026-20478	329698	L017-OWPALT-015B	CNWH67028	1	0	DESKTOP_PICKED_NOT_IN_ERP	Desktop picked here but ERP did not deduct this carton					
2026-09-01	MR-2026-04254	MAT-STE-2026-20478	329698	L017-OWPALT-015B	CNWH67032	0	1	ERP_AUTO_PICKED_HERE	ERP deducted here but desktop did not pick this carton	l92mncrdsj				
2026-09-01	MR-2026-04254	MAT-STE-2026-20478	329706	L017-OWPALT-015B	CNWH67034	0	1	ERP_AUTO_PICKED_HERE	ERP deducted here but desktop did not pick this carton	l95eur9m8u				
2026-09-01	MR-2026-04254	MAT-STE-2026-20478	329706	L017-OWPALT-027C	CNWH60628	1	0	DESKTOP_PICKED_NOT_IN_ERP	Desktop picked here but ERP did not deduct this carton					
2026-09-01	MR-2026-04266	MAT-STE-2026-20479	318318	L017-OWPALT-027C	CNWH60961	0	2	ERP_AUTO_PICKED_HERE	ERP deducted here but desktop did not pick this carton	leqbi1di7f				
2026-09-01	MR-2026-04266	MAT-STE-2026-20479	318318	L017-OWPALT-034B	CNWH59802	2	0	DESKTOP_PICKED_NOT_IN_ERP	Desktop picked here but ERP did not deduct this carton					
2026-09-01	MR-2026-04266	MAT-STE-2026-20479	322623	L016-OWPALT-016A	CNWH59723	0	1	ERP_AUTO_PICKED_HERE	ERP deducted here but desktop did not pick this carton	lfrm86go05				
2026-09-01	MR-2026-04266	MAT-STE-2026-20479	322623	L016-OWPALT-026B	CNWH56477	1	0	DESKTOP_PICKED_NOT_IN_ERP	Desktop picked here but ERP did not deduct this carton					
2026-09-01	MR-2026-04266	MAT-STE-2026-20479	322624	L016-OWPALT-026B	CNWH56477	2	1	QTY_MISMATCH	Desktop and ERP qty differ on same carton	lft2t3egfo				
2026-09-01	MR-2026-04266	MAT-STE-2026-20479	322624	L017-OWPALT-043C	CNWH08867	0	1	ERP_AUTO_PICKED_HERE	ERP deducted here but desktop did not pick this carton	lfsr49ndgh				
2026-09-01	MR-2026-04266	MAT-STE-2026-20479	322649	L010-OWSHEL-025A	CNWH59747	1	0	DESKTOP_PICKED_NOT_IN_ERP	Desktop picked here but ERP did not deduct this carton					
2026-09-01	MR-2026-04266	MAT-STE-2026-20479	322649	L010-OWSHEL-034C	CNWH59724	0	1	ERP_AUTO_PICKED_HERE	ERP deducted here but desktop did not pick this carton	lg1a62blv9				
2026-09-01	MR-2026-04266	MAT-STE-2026-20479	324092	L009-OWSHEL-020E	CNWH63670	0	1	ERP_AUTO_PICKED_HERE	ERP deducted here but desktop did not pick this carton	lg85fd030f				
2026-09-01	MR-2026-04266	MAT-STE-2026-20479	324092	L016-OWPALT-047B	CNWH67940	1	0	DESKTOP_PICKED_NOT_IN_ERP	Desktop picked here but ERP did not deduct this carton					
2026-09-01	MR-2026-04285	MAT-STE-2026-20432	322130	L010-OWSHEL-006F	CNWH56487	1	0	DESKTOP_PICKED_NOT_IN_ERP	Desktop picked here but ERP did not deduct this carton					
2026-09-01	MR-2026-04285	MAT-STE-2026-20432	322130	L016-OWPALT-056A	CNWH64097	0	1	ERP_AUTO_PICKED_HERE	ERP deducted here but desktop did not pick this carton	3o6fen635q				
2026-09-01	MR-2026-04285	MAT-STE-2026-20432	322131	L010-OWSHEL-034C	CNWH61990	2	0	DESKTOP_PICKED_NOT_IN_ERP	Desktop picked here but ERP did not deduct this carton					
2026-09-01	MR-2026-04285	MAT-STE-2026-20432	322131	L016-OWPALT-056A	CNWH64097	0	2	ERP_AUTO_PICKED_HERE	ERP deducted here but desktop did not pick this carton	3oa83cmka5				
2026-09-01	MR-2026-04285	MAT-STE-2026-20432	322161	L009-OWSHEL-005E	CNWH61102	2	0	DESKTOP_PICKED_NOT_IN_ERP	Desktop picked here but ERP did not deduct this carton					
2026-09-01	MR-2026-04285	MAT-STE-2026-20432	322161	L009-OWSHEL-005E	CNWH61132	0	2	ERP_AUTO_PICKED_HERE	ERP deducted here but desktop did not pick this carton	3olhs5e0iv				
2026-09-01	MR-2026-04285	MAT-STE-2026-20432	322186	L009-OWSHEL-039C	CNWH66406	2	0	DESKTOP_PICKED_NOT_IN_ERP	Desktop picked here but ERP did not deduct this carton					
2026-09-01	MR-2026-04285	MAT-STE-2026-20432	322186	L009-OWSHEL-040D	CNWH61125	0	2	ERP_AUTO_PICKED_HERE	ERP deducted here but desktop did not pick this carton	3oqp4t7kt1				
2026-09-01	MR-2026-04285	MAT-STE-2026-20432	322212	L010-OWSHEL-039C	CNWH61122	1	0	DESKTOP_PICKED_NOT_IN_ERP	Desktop picked here but ERP did not deduct this carton					
2026-09-01	MR-2026-04285	MAT-STE-2026-20432	322212	L010-OWSHEL-039C	CNWH61692	1	2	QTY_MISMATCH	Desktop and ERP qty differ on same carton	3oula1bog7				
2026-09-01	MR-2026-04285	MAT-STE-2026-20432	322235	L010-OWSHEL-039C	CNWH61108	1	0	DESKTOP_PICKED_NOT_IN_ERP	Desktop picked here but ERP did not deduct this carton					
2026-09-01	MR-2026-04285	MAT-STE-2026-20432	322235	L010-OWSHEL-040D	CNWH61089	0	1	ERP_AUTO_PICKED_HERE	ERP deducted here but desktop did not pick this carton	3p5hgs0pac				
2026-09-01	MR-2026-04285	MAT-STE-2026-20432	322239	L010-OWSHEL-037A	CNWH61090	0	1	ERP_AUTO_PICKED_HERE	ERP deducted here but desktop did not pick this carton	3pbqim1coo				
2026-09-01	MR-2026-04285	MAT-STE-2026-20432	322239	L010-OWSHEL-038B	CNWH61145	1	0	DESKTOP_PICKED_NOT_IN_ERP	Desktop picked here but ERP did not deduct this carton					
2026-09-01	MR-2026-04286	MAT-STE-2026-20433	322130	L010-OWSHEL-006F	CNWH56487	0	1	ERP_AUTO_PICKED_HERE	ERP deducted here but desktop did not pick this carton	42tonbvg1q				
2026-09-01	MR-2026-04286	MAT-STE-2026-20433	322130	L010-OWSHEL-034C	CNWH61990	1	0	DESKTOP_PICKED_NOT_IN_ERP	Desktop picked here but ERP did not deduct this carton					
2026-09-01	MR-2026-04286	MAT-STE-2026-20433	322142	L010-OWSHEL-025A	CNWH61991	1	0	DESKTOP_PICKED_NOT_IN_ERP	Desktop picked here but ERP did not deduct this carton					
2026-09-01	MR-2026-04286	MAT-STE-2026-20433	322142	L015-OWPALT-025A	CNWH66085	0	1	ERP_AUTO_PICKED_HERE	ERP deducted here but desktop did not pick this carton	434lv7dv47				
2026-09-01	MR-2026-04286	MAT-STE-2026-20433	322144	L010-OWSHEL-025A	CNWH61991	3	1	QTY_MISMATCH	Desktop and ERP qty differ on same carton	439e36nruo				
2026-09-01	MR-2026-04286	MAT-STE-2026-20433	322144	L016-OWPALT-056A	CNWH64097	0	2	ERP_AUTO_PICKED_HERE	ERP deducted here but desktop did not pick this carton	439ead16kb				
2026-09-01	MR-2026-04286	MAT-STE-2026-20433	322161	L009-OWSHEL-005E	CNWH61076	4	3	QTY_MISMATCH	Desktop and ERP qty differ on same carton	43leu540gg				
2026-09-01	MR-2026-04286	MAT-STE-2026-20433	322161	L016-OWPALT-056A	CNWH64097	0	1	ERP_AUTO_PICKED_HERE	ERP deducted here but desktop did not pick this carton	43lcfa6ooe				
2026-09-01	MR-2026-04286	MAT-STE-2026-20433	322187	L009-OWSHEL-005E	CNWH61121	2	1	QTY_MISMATCH	Desktop and ERP qty differ on same carton	43vk14in7j				
2026-09-01	MR-2026-04286	MAT-STE-2026-20433	322187	L009-OWSHEL-040D	CNWH62334	0	1	ERP_AUTO_PICKED_HERE	ERP deducted here but desktop did not pick this carton	43uu0oib5d				
2026-09-01	MR-2026-04286	MAT-STE-2026-20433	322191	L009-OWSHEL-005E	CNWH61083	1	0	DESKTOP_PICKED_NOT_IN_ERP	Desktop picked here but ERP did not deduct this carton					
2026-09-01	MR-2026-04286	MAT-STE-2026-20433	322191	L009-OWSHEL-005E	CNWH61121	0	1	ERP_AUTO_PICKED_HERE	ERP deducted here but desktop did not pick this carton	443tppnbun				
2026-09-01	MR-2026-04286	MAT-STE-2026-20433	322196	L009-OWSHEL-038B	CNWH61131	1	0	DESKTOP_PICKED_NOT_IN_ERP	Desktop picked here but ERP did not deduct this carton					
2026-09-01	MR-2026-04286	MAT-STE-2026-20433	322196	L016-OWPALT-015B	CNWH50787	0	1	ERP_AUTO_PICKED_HERE	ERP deducted here but desktop did not pick this carton	44615beu19				
2026-09-01	MR-2026-04286	MAT-STE-2026-20433	322216	L010-OWSHEL-039C	CNWH61126	2	1	QTY_MISMATCH	Desktop and ERP qty differ on same carton	44cki8692o				
2026-09-01	MR-2026-04286	MAT-STE-2026-20433	322216	L016-OWPALT-002B	CNWH67950	0	1	ERP_AUTO_PICKED_HERE	ERP deducted here but desktop did not pick this carton	44bb546cdi				
2026-09-01	MR-2026-04286	MAT-STE-2026-20433	322235	L010-OWSHEL-038B	CNWH62333	0	1	ERP_AUTO_PICKED_HERE	ERP deducted here but desktop did not pick this carton	44djqv26n3				
2026-09-01	MR-2026-04286	MAT-STE-2026-20433	322235	L010-OWSHEL-040D	CNWH61089	1	0	DESKTOP_PICKED_NOT_IN_ERP	Desktop picked here but ERP did not deduct this carton					
2026-09-01	MR-2026-04286	MAT-STE-2026-20433	322239	L010-OWSHEL-037A	CNWH61090	3	0	DESKTOP_PICKED_NOT_IN_ERP	Desktop picked here but ERP did not deduct this carton					
2026-09-01	MR-2026-04286	MAT-STE-2026-20433	322239	L010-OWSHEL-038B	CNWH61145	0	3	ERP_AUTO_PICKED_HERE	ERP deducted here but desktop did not pick this carton	44efmv464h				
2026-09-01	MR-2026-04287	MAT-STE-2026-20434	322125	L009-OWSHEL-022C	CNWH66520	0	1	ERP_AUTO_PICKED_HERE	ERP deducted here but desktop did not pick this carton	4att4a2hqa				
2026-09-01	MR-2026-04287	MAT-STE-2026-20434	322125	L010-OWSHEL-037A	CNWH61090	2	1	QTY_MISMATCH	Desktop and ERP qty differ on same carton	4b0mqvhgoo				
2026-09-01	MR-2026-04287	MAT-STE-2026-20434	322134	L010-OWSHEL-006F	CNWH56487	0	1	ERP_AUTO_PICKED_HERE	ERP deducted here but desktop did not pick this carton	4b8ak7sq1g				
2026-09-01	MR-2026-04287	MAT-STE-2026-20434	322134	L016-OWPALT-056A	CNWH64097	1	0	DESKTOP_PICKED_NOT_IN_ERP	Desktop picked here but ERP did not deduct this carton					
2026-09-01	MR-2026-04287	MAT-STE-2026-20434	322137	L010-OWSHEL-006F	CNWH56487	0	2	ERP_AUTO_PICKED_HERE	ERP deducted here but desktop did not pick this carton	4b94m8u90k				
2026-09-01	MR-2026-04287	MAT-STE-2026-20434	322137	L010-OWSHEL-034C	CNWH61990	2	0	DESKTOP_PICKED_NOT_IN_ERP	Desktop picked here but ERP did not deduct this carton					
2026-09-01	MR-2026-04287	MAT-STE-2026-20434	322143	L010-OWSHEL-025A	CNWH61991	2	0	DESKTOP_PICKED_NOT_IN_ERP	Desktop picked here but ERP did not deduct this carton					
2026-09-01	MR-2026-04287	MAT-STE-2026-20434	322143	L016-OWPALT-056A	CNWH64097	0	2	ERP_AUTO_PICKED_HERE	ERP deducted here but desktop did not pick this carton	4bdue4h3pl				
2026-09-01	MR-2026-04287	MAT-STE-2026-20434	322144	L010-OWSHEL-025A	CNWH61991	2	0	DESKTOP_PICKED_NOT_IN_ERP	Desktop picked here but ERP did not deduct this carton					
2026-09-01	MR-2026-04287	MAT-STE-2026-20434	322144	L010-OWSHEL-034C	CNWH61990	0	2	ERP_AUTO_PICKED_HERE	ERP deducted here but desktop did not pick this carton	4bej6ehafl				
2026-09-01	MR-2026-04287	MAT-STE-2026-20434	322161	L009-OWSHEL-005E	CNWH61102	0	1	ERP_AUTO_PICKED_HERE	ERP deducted here but desktop did not pick this carton	4bhnn055rt				
2026-09-01	MR-2026-04287	MAT-STE-2026-20434	322161	L016-OWPALT-056A	CNWH64097	1	0	DESKTOP_PICKED_NOT_IN_ERP	Desktop picked here but ERP did not deduct this carton					
2026-09-01	MR-2026-04287	MAT-STE-2026-20434	322186	L009-OWSHEL-039C	CNWH66406	2	0	DESKTOP_PICKED_NOT_IN_ERP	Desktop picked here but ERP did not deduct this carton					
2026-09-01	MR-2026-04287	MAT-STE-2026-20434	322186	L009-OWSHEL-040D	CNWH62334	0	2	ERP_AUTO_PICKED_HERE	ERP deducted here but desktop did not pick this carton	4bplt35vom				
2026-09-01	MR-2026-04287	MAT-STE-2026-20434	322202	L010-OWSHEL-037A	CNWH61079	1	0	DESKTOP_PICKED_NOT_IN_ERP	Desktop picked here but ERP did not deduct this carton					
2026-09-01	MR-2026-04287	MAT-STE-2026-20434	322202	L016-OWPALT-056A	CNWH64097	0	1	ERP_AUTO_PICKED_HERE	ERP deducted here but desktop did not pick this carton	4bs5bq5rsf				
2026-09-01	MR-2026-04287	MAT-STE-2026-20434	322203	L010-OWSHEL-037A	CNWH61079	2	1	QTY_MISMATCH	Desktop and ERP qty differ on same carton	4c0opskat7				
2026-09-01	MR-2026-04287	MAT-STE-2026-20434	322203	L016-OWPALT-056A	CNWH64097	0	1	ERP_AUTO_PICKED_HERE	ERP deducted here but desktop did not pick this carton	4c0arorpud				
2026-09-01	MR-2026-04287	MAT-STE-2026-20434	322211	L010-OWSHEL-039C	CNWH61692	0	1	ERP_AUTO_PICKED_HERE	ERP deducted here but desktop did not pick this carton	4c1s7su5ms				
2026-09-01	MR-2026-04287	MAT-STE-2026-20434	322211	L010-OWSHEL-040D	CNWH61112	1	0	DESKTOP_PICKED_NOT_IN_ERP	Desktop picked here but ERP did not deduct this carton					
2026-09-01	MR-2026-04287	MAT-STE-2026-20434	322230	L010-OWSHEL-037A	CNWH61138	0	1	ERP_AUTO_PICKED_HERE	ERP deducted here but desktop did not pick this carton	4c8llhp40p				
2026-09-01	MR-2026-04287	MAT-STE-2026-20434	322230	L010-OWSHEL-038B	CNWH61110	2	1	QTY_MISMATCH	Desktop and ERP qty differ on same carton	4c99uoc24e				
2026-09-01	MR-2026-04287	MAT-STE-2026-20434	322234	L010-OWSHEL-037A	CNWH61118	0	2	ERP_AUTO_PICKED_HERE	ERP deducted here but desktop did not pick this carton	4ccmq4s572				
2026-09-01	MR-2026-04287	MAT-STE-2026-20434	322234	L010-OWSHEL-038B	CNWH62333	2	0	DESKTOP_PICKED_NOT_IN_ERP	Desktop picked here but ERP did not deduct this carton					
2026-09-01	MR-2026-04287	MAT-STE-2026-20434	322235	L010-OWSHEL-039C	CNWH61108	0	1	ERP_AUTO_PICKED_HERE	ERP deducted here but desktop did not pick this carton	4ccuf0umas				
2026-09-01	MR-2026-04287	MAT-STE-2026-20434	322235	L010-OWSHEL-040D	CNWH61089	1	0	DESKTOP_PICKED_NOT_IN_ERP	Desktop picked here but ERP did not deduct this carton					
2026-09-01	MR-2026-04287	MAT-STE-2026-20434	322236	L010-OWSHEL-038B	CNWH62333	0	1	ERP_AUTO_PICKED_HERE	ERP deducted here but desktop did not pick this carton	4ce7p2obd6				
2026-09-01	MR-2026-04287	MAT-STE-2026-20434	322236	L010-OWSHEL-040D	CNWH61089	1	0	DESKTOP_PICKED_NOT_IN_ERP	Desktop picked here but ERP did not deduct this carton					
2026-09-01	MR-2026-04288	MAT-STE-2026-20435	322161	L009-OWSHEL-005E	CNWH61102	2	0	DESKTOP_PICKED_NOT_IN_ERP	Desktop picked here but ERP did not deduct this carton					
2026-09-01	MR-2026-04288	MAT-STE-2026-20435	322161	L009-OWSHEL-005E	CNWH61132	0	2	ERP_AUTO_PICKED_HERE	ERP deducted here but desktop did not pick this carton	4jvel6r8t2				
2026-09-01	MR-2026-04288	MAT-STE-2026-20435	322215	L010-OWSHEL-036A	CNWH61101	0	2	ERP_AUTO_PICKED_HERE	ERP deducted here but desktop did not pick this carton	4k743j77km				
2026-09-01	MR-2026-04288	MAT-STE-2026-20435	322215	L010-OWSHEL-039C	CNWH61126	2	0	DESKTOP_PICKED_NOT_IN_ERP	Desktop picked here but ERP did not deduct this carton					
2026-09-01	MR-2026-04288	MAT-STE-2026-20435	322231	L010-OWSHEL-036A	CNWH61103	0	2	ERP_AUTO_PICKED_HERE	ERP deducted here but desktop did not pick this carton	4k9iiv5e7v				
2026-09-01	MR-2026-04288	MAT-STE-2026-20435	322231	L010-OWSHEL-037A	CNWH61118	2	0	DESKTOP_PICKED_NOT_IN_ERP	Desktop picked here but ERP did not deduct this carton					
2026-09-01	MR-2026-04289	MAT-STE-2026-20436	322161	L009-OWSHEL-005E	CNWH61076	0	3	ERP_AUTO_PICKED_HERE	ERP deducted here but desktop did not pick this carton	4pgenbqk7d				
2026-09-01	MR-2026-04289	MAT-STE-2026-20436	322161	L009-OWSHEL-005E	CNWH61132	3	0	DESKTOP_PICKED_NOT_IN_ERP	Desktop picked here but ERP did not deduct this carton					
2026-09-01	MR-2026-04289	MAT-STE-2026-20436	322185	L009-OWSHEL-039C	CNWH66406	2	0	DESKTOP_PICKED_NOT_IN_ERP	Desktop picked here but ERP did not deduct this carton					
2026-09-01	MR-2026-04289	MAT-STE-2026-20436	322185	L009-OWSHEL-040D	CNWH62334	0	2	ERP_AUTO_PICKED_HERE	ERP deducted here but desktop did not pick this carton	4prbjc1dvg				
2026-09-01	MR-2026-04289	MAT-STE-2026-20436	322210	L010-OWSHEL-039C	CNWH61692	0	1	ERP_AUTO_PICKED_HERE	ERP deducted here but desktop did not pick this carton	4q1grtce97				
2026-09-01	MR-2026-04289	MAT-STE-2026-20436	322210	L010-OWSHEL-040D	CNWH61116	1	0	DESKTOP_PICKED_NOT_IN_ERP	Desktop picked here but ERP did not deduct this carton					
2026-09-01	MR-2026-04289	MAT-STE-2026-20436	322226	L010-OWSHEL-037A	CNWH61079	1	0	DESKTOP_PICKED_NOT_IN_ERP	Desktop picked here but ERP did not deduct this carton					
2026-09-01	MR-2026-04289	MAT-STE-2026-20436	322226	L010-OWSHEL-037A	CNWH61138	1	0	DESKTOP_PICKED_NOT_IN_ERP	Desktop picked here but ERP did not deduct this carton					
2026-09-01	MR-2026-04289	MAT-STE-2026-20436	322226	L010-OWSHEL-038B	CNWH61110	0	2	ERP_AUTO_PICKED_HERE	ERP deducted here but desktop did not pick this carton	4q5rhb7cco				
2026-09-01	MR-2026-04289	MAT-STE-2026-20436	322227	L010-OWSHEL-037A	CNWH61138	0	2	ERP_AUTO_PICKED_HERE	ERP deducted here but desktop did not pick this carton	4q8n9rmacb				
2026-09-01	MR-2026-04289	MAT-STE-2026-20436	322227	L010-OWSHEL-038B	CNWH61110	2	0	DESKTOP_PICKED_NOT_IN_ERP	Desktop picked here but ERP did not deduct this carton					
2026-09-01	MR-2026-04289	MAT-STE-2026-20436	322239	L010-OWSHEL-037A	CNWH61090	1	2	QTY_MISMATCH	Desktop and ERP qty differ on same carton	4qa3vu6na4				
2026-09-01	MR-2026-04289	MAT-STE-2026-20436	322239	L010-OWSHEL-038B	CNWH61145	1	0	DESKTOP_PICKED_NOT_IN_ERP	Desktop picked here but ERP did not deduct this carton					
2026-09-01	MR-2026-04399	MAT-STE-2026-20457	302035	L009-OWSHEL-006F	CNWH64315	0	2	ERP_AUTO_PICKED_HERE	ERP deducted here but desktop did not pick this carton	psu51tur2e				
2026-09-01	MR-2026-04399	MAT-STE-2026-20457	302035	L009-OWSHEL-012A	CNWH66420	0	2	ERP_AUTO_PICKED_HERE	ERP deducted here but desktop did not pick this carton	pt1cccaglc				
2026-09-01	MR-2026-04399	MAT-STE-2026-20457	302035	L009-OWSHEL-027C	CNWH60198	2	0	DESKTOP_PICKED_NOT_IN_ERP	Desktop picked here but ERP did not deduct this carton					
2026-09-01	MR-2026-04399	MAT-STE-2026-20457	302035	L009-OWSHEL-027C	CNWH66782	2	0	DESKTOP_PICKED_NOT_IN_ERP	Desktop picked here but ERP did not deduct this carton					
2026-09-01	MR-2026-04399	MAT-STE-2026-20457	302054	L009-OWSHEL-006F	CNWH64315	0	1	ERP_AUTO_PICKED_HERE	ERP deducted here but desktop did not pick this carton	pt51c21976				
2026-09-01	MR-2026-04399	MAT-STE-2026-20457	302054	L009-OWSHEL-027C	CNWH66782	1	0	DESKTOP_PICKED_NOT_IN_ERP	Desktop picked here but ERP did not deduct this carton					
2026-09-01	MR-2026-04399	MAT-STE-2026-20457	314533	L010-OWSHEL-006F	CNWH56517	1	0	DESKTOP_PICKED_NOT_IN_ERP	Desktop picked here but ERP did not deduct this carton					
2026-09-01	MR-2026-04399	MAT-STE-2026-20457	314533	L010-OWSHEL-044E	CNWH65115	0	1	ERP_AUTO_PICKED_HERE	ERP deducted here but desktop did not pick this carton	ptdp9k4h26				
2026-09-01	MR-2026-04399	MAT-STE-2026-20457	314552	L009-OWSHEL-007F	CNWH64300	0	1	ERP_AUTO_PICKED_HERE	ERP deducted here but desktop did not pick this carton	ptqlkes7bl				
2026-09-01	MR-2026-04399	MAT-STE-2026-20457	314552	L016-OWPALT-018B	CNWH54206	1	0	DESKTOP_PICKED_NOT_IN_ERP	Desktop picked here but ERP did not deduct this carton					
2026-09-01	MR-2026-04399	MAT-STE-2026-20457	314564	L009-OWSHEL-011B	CNWH66436	0	1	ERP_AUTO_PICKED_HERE	ERP deducted here but desktop did not pick this carton	pttvgtttl1				
2026-09-01	MR-2026-04399	MAT-STE-2026-20457	314564	L009-OWSHEL-037A	CNWH62624	1	0	DESKTOP_PICKED_NOT_IN_ERP	Desktop picked here but ERP did not deduct this carton					
2026-09-01	MR-2026-04399	MAT-STE-2026-20457	314577	L009-OWSHEL-006F	CNWH64315	0	3	ERP_AUTO_PICKED_HERE	ERP deducted here but desktop did not pick this carton	pu1p3v6o1o				
2026-09-01	MR-2026-04399	MAT-STE-2026-20457	314577	L009-OWSHEL-007F	CNWH62592	0	1	ERP_AUTO_PICKED_HERE	ERP deducted here but desktop did not pick this carton	pu25hrahuk				
2026-09-01	MR-2026-04399	MAT-STE-2026-20457	314577	L009-OWSHEL-009D	CNWH66449	3	0	DESKTOP_PICKED_NOT_IN_ERP	Desktop picked here but ERP did not deduct this carton					
2026-09-01	MR-2026-04399	MAT-STE-2026-20457	314577	L009-OWSHEL-011B	CNWH66436	1	0	DESKTOP_PICKED_NOT_IN_ERP	Desktop picked here but ERP did not deduct this carton					
2026-09-01	MR-2026-04399	MAT-STE-2026-20457	322340	L017-OWPALT-006C	CNWH57515	1	0	DESKTOP_PICKED_NOT_IN_ERP	Desktop picked here but ERP did not deduct this carton					
2026-09-01	MR-2026-04399	MAT-STE-2026-20457	322340	L017-OWPALT-046C	CNWH59818	0	1	ERP_AUTO_PICKED_HERE	ERP deducted here but desktop did not pick this carton	pu5gke1ig0				
2026-09-01	MR-2026-04442	MAT-STE-2026-20443	232350	L017-OWPALT-024A	CNWH51363	0	1	ERP_AUTO_PICKED_HERE	ERP deducted here but desktop did not pick this carton	viuhtfg8c2				
2026-09-01	MR-2026-04442	MAT-STE-2026-20443	232350	L017-OWPALT-024A	CNWH62401	1	0	DESKTOP_PICKED_NOT_IN_ERP	Desktop picked here but ERP did not deduct this carton					
2026-09-01	MR-2026-04442	MAT-STE-2026-20443	232362	L017-OWPALT-024A	CNWH51363	0	2	ERP_AUTO_PICKED_HERE	ERP deducted here but desktop did not pick this carton	vj15smpd4d				
2026-09-01	MR-2026-04442	MAT-STE-2026-20443	232362	L017-OWPALT-039B	CNWH65812	2	0	DESKTOP_PICKED_NOT_IN_ERP	Desktop picked here but ERP did not deduct this carton					
2026-09-01	MR-2026-04442	MAT-STE-2026-20443	232374	L017-OWPALT-024A	CNWH51363	0	2	ERP_AUTO_PICKED_HERE	ERP deducted here but desktop did not pick this carton	vj4b0phd5h				
2026-09-01	MR-2026-04442	MAT-STE-2026-20443	232374	L017-OWPALT-024A	CNWH62401	5	3	QTY_MISMATCH	Desktop and ERP qty differ on same carton	vj4sn9niet				
2026-09-01	MR-2026-04442	MAT-STE-2026-20443	232375	L017-OWPALT-024A	CNWH51363	3	0	DESKTOP_PICKED_NOT_IN_ERP	Desktop picked here but ERP did not deduct this carton					
2026-09-01	MR-2026-04442	MAT-STE-2026-20443	232375	L017-OWPALT-024A	CNWH62401	3	6	QTY_MISMATCH	Desktop and ERP qty differ on same carton	vj5q2iastp				
2026-09-01	MR-2026-04442	MAT-STE-2026-20443	232399	L017-OWPALT-024A	CNWH51363	0	1	ERP_AUTO_PICKED_HERE	ERP deducted here but desktop did not pick this carton	vj8p4lbpm3				
2026-09-01	MR-2026-04442	MAT-STE-2026-20443	232399	L017-OWPALT-039B	CNWH65812	1	0	DESKTOP_PICKED_NOT_IN_ERP	Desktop picked here but ERP did not deduct this carton					
2026-09-01	MR-2026-04443	MAT-STE-2026-20437	232350	L017-OWPALT-024A	CNWH51363	1	0	DESKTOP_PICKED_NOT_IN_ERP	Desktop picked here but ERP did not deduct this carton					
2026-09-01	MR-2026-04443	MAT-STE-2026-20437	232350	L017-OWPALT-024A	CNWH62401	0	1	ERP_AUTO_PICKED_HERE	ERP deducted here but desktop did not pick this carton	9t9iqqqqa8				
2026-09-01	MR-2026-04443	MAT-STE-2026-20437	232362	L017-OWPALT-024A	CNWH51363	2	0	DESKTOP_PICKED_NOT_IN_ERP	Desktop picked here but ERP did not deduct this carton					
2026-09-01	MR-2026-04443	MAT-STE-2026-20437	232362	L017-OWPALT-024A	CNWH62401	0	2	ERP_AUTO_PICKED_HERE	ERP deducted here but desktop did not pick this carton	9tenevnkcf				
2026-09-01	MR-2026-04443	MAT-STE-2026-20437	232374	L017-OWPALT-024A	CNWH51363	2	0	DESKTOP_PICKED_NOT_IN_ERP	Desktop picked here but ERP did not deduct this carton					
2026-09-01	MR-2026-04443	MAT-STE-2026-20437	232374	L017-OWPALT-024A	CNWH62401	0	2	ERP_AUTO_PICKED_HERE	ERP deducted here but desktop did not pick this carton	9tj0dgb28d				
2026-09-01	MR-2026-04443	MAT-STE-2026-20437	232375	L017-OWPALT-024A	CNWH51363	3	0	DESKTOP_PICKED_NOT_IN_ERP	Desktop picked here but ERP did not deduct this carton					
2026-09-01	MR-2026-04443	MAT-STE-2026-20437	232375	L017-OWPALT-024A	CNWH62401	0	3	ERP_AUTO_PICKED_HERE	ERP deducted here but desktop did not pick this carton	9tlque45r3				
2026-09-01	MR-2026-04443	MAT-STE-2026-20437	232381	L017-OWPALT-024A	CNWH51363	1	0	DESKTOP_PICKED_NOT_IN_ERP	Desktop picked here but ERP did not deduct this carton					
2026-09-01	MR-2026-04443	MAT-STE-2026-20437	232381	L017-OWPALT-024A	CNWH62401	0	1	ERP_AUTO_PICKED_HERE	ERP deducted here but desktop did not pick this carton	9to2ugn2k8				
2026-09-01	MR-2026-04443	MAT-STE-2026-20437	232393	L017-OWPALT-024A	CNWH51363	1	0	DESKTOP_PICKED_NOT_IN_ERP	Desktop picked here but ERP did not deduct this carton					
2026-09-01	MR-2026-04443	MAT-STE-2026-20437	232393	L017-OWPALT-024A	CNWH62401	0	1	ERP_AUTO_PICKED_HERE	ERP deducted here but desktop did not pick this carton	9tpka409gj				
2026-09-01	MR-2026-04444	MAT-STE-2026-20444	232350	L017-OWPALT-024A	CNWH51363	0	1	ERP_AUTO_PICKED_HERE	ERP deducted here but desktop did not pick this carton	vo4e7tsj5h				
2026-09-01	MR-2026-04444	MAT-STE-2026-20444	232350	L017-OWPALT-030C	CNWH45292	1	0	DESKTOP_PICKED_NOT_IN_ERP	Desktop picked here but ERP did not deduct this carton					
2026-09-01	MR-2026-04444	MAT-STE-2026-20444	232362	L017-OWPALT-024A	CNWH62401	0	1	ERP_AUTO_PICKED_HERE	ERP deducted here but desktop did not pick this carton	vo84kte5ie				
2026-09-01	MR-2026-04444	MAT-STE-2026-20444	232362	L017-OWPALT-039B	CNWH65812	3	2	QTY_MISMATCH	Desktop and ERP qty differ on same carton	vo8go1i4mp				
2026-09-01	MR-2026-04444	MAT-STE-2026-20444	232375	L017-OWPALT-024A	CNWH51363	3	6	QTY_MISMATCH	Desktop and ERP qty differ on same carton	vod7j88lil				
2026-09-01	MR-2026-04444	MAT-STE-2026-20444	232375	L017-OWPALT-039B	CNWH65812	3	0	DESKTOP_PICKED_NOT_IN_ERP	Desktop picked here but ERP did not deduct this carton					
2026-09-01	MR-2026-04444	MAT-STE-2026-20444	232398	L017-OWPALT-024A	CNWH62401	1	0	DESKTOP_PICKED_NOT_IN_ERP	Desktop picked here but ERP did not deduct this carton					
2026-09-01	MR-2026-04444	MAT-STE-2026-20444	232398	L017-OWPALT-039B	CNWH65812	0	1	ERP_AUTO_PICKED_HERE	ERP deducted here but desktop did not pick this carton	voganq2thp				
2026-09-01	MR-2026-04444	MAT-STE-2026-20444	232399	L017-OWPALT-024A	CNWH51363	1	0	DESKTOP_PICKED_NOT_IN_ERP	Desktop picked here but ERP did not deduct this carton					
2026-09-01	MR-2026-04444	MAT-STE-2026-20444	232399	L017-OWPALT-039B	CNWH65812	0	1	ERP_AUTO_PICKED_HERE	ERP deducted here but desktop did not pick this carton	vohjct57kg				
2026-09-01	MR-2026-04445	MAT-STE-2026-20442	232350	L017-OWPALT-024A	CNWH51363	2	1	QTY_MISMATCH	Desktop and ERP qty differ on same carton	t2g9bfp82k				
2026-09-01	MR-2026-04445	MAT-STE-2026-20442	232350	L017-OWPALT-030C	CNWH45292	0	1	ERP_AUTO_PICKED_HERE	ERP deducted here but desktop did not pick this carton	t2forl25r4				
2026-09-01	MR-2026-04445	MAT-STE-2026-20442	232362	L017-OWPALT-024A	CNWH62401	3	0	DESKTOP_PICKED_NOT_IN_ERP	Desktop picked here but ERP did not deduct this carton					
2026-09-01	MR-2026-04445	MAT-STE-2026-20442	232362	L017-OWPALT-039B	CNWH65812	0	3	ERP_AUTO_PICKED_HERE	ERP deducted here but desktop did not pick this carton	t32o6oc8eg				
2026-09-01	MR-2026-04445	MAT-STE-2026-20442	232374	L017-OWPALT-024A	CNWH51363	10	0	DESKTOP_PICKED_NOT_IN_ERP	Desktop picked here but ERP did not deduct this carton					
2026-09-01	MR-2026-04445	MAT-STE-2026-20442	232374	L017-OWPALT-024A	CNWH62401	10	0	DESKTOP_PICKED_NOT_IN_ERP	Desktop picked here but ERP did not deduct this carton					
2026-09-01	MR-2026-04445	MAT-STE-2026-20442	232375	L017-OWPALT-024A	CNWH51363	0	3	ERP_AUTO_PICKED_HERE	ERP deducted here but desktop did not pick this carton	t3j9c5m7re				
2026-09-01	MR-2026-04445	MAT-STE-2026-20442	232375	L017-OWPALT-024A	CNWH62401	6	0	DESKTOP_PICKED_NOT_IN_ERP	Desktop picked here but ERP did not deduct this carton					
2026-09-01	MR-2026-04445	MAT-STE-2026-20442	232375	L017-OWPALT-039B	CNWH65812	0	3	ERP_AUTO_PICKED_HERE	ERP deducted here but desktop did not pick this carton	t3ivi0i92f				
2026-09-01	MR-2026-04445	MAT-STE-2026-20442	232381	L017-OWPALT-024A	CNWH51363	4	2	QTY_MISMATCH	Desktop and ERP qty differ on same carton	t3p06mlsup				
2026-09-01	MR-2026-04445	MAT-STE-2026-20442	232381	L017-OWPALT-024A	CNWH62401	8	2	QTY_MISMATCH	Desktop and ERP qty differ on same carton	t3pbtc6k1n				
2026-09-01	MR-2026-04445	MAT-STE-2026-20442	232393	L017-OWPALT-024A	CNWH51363	0	1	ERP_AUTO_PICKED_HERE	ERP deducted here but desktop did not pick this carton	t3sd4gi3vd				
2026-09-01	MR-2026-04445	MAT-STE-2026-20442	232393	L017-OWPALT-024A	CNWH62401	1	0	DESKTOP_PICKED_NOT_IN_ERP	Desktop picked here but ERP did not deduct this carton					
2026-09-01	MR-2026-04445	MAT-STE-2026-20442	232398	L017-OWPALT-024A	CNWH62401	0	1	ERP_AUTO_PICKED_HERE	ERP deducted here but desktop did not pick this carton	t43r964s4s				
2026-09-01	MR-2026-04445	MAT-STE-2026-20442	232398	L017-OWPALT-039B	CNWH65812	2	1	QTY_MISMATCH	Desktop and ERP qty differ on same carton	t45rajihvf				
2026-09-02	MR-2026-04127	MAT-STE-2026-20503	322623	L016-OWPALT-016A	CNWH59723	3	0	DESKTOP_PICKED_NOT_IN_ERP	Desktop picked here but ERP did not deduct this carton					
2026-09-02	MR-2026-04127	MAT-STE-2026-20503	322623	L016-OWPALT-026B	CNWH56477	0	3	ERP_AUTO_PICKED_HERE	ERP deducted here but desktop did not pick this carton	jjvgcm9i58				
2026-09-02	MR-2026-04127	MAT-STE-2026-20503	324102	L009-OWSHEL-005E	CNWH63629	0	1	ERP_AUTO_PICKED_HERE	ERP deducted here but desktop did not pick this carton	jk9f3m5jt6				
2026-09-02	MR-2026-04127	MAT-STE-2026-20503	324102	L016-OWPALT-049A	CNWH66173	1	0	DESKTOP_PICKED_NOT_IN_ERP	Desktop picked here but ERP did not deduct this carton					
2026-09-02	MR-2026-04140	MAT-STE-2026-20504	322624	L016-OWPALT-016A	CNWH59723	3	0	DESKTOP_PICKED_NOT_IN_ERP	Desktop picked here but ERP did not deduct this carton					
2026-09-02	MR-2026-04140	MAT-STE-2026-20504	322624	L016-OWPALT-026B	CNWH56477	0	3	ERP_AUTO_PICKED_HERE	ERP deducted here but desktop did not pick this carton	jq7k67nhjg				
2026-09-02	MR-2026-04140	MAT-STE-2026-20504	324087	L009-OWSHEL-005E	CNWH63629	0	2	ERP_AUTO_PICKED_HERE	ERP deducted here but desktop did not pick this carton	jql79qkbvn				
2026-09-02	MR-2026-04140	MAT-STE-2026-20504	324087	L009-OWSHEL-020E	CNWH63628	2	0	DESKTOP_PICKED_NOT_IN_ERP	Desktop picked here but ERP did not deduct this carton					
2026-09-02	MR-2026-04140	MAT-STE-2026-20504	324139	L009-OWSHEL-005E	CNWH63677	0	1	ERP_AUTO_PICKED_HERE	ERP deducted here but desktop did not pick this carton	jqoid2qeph				
2026-09-02	MR-2026-04140	MAT-STE-2026-20504	324139	L009-OWSHEL-020E	CNWH63642	1	0	DESKTOP_PICKED_NOT_IN_ERP	Desktop picked here but ERP did not deduct this carton					
2026-09-02	MR-2026-04140	MAT-STE-2026-20504	329659	L017-OWPALT-015B	CNWH60597	0	1	ERP_AUTO_PICKED_HERE	ERP deducted here but desktop did not pick this carton	jqsefumoh4				
2026-09-02	MR-2026-04140	MAT-STE-2026-20504	329659	L017-OWPALT-015B	CNWH67033	1	0	DESKTOP_PICKED_NOT_IN_ERP	Desktop picked here but ERP did not deduct this carton					
2026-09-02	MR-2026-04140	MAT-STE-2026-20504	329671	L017-OWPALT-027C	CNWH67045	1	0	DESKTOP_PICKED_NOT_IN_ERP	Desktop picked here but ERP did not deduct this carton					
2026-09-02	MR-2026-04140	MAT-STE-2026-20504	329671	L017-OWPALT-027C	CNWH67047	0	1	ERP_AUTO_PICKED_HERE	ERP deducted here but desktop did not pick this carton	jqvio8kg81				
2026-09-02	MR-2026-04140	MAT-STE-2026-20504	329673	L017-OWPALT-027C	CNWH67045	0	1	ERP_AUTO_PICKED_HERE	ERP deducted here but desktop did not pick this carton	jr57jm6469				
2026-09-02	MR-2026-04140	MAT-STE-2026-20504	329673	L017-OWPALT-038C	CNWH50783	1	0	DESKTOP_PICKED_NOT_IN_ERP	Desktop picked here but ERP did not deduct this carton					
2026-09-02	MR-2026-04140	MAT-STE-2026-20504	329701	L017-OWPALT-015B	CNWH67028	1	0	DESKTOP_PICKED_NOT_IN_ERP	Desktop picked here but ERP did not deduct this carton					
2026-09-02	MR-2026-04140	MAT-STE-2026-20504	329701	L017-OWPALT-015B	CNWH67032	0	1	ERP_AUTO_PICKED_HERE	ERP deducted here but desktop did not pick this carton	jr64rqf037				
2026-09-02	MR-2026-04166	MAT-STE-2026-20505	318324	L017-OWPALT-034B	CNWH59802	0	2	ERP_AUTO_PICKED_HERE	ERP deducted here but desktop did not pick this carton	k0snfrhh7i				
2026-09-02	MR-2026-04166	MAT-STE-2026-20505	318324	L017-OWPALT-046C	CNWH59816	2	0	DESKTOP_PICKED_NOT_IN_ERP	Desktop picked here but ERP did not deduct this carton					
2026-09-02	MR-2026-04166	MAT-STE-2026-20505	322611	L010-OWSHEL-028D	CNWH59773	2	0	DESKTOP_PICKED_NOT_IN_ERP	Desktop picked here but ERP did not deduct this carton					
2026-09-02	MR-2026-04166	MAT-STE-2026-20505	322611	L010-OWSHEL-028D	CNWH59790	1	3	QTY_MISMATCH	Desktop and ERP qty differ on same carton	k195ig83mu				
2026-09-02	MR-2026-04166	MAT-STE-2026-20505	322621	L016-OWPALT-026B	CNWH56477	2	1	QTY_MISMATCH	Desktop and ERP qty differ on same carton	k1br4j78th				
2026-09-02	MR-2026-04166	MAT-STE-2026-20505	322621	L017-OWPALT-043C	CNWH08867	0	1	ERP_AUTO_PICKED_HERE	ERP deducted here but desktop did not pick this carton	k1bo2qjfmq				
2026-09-02	MR-2026-04166	MAT-STE-2026-20505	322659	L009-OWSHEL-022C	CNWH66461	0	1	ERP_AUTO_PICKED_HERE	ERP deducted here but desktop did not pick this carton	k1j7qvou1h				
2026-09-02	MR-2026-04166	MAT-STE-2026-20505	322659	L010-OWSHEL-034C	CNWH59724	1	0	DESKTOP_PICKED_NOT_IN_ERP	Desktop picked here but ERP did not deduct this carton					
2026-09-02	MR-2026-04166	MAT-STE-2026-20505	324092	L009-OWSHEL-020E	CNWH63670	2	1	QTY_MISMATCH	Desktop and ERP qty differ on same carton	k1s4c64jn2				
2026-09-02	MR-2026-04166	MAT-STE-2026-20505	324092	L016-OWPALT-047B	CNWH67940	0	1	ERP_AUTO_PICKED_HERE	ERP deducted here but desktop did not pick this carton	k1s2rehohv				
2026-09-02	MR-2026-04166	MAT-STE-2026-20505	324135	L009-OWSHEL-005E	CNWH63677	0	1	ERP_AUTO_PICKED_HERE	ERP deducted here but desktop did not pick this carton	k269g0c2f6				
2026-09-02	MR-2026-04166	MAT-STE-2026-20505	324135	L009-OWSHEL-020E	CNWH63637	0	1	ERP_AUTO_PICKED_HERE	ERP deducted here but desktop did not pick this carton	k28mn2r3rj				
2026-09-02	MR-2026-04166	MAT-STE-2026-20505	324135	L009-OWSHEL-020E	CNWH63642	2	0	DESKTOP_PICKED_NOT_IN_ERP	Desktop picked here but ERP did not deduct this carton					
2026-09-02	MR-2026-04166	MAT-STE-2026-20505	329662	L017-OWPALT-015B	CNWH67049	1	0	DESKTOP_PICKED_NOT_IN_ERP	Desktop picked here but ERP did not deduct this carton					
2026-09-02	MR-2026-04166	MAT-STE-2026-20505	329662	L017-OWPALT-027C	CNWH60628	0	1	ERP_AUTO_PICKED_HERE	ERP deducted here but desktop did not pick this carton	k2michikck				
2026-09-02	MR-2026-04166	MAT-STE-2026-20505	329680	L017-OWPALT-027C	CNWH60628	0	4	ERP_AUTO_PICKED_HERE	ERP deducted here but desktop did not pick this carton	k2r8k4vtq2				
2026-09-02	MR-2026-04166	MAT-STE-2026-20505	329680	L017-OWPALT-038C	CNWH56296	4	0	DESKTOP_PICKED_NOT_IN_ERP	Desktop picked here but ERP did not deduct this carton					
2026-09-02	MR-2026-04166	MAT-STE-2026-20505	329686	L017-OWPALT-038C	CNWH53607	1	0	DESKTOP_PICKED_NOT_IN_ERP	Desktop picked here but ERP did not deduct this carton					
2026-09-02	MR-2026-04166	MAT-STE-2026-20505	329686	L017-OWPALT-038C	CNWH66659	0	1	ERP_AUTO_PICKED_HERE	ERP deducted here but desktop did not pick this carton	k2ul72l8ku				
2026-09-02	MR-2026-04166	MAT-STE-2026-20505	329693	L017-OWPALT-015B	CNWH67030	3	4	QTY_MISMATCH	Desktop and ERP qty differ on same carton	k30f0vfurt				
2026-09-02	MR-2026-04166	MAT-STE-2026-20505	329693	L017-OWPALT-015B	CNWH67034	1	0	DESKTOP_PICKED_NOT_IN_ERP	Desktop picked here but ERP did not deduct this carton					
2026-09-02	MR-2026-04192	MAT-STE-2026-20506	321199	L010-OWSHEL-017E	CNWH59735	0	2	ERP_AUTO_PICKED_HERE	ERP deducted here but desktop did not pick this carton	k9o0viob54				
2026-09-02	MR-2026-04192	MAT-STE-2026-20506	321199	L016-OWPALT-026B	CNWH56477	2	0	DESKTOP_PICKED_NOT_IN_ERP	Desktop picked here but ERP did not deduct this carton					
2026-09-02	MR-2026-04192	MAT-STE-2026-20506	322611	L010-OWSHEL-028D	CNWH59773	0	1	ERP_AUTO_PICKED_HERE	ERP deducted here but desktop did not pick this carton	k9sd68ni3v				
2026-09-02	MR-2026-04192	MAT-STE-2026-20506	322611	L010-OWSHEL-028D	CNWH59790	1	0	DESKTOP_PICKED_NOT_IN_ERP	Desktop picked here but ERP did not deduct this carton					
2026-09-02	MR-2026-04192	MAT-STE-2026-20506	329705	L017-OWPALT-015B	CNWH67034	0	1	ERP_AUTO_PICKED_HERE	ERP deducted here but desktop did not pick this carton	ka9r7k67cd				
2026-09-02	MR-2026-04192	MAT-STE-2026-20506	329705	L017-OWPALT-015B	CNWH67049	1	0	DESKTOP_PICKED_NOT_IN_ERP	Desktop picked here but ERP did not deduct this carton					
2026-09-02	MR-2026-04216	MAT-STE-2026-20507	318329	L017-OWPALT-022C	CNWH60971	0	2	ERP_AUTO_PICKED_HERE	ERP deducted here but desktop did not pick this carton	khi3qrnq96				
2026-09-02	MR-2026-04216	MAT-STE-2026-20507	318329	L017-OWPALT-034B	CNWH59802	2	0	DESKTOP_PICKED_NOT_IN_ERP	Desktop picked here but ERP did not deduct this carton					
2026-09-02	MR-2026-04216	MAT-STE-2026-20507	321202	L010-OWSHEL-017E	CNWH59714	1	0	DESKTOP_PICKED_NOT_IN_ERP	Desktop picked here but ERP did not deduct this carton					
2026-09-02	MR-2026-04216	MAT-STE-2026-20507	321202	L016-OWPALT-026B	CNWH64810	0	1	ERP_AUTO_PICKED_HERE	ERP deducted here but desktop did not pick this carton	kho4c7i8ek				
2026-09-02	MR-2026-04216	MAT-STE-2026-20507	322649	L010-OWSHEL-025A	CNWH59747	1	0	DESKTOP_PICKED_NOT_IN_ERP	Desktop picked here but ERP did not deduct this carton					
2026-09-02	MR-2026-04216	MAT-STE-2026-20507	322649	L010-OWSHEL-034C	CNWH59724	0	1	ERP_AUTO_PICKED_HERE	ERP deducted here but desktop did not pick this carton	khqgqa3jh9				
2026-09-02	MR-2026-04216	MAT-STE-2026-20507	324090	L009-OWSHEL-005E	CNWH63629	0	1	ERP_AUTO_PICKED_HERE	ERP deducted here but desktop did not pick this carton	khsjoef7lf				
2026-09-02	MR-2026-04216	MAT-STE-2026-20507	324090	L016-OWPALT-047B	CNWH67940	1	0	DESKTOP_PICKED_NOT_IN_ERP	Desktop picked here but ERP did not deduct this carton					
2026-09-02	MR-2026-04216	MAT-STE-2026-20507	324096	L009-OWSHEL-005E	CNWH63668	0	2	ERP_AUTO_PICKED_HERE	ERP deducted here but desktop did not pick this carton	khuocgt35t				
2026-09-02	MR-2026-04216	MAT-STE-2026-20507	324096	L009-OWSHEL-005E	CNWH64918	2	0	DESKTOP_PICKED_NOT_IN_ERP	Desktop picked here but ERP did not deduct this carton					
2026-09-02	MR-2026-04216	MAT-STE-2026-20507	324111	L009-OWSHEL-020E	CNWH63646	0	1	ERP_AUTO_PICKED_HERE	ERP deducted here but desktop did not pick this carton	ki33u4o66d				
2026-09-02	MR-2026-04216	MAT-STE-2026-20507	324111	L016-OWPALT-047B	CNWH67940	1	0	DESKTOP_PICKED_NOT_IN_ERP	Desktop picked here but ERP did not deduct this carton					
2026-09-02	MR-2026-04216	MAT-STE-2026-20507	324116	L009-OWSHEL-005E	CNWH64918	0	1	ERP_AUTO_PICKED_HERE	ERP deducted here but desktop did not pick this carton	ki66cn4um2				
2026-09-02	MR-2026-04216	MAT-STE-2026-20507	324116	L016-OWPALT-047B	CNWH67940	1	0	DESKTOP_PICKED_NOT_IN_ERP	Desktop picked here but ERP did not deduct this carton					
2026-09-02	MR-2026-04216	MAT-STE-2026-20507	326532	L017-OWPALT-030C	CNWH62521	0	2	ERP_AUTO_PICKED_HERE	ERP deducted here but desktop did not pick this carton	kiajcdp651				
2026-09-02	MR-2026-04216	MAT-STE-2026-20507	326532	L017-OWPALT-034B	CNWH61098	1	0	DESKTOP_PICKED_NOT_IN_ERP	Desktop picked here but ERP did not deduct this carton					
2026-09-02	MR-2026-04216	MAT-STE-2026-20507	326532	L017-OWPALT-034B	CNWH62606	1	0	DESKTOP_PICKED_NOT_IN_ERP	Desktop picked here but ERP did not deduct this carton					
2026-09-02	MR-2026-04216	MAT-STE-2026-20507	326533	L017-OWPALT-030C	CNWH62521	0	2	ERP_AUTO_PICKED_HERE	ERP deducted here but desktop did not pick this carton	kib8r8jhg5				
2026-09-02	MR-2026-04216	MAT-STE-2026-20507	326533	L017-OWPALT-034B	CNWH61098	2	0	DESKTOP_PICKED_NOT_IN_ERP	Desktop picked here but ERP did not deduct this carton					
2026-09-02	MR-2026-04376	MAT-STE-2026-20575	302018	L016-OWPALT-015B	CNWH50787	1	0	DESKTOP_PICKED_NOT_IN_ERP	Desktop picked here but ERP did not deduct this carton					
2026-09-02	MR-2026-04376	MAT-STE-2026-20575	302018	L016-OWPALT-015B	CNWH64938	0	1	ERP_AUTO_PICKED_HERE	ERP deducted here but desktop did not pick this carton	mtl1ckmvop				
2026-09-02	MR-2026-04376	MAT-STE-2026-20575	302048	L009-OWSHEL-007F	CNWH64300	0	1	ERP_AUTO_PICKED_HERE	ERP deducted here but desktop did not pick this carton	mtpv26n794				
2026-09-02	MR-2026-04376	MAT-STE-2026-20575	302048	L009-OWSHEL-027C	CNWH66782	1	0	DESKTOP_PICKED_NOT_IN_ERP	Desktop picked here but ERP did not deduct this carton					
2026-09-02	MR-2026-04376	MAT-STE-2026-20575	302091	L016-OWPALT-002B	CNWH67950	0	1	ERP_AUTO_PICKED_HERE	ERP deducted here but desktop did not pick this carton	mtuvmbvivj				
2026-09-02	MR-2026-04376	MAT-STE-2026-20575	302091	L016-OWPALT-032A	CNWH66081	1	0	DESKTOP_PICKED_NOT_IN_ERP	Desktop picked here but ERP did not deduct this carton					
2026-09-02	MR-2026-04376	MAT-STE-2026-20575	314538	L010-OWSHEL-044E	CNWH65115	0	1	ERP_AUTO_PICKED_HERE	ERP deducted here but desktop did not pick this carton	mu1unccnn1				
2026-09-02	MR-2026-04376	MAT-STE-2026-20575	314538	L016-OWPALT-032A	CNWH66081	1	0	DESKTOP_PICKED_NOT_IN_ERP	Desktop picked here but ERP did not deduct this carton					
2026-09-02	MR-2026-04376	MAT-STE-2026-20575	314541	L009-OWSHEL-006F	CNWH64315	0	1	ERP_AUTO_PICKED_HERE	ERP deducted here but desktop did not pick this carton	mu9s56vujl				
2026-09-02	MR-2026-04376	MAT-STE-2026-20575	314541	L016-OWPALT-015B	CNWH62604	1	0	DESKTOP_PICKED_NOT_IN_ERP	Desktop picked here but ERP did not deduct this carton					
2026-09-02	MR-2026-04376	MAT-STE-2026-20575	314546	L009-OWSHEL-006F	CNWH64315	0	3	ERP_AUTO_PICKED_HERE	ERP deducted here but desktop did not pick this carton	muc3v01s16				
2026-09-02	MR-2026-04376	MAT-STE-2026-20575	314546	L009-OWSHEL-007F	CNWH62201	0	1	ERP_AUTO_PICKED_HERE	ERP deducted here but desktop did not pick this carton	mue0tu10gg				
2026-09-02	MR-2026-04376	MAT-STE-2026-20575	314546	L009-OWSHEL-009D	CNWH66449	4	0	DESKTOP_PICKED_NOT_IN_ERP	Desktop picked here but ERP did not deduct this carton					
2026-09-02	MR-2026-04376	MAT-STE-2026-20575	314547	L009-OWSHEL-006F	CNWH64315	0	1	ERP_AUTO_PICKED_HERE	ERP deducted here but desktop did not pick this carton	mugkh3pchv				
2026-09-02	MR-2026-04376	MAT-STE-2026-20575	314547	L009-OWSHEL-011B	CNWH66436	1	0	DESKTOP_PICKED_NOT_IN_ERP	Desktop picked here but ERP did not deduct this carton					
2026-09-02	MR-2026-04376	MAT-STE-2026-20575	314576	L009-OWSHEL-006F	CNWH64315	0	1	ERP_AUTO_PICKED_HERE	ERP deducted here but desktop did not pick this carton	muqebrveoo				
2026-09-02	MR-2026-04376	MAT-STE-2026-20575	314576	L009-OWSHEL-010C	CNWH66413	1	0	DESKTOP_PICKED_NOT_IN_ERP	Desktop picked here but ERP did not deduct this carton					
2026-09-02	MR-2026-04376	MAT-STE-2026-20575	314578	L009-OWSHEL-006F	CNWH64315	0	1	ERP_AUTO_PICKED_HERE	ERP deducted here but desktop did not pick this carton	muskrs175h				
2026-09-02	MR-2026-04376	MAT-STE-2026-20575	314578	L009-OWSHEL-010C	CNWH66413	1	0	DESKTOP_PICKED_NOT_IN_ERP	Desktop picked here but ERP did not deduct this carton					
2026-09-02	MR-2026-04376	MAT-STE-2026-20575	322293	L017-OWPALT-030C	CNWH63656	0	1	ERP_AUTO_PICKED_HERE	ERP deducted here but desktop did not pick this carton	mv88skstha				
2026-09-02	MR-2026-04376	MAT-STE-2026-20575	322293	L017-OWPALT-046C	CNWH59804	1	0	DESKTOP_PICKED_NOT_IN_ERP	Desktop picked here but ERP did not deduct this carton					
2026-09-02	MR-2026-04376	MAT-STE-2026-20575	322299	L017-OWPALT-030C	CNWH63656	0	1	ERP_AUTO_PICKED_HERE	ERP deducted here but desktop did not pick this carton	mvdukaa5vh				
2026-09-02	MR-2026-04376	MAT-STE-2026-20575	322299	L017-OWPALT-046C	CNWH59804	1	0	DESKTOP_PICKED_NOT_IN_ERP	Desktop picked here but ERP did not deduct this carton					
2026-09-02	MR-2026-04376	MAT-STE-2026-20575	322345	L017-OWPALT-015B	CNWH59741	0	1	ERP_AUTO_PICKED_HERE	ERP deducted here but desktop did not pick this carton	mvkqfhor3v				
2026-09-02	MR-2026-04376	MAT-STE-2026-20575	322345	L017-OWPALT-015B	CNWH59791	1	0	DESKTOP_PICKED_NOT_IN_ERP	Desktop picked here but ERP did not deduct this carton					
2026-09-02	MR-2026-04388	MAT-STE-2026-20576	302054	L009-OWSHEL-007F	CNWH62592	0	2	ERP_AUTO_PICKED_HERE	ERP deducted here but desktop did not pick this carton	n9pn1n5i1i				
2026-09-02	MR-2026-04388	MAT-STE-2026-20576	302054	L009-OWSHEL-011B	CNWH66436	1	0	DESKTOP_PICKED_NOT_IN_ERP	Desktop picked here but ERP did not deduct this carton					
2026-09-02	MR-2026-04388	MAT-STE-2026-20576	302054	L009-OWSHEL-027C	CNWH66782	1	0	DESKTOP_PICKED_NOT_IN_ERP	Desktop picked here but ERP did not deduct this carton					
2026-09-02	MR-2026-04388	MAT-STE-2026-20576	302096	L009-OWSHEL-027C	CNWH60469	0	1	ERP_AUTO_PICKED_HERE	ERP deducted here but desktop did not pick this carton	n9tt80kbil				
2026-09-02	MR-2026-04388	MAT-STE-2026-20576	302096	L016-OWPALT-032A	CNWH66732	2	1	QTY_MISMATCH	Desktop and ERP qty differ on same carton	n9vpegnqbl				
2026-09-02	MR-2026-04388	MAT-STE-2026-20576	314533	L010-OWSHEL-006F	CNWH56517	0	1	ERP_AUTO_PICKED_HERE	ERP deducted here but desktop did not pick this carton	na9et24vnj				
2026-09-02	MR-2026-04388	MAT-STE-2026-20576	314533	L010-OWSHEL-044E	CNWH65115	1	0	DESKTOP_PICKED_NOT_IN_ERP	Desktop picked here but ERP did not deduct this carton					
2026-09-02	MR-2026-04388	MAT-STE-2026-20576	322293	L017-OWPALT-043C	CNWH67951	0	2	ERP_AUTO_PICKED_HERE	ERP deducted here but desktop did not pick this carton	naiqaedd2f				
2026-09-02	MR-2026-04388	MAT-STE-2026-20576	322293	L017-OWPALT-054C	CNWH62696	2	0	DESKTOP_PICKED_NOT_IN_ERP	Desktop picked here but ERP did not deduct this carton					
2026-09-02	MR-2026-04388	MAT-STE-2026-20576	322294	L017-OWPALT-022C	CNWH59806	0	2	ERP_AUTO_PICKED_HERE	ERP deducted here but desktop did not pick this carton	nam9lsnd5d				
2026-09-02	MR-2026-04388	MAT-STE-2026-20576	322294	L017-OWPALT-030C	CNWH63656	0	1	ERP_AUTO_PICKED_HERE	ERP deducted here but desktop did not pick this carton	nand3ui1cm				
2026-09-02	MR-2026-04388	MAT-STE-2026-20576	322294	L017-OWPALT-054C	CNWH62696	3	0	DESKTOP_PICKED_NOT_IN_ERP	Desktop picked here but ERP did not deduct this carton					
2026-09-02	MR-2026-04388	MAT-STE-2026-20576	322299	L017-OWPALT-046C	CNWH59804	0	1	ERP_AUTO_PICKED_HERE	ERP deducted here but desktop did not pick this carton	nb809ntktv				
2026-09-02	MR-2026-04388	MAT-STE-2026-20576	322299	L017-OWPALT-054C	CNWH62696	1	0	DESKTOP_PICKED_NOT_IN_ERP	Desktop picked here but ERP did not deduct this carton					
2026-09-02	MR-2026-04388	MAT-STE-2026-20576	322343	L017-OWPALT-046C	CNWH59818	0	1	ERP_AUTO_PICKED_HERE	ERP deducted here but desktop did not pick this carton	nbfvmljopv				
2026-09-02	MR-2026-04388	MAT-STE-2026-20576	322343	L017-OWPALT-054C	CNWH59813	1	0	DESKTOP_PICKED_NOT_IN_ERP	Desktop picked here but ERP did not deduct this carton					
2026-09-02	MR-2026-04410	MAT-STE-2026-20502	302018	L009-OWSHEL-043F	CNWH64288	0	2	ERP_AUTO_PICKED_HERE	ERP deducted here but desktop did not pick this carton	ibn7mo04f1				
2026-09-02	MR-2026-04410	MAT-STE-2026-20502	302018	L016-OWPALT-015B	CNWH64938	2	0	DESKTOP_PICKED_NOT_IN_ERP	Desktop picked here but ERP did not deduct this carton					
2026-09-02	MR-2026-04410	MAT-STE-2026-20502	302024	L009-OWSHEL-007F	CNWH64300	0	1	ERP_AUTO_PICKED_HERE	ERP deducted here but desktop did not pick this carton	ibrqac2f2a				
2026-09-02	MR-2026-04410	MAT-STE-2026-20502	302024	L009-OWSHEL-027C	CNWH66782	1	0	DESKTOP_PICKED_NOT_IN_ERP	Desktop picked here but ERP did not deduct this carton					
2026-09-02	MR-2026-04410	MAT-STE-2026-20502	302035	L009-OWSHEL-012A	CNWH66420	2	0	DESKTOP_PICKED_NOT_IN_ERP	Desktop picked here but ERP did not deduct this carton					
2026-09-02	MR-2026-04410	MAT-STE-2026-20502	302035	L009-OWSHEL-020E	CNWH62629	0	1	ERP_AUTO_PICKED_HERE	ERP deducted here but desktop did not pick this carton	ibtk87jm50				
2026-09-02	MR-2026-04410	MAT-STE-2026-20502	302035	L009-OWSHEL-022C	CNWH66461	0	1	ERP_AUTO_PICKED_HERE	ERP deducted here but desktop did not pick this carton	ic0lq3ni09				
2026-09-02	MR-2026-04424	MAT-STE-2026-20577	302042	L009-OWSHEL-007F	CNWH64300	0	1	ERP_AUTO_PICKED_HERE	ERP deducted here but desktop did not pick this carton	nli7tu70g4				
2026-09-02	MR-2026-04424	MAT-STE-2026-20577	302042	L016-OWPALT-015B	CNWH64938	1	0	DESKTOP_PICKED_NOT_IN_ERP	Desktop picked here but ERP did not deduct this carton					
2026-09-02	MR-2026-04424	MAT-STE-2026-20577	302054	L009-OWSHEL-010C	CNWH66413	0	1	ERP_AUTO_PICKED_HERE	ERP deducted here but desktop did not pick this carton	nllelm6jah				
2026-09-02	MR-2026-04424	MAT-STE-2026-20577	302054	L010-OWSHEL-006F	CNWH54069	1	0	DESKTOP_PICKED_NOT_IN_ERP	Desktop picked here but ERP did not deduct this carton					
2026-09-02	MR-2026-04424	MAT-STE-2026-20577	314536	L009-OWSHEL-009D	CNWH66449	0	1	ERP_AUTO_PICKED_HERE	ERP deducted here but desktop did not pick this carton	nlpdomnou2				
2026-09-02	MR-2026-04424	MAT-STE-2026-20577	314536	L010-OWSHEL-006F	CNWH56517	1	0	DESKTOP_PICKED_NOT_IN_ERP	Desktop picked here but ERP did not deduct this carton					
2026-09-02	MR-2026-04424	MAT-STE-2026-20577	314548	L009-OWSHEL-006F	CNWH64315	0	1	ERP_AUTO_PICKED_HERE	ERP deducted here but desktop did not pick this carton	nlrhsqcj33				
2026-09-02	MR-2026-04424	MAT-STE-2026-20577	314548	L009-OWSHEL-011B	CNWH66436	1	0	DESKTOP_PICKED_NOT_IN_ERP	Desktop picked here but ERP did not deduct this carton					
2026-09-02	MR-2026-04424	MAT-STE-2026-20577	322299	L017-OWPALT-046C	CNWH59804	1	0	DESKTOP_PICKED_NOT_IN_ERP	Desktop picked here but ERP did not deduct this carton					
2026-09-02	MR-2026-04424	MAT-STE-2026-20577	322299	L017-OWPALT-054C	CNWH62696	0	1	ERP_AUTO_PICKED_HERE	ERP deducted here but desktop did not pick this carton	nm73e95o2m				
2026-09-02	MR-2026-04424	MAT-STE-2026-20577	322348	L017-OWPALT-015B	CNWH59741	0	1	ERP_AUTO_PICKED_HERE	ERP deducted here but desktop did not pick this carton	nmid2c8ihh				
2026-09-02	MR-2026-04424	MAT-STE-2026-20577	322348	L017-OWPALT-054C	CNWH59784	1	0	DESKTOP_PICKED_NOT_IN_ERP	Desktop picked here but ERP did not deduct this carton					
2026-09-02	MR-2026-04433	MAT-STE-2026-20578	302035	L009-OWSHEL-027C	CNWH60198	0	1	ERP_AUTO_PICKED_HERE	ERP deducted here but desktop did not pick this carton	nuuaqk9b3e				
2026-09-02	MR-2026-04433	MAT-STE-2026-20578	302035	L009-OWSHEL-027C	CNWH66782	1	0	DESKTOP_PICKED_NOT_IN_ERP	Desktop picked here but ERP did not deduct this carton					
2026-09-02	MR-2026-04433	MAT-STE-2026-20578	302041	L009-OWSHEL-007F	CNWH64300	0	1	ERP_AUTO_PICKED_HERE	ERP deducted here but desktop did not pick this carton	nv2airadj8				
2026-09-02	MR-2026-04433	MAT-STE-2026-20578	302041	L009-OWSHEL-020E	CNWH54884	1	0	DESKTOP_PICKED_NOT_IN_ERP	Desktop picked here but ERP did not deduct this carton					
2026-09-02	MR-2026-04433	MAT-STE-2026-20578	314535	L009-OWSHEL-043F	CNWH64288	0	1	ERP_AUTO_PICKED_HERE	ERP deducted here but desktop did not pick this carton	nvedm557r3				
2026-09-02	MR-2026-04433	MAT-STE-2026-20578	314535	L016-OWPALT-018B	CNWH60245	1	0	DESKTOP_PICKED_NOT_IN_ERP	Desktop picked here but ERP did not deduct this carton					
2026-09-02	MR-2026-04433	MAT-STE-2026-20578	314547	L009-OWSHEL-009D	CNWH66449	0	1	ERP_AUTO_PICKED_HERE	ERP deducted here but desktop did not pick this carton	nvjj4pd31e				
2026-09-02	MR-2026-04433	MAT-STE-2026-20578	314547	L009-OWSHEL-011B	CNWH66436	1	0	DESKTOP_PICKED_NOT_IN_ERP	Desktop picked here but ERP did not deduct this carton					
2026-09-02	MR-2026-04433	MAT-STE-2026-20578	322304	L017-OWPALT-039B	CNWH65194	0	1	ERP_AUTO_PICKED_HERE	ERP deducted here but desktop did not pick this carton	o0079kcsrm				
2026-09-02	MR-2026-04433	MAT-STE-2026-20578	322304	L017-OWPALT-054C	CNWH65166	1	0	DESKTOP_PICKED_NOT_IN_ERP	Desktop picked here but ERP did not deduct this carton					
2026-09-02	MR-2026-04433	MAT-STE-2026-20578	322307	L017-OWPALT-046C	CNWH65029	1	2	QTY_MISMATCH	Desktop and ERP qty differ on same carton	o047bvflju				
2026-09-02	MR-2026-04433	MAT-STE-2026-20578	322307	L017-OWPALT-051C	CNWH60222	1	0	DESKTOP_PICKED_NOT_IN_ERP	Desktop picked here but ERP did not deduct this carton					
2026-09-02	MR-2026-04433	MAT-STE-2026-20578	322310	L009-OWSHEL-022C	CNWH66461	0	1	ERP_AUTO_PICKED_HERE	ERP deducted here but desktop did not pick this carton	o07cndon64				
2026-09-02	MR-2026-04433	MAT-STE-2026-20578	322310	L017-OWPALT-030C	CNWH45292	1	0	DESKTOP_PICKED_NOT_IN_ERP	Desktop picked here but ERP did not deduct this carton					
2026-09-02	MR-2026-04433	MAT-STE-2026-20578	322329	L017-OWPALT-015B	CNWH59791	0	1	ERP_AUTO_PICKED_HERE	ERP deducted here but desktop did not pick this carton	o0blude07m				
2026-09-02	MR-2026-04433	MAT-STE-2026-20578	322329	L017-OWPALT-054C	CNWH62696	1	0	DESKTOP_PICKED_NOT_IN_ERP	Desktop picked here but ERP did not deduct this carton					
2026-09-02	MR-2026-04433	MAT-STE-2026-20578	322341	L017-OWPALT-046C	CNWH59818	0	1	ERP_AUTO_PICKED_HERE	ERP deducted here but desktop did not pick this carton	o0edmcdrqu				
2026-09-02	MR-2026-04433	MAT-STE-2026-20578	322341	L017-OWPALT-054C	CNWH59813	1	0	DESKTOP_PICKED_NOT_IN_ERP	Desktop picked here but ERP did not deduct this carton					
2026-09-02	MR-2026-04433	MAT-STE-2026-20578	322347	L017-OWPALT-015B	CNWH59791	0	2	ERP_AUTO_PICKED_HERE	ERP deducted here but desktop did not pick this carton	o0ilghhrfl				
2026-09-02	MR-2026-04433	MAT-STE-2026-20578	322347	L017-OWPALT-054C	CNWH59784	2	0	DESKTOP_PICKED_NOT_IN_ERP	Desktop picked here but ERP did not deduct this carton					
2026-09-02	MR-2026-04433	MAT-STE-2026-20578	322348	L017-OWPALT-015B	CNWH59791	0	1	ERP_AUTO_PICKED_HERE	ERP deducted here but desktop did not pick this carton	o0l3029uqb				
2026-09-02	MR-2026-04433	MAT-STE-2026-20578	322348	L017-OWPALT-054C	CNWH59784	1	0	DESKTOP_PICKED_NOT_IN_ERP	Desktop picked here but ERP did not deduct this carton					
2026-09-03	MR-2026-04306	MAT-STE-2026-20675	302017	L009-OWSHEL-007F	CNWH64300	0	1	ERP_AUTO_PICKED_HERE	ERP deducted here but desktop did not pick this carton	3rm3v79mcg				
2026-09-03	MR-2026-04306	MAT-STE-2026-20675	302017	L016-OWPALT-015B	CNWH64938	1	0	DESKTOP_PICKED_NOT_IN_ERP	Desktop picked here but ERP did not deduct this carton					
2026-09-03	MR-2026-04306	MAT-STE-2026-20675	302024	L009-OWSHEL-006F	CNWH51038	1	0	DESKTOP_PICKED_NOT_IN_ERP	Desktop picked here but ERP did not deduct this carton					
2026-09-03	MR-2026-04306	MAT-STE-2026-20675	302024	L009-OWSHEL-041E	CNWH65006	0	2	ERP_AUTO_PICKED_HERE	ERP deducted here but desktop did not pick this carton	3rtge5vcqm				
2026-09-03	MR-2026-04306	MAT-STE-2026-20675	302024	L016-OWPALT-015B	CNWH62444	1	0	DESKTOP_PICKED_NOT_IN_ERP	Desktop picked here but ERP did not deduct this carton					
2026-09-03	MR-2026-04306	MAT-STE-2026-20675	314578	L009-OWSHEL-007F	CNWH62592	0	1	ERP_AUTO_PICKED_HERE	ERP deducted here but desktop did not pick this carton	3sfvgl9h5d				
2026-09-03	MR-2026-04306	MAT-STE-2026-20675	314578	L016-OWPALT-015B	CNWH61298	1	0	DESKTOP_PICKED_NOT_IN_ERP	Desktop picked here but ERP did not deduct this carton					
2026-09-03	MR-2026-04317	MAT-STE-2026-20676	302053	L009-OWSHEL-006F	CNWH64315	0	1	ERP_AUTO_PICKED_HERE	ERP deducted here but desktop did not pick this carton	46dg5o84bp				
2026-09-03	MR-2026-04317	MAT-STE-2026-20676	302053	L009-OWSHEL-027C	CNWH66782	1	0	DESKTOP_PICKED_NOT_IN_ERP	Desktop picked here but ERP did not deduct this carton					
2026-09-03	MR-2026-04317	MAT-STE-2026-20676	302054	L009-OWSHEL-011B	CNWH66436	0	1	ERP_AUTO_PICKED_HERE	ERP deducted here but desktop did not pick this carton	46h98hmj1p				
2026-09-03	MR-2026-04317	MAT-STE-2026-20676	302054	L009-OWSHEL-027C	CNWH66782	1	0	DESKTOP_PICKED_NOT_IN_ERP	Desktop picked here but ERP did not deduct this carton					
2026-09-03	MR-2026-04317	MAT-STE-2026-20676	302090	L009-OWSHEL-006F	CNWH64315	0	1	ERP_AUTO_PICKED_HERE	ERP deducted here but desktop did not pick this carton	46lqqiajvh				
2026-09-03	MR-2026-04317	MAT-STE-2026-20676	302090	L009-OWSHEL-027C	CNWH66782	1	0	DESKTOP_PICKED_NOT_IN_ERP	Desktop picked here but ERP did not deduct this carton					
2026-09-03	MR-2026-04317	MAT-STE-2026-20676	302091	L016-OWPALT-002B	CNWH67950	1	0	DESKTOP_PICKED_NOT_IN_ERP	Desktop picked here but ERP did not deduct this carton					
2026-09-03	MR-2026-04317	MAT-STE-2026-20676	302091	L016-OWPALT-032A	CNWH66081	0	1	ERP_AUTO_PICKED_HERE	ERP deducted here but desktop did not pick this carton	46phaii1o6				
2026-09-03	MR-2026-04317	MAT-STE-2026-20676	302096	L009-OWSHEL-027C	CNWH60469	1	0	DESKTOP_PICKED_NOT_IN_ERP	Desktop picked here but ERP did not deduct this carton					
2026-09-03	MR-2026-04317	MAT-STE-2026-20676	302096	L016-OWPALT-032A	CNWH66732	1	2	QTY_MISMATCH	Desktop and ERP qty differ on same carton	46p8dvmioc				
2026-09-03	MR-2026-04317	MAT-STE-2026-20676	302101	L009-OWSHEL-007F	CNWH64300	0	1	ERP_AUTO_PICKED_HERE	ERP deducted here but desktop did not pick this carton	46uvbm4j5p				
2026-09-03	MR-2026-04317	MAT-STE-2026-20676	302101	L016-OWPALT-032A	CNWH66732	1	0	DESKTOP_PICKED_NOT_IN_ERP	Desktop picked here but ERP did not deduct this carton					
2026-09-03	MR-2026-04317	MAT-STE-2026-20676	302102	L009-OWSHEL-020E	CNWH64364	0	1	ERP_AUTO_PICKED_HERE	ERP deducted here but desktop did not pick this carton	470gkembrg				
2026-09-03	MR-2026-04317	MAT-STE-2026-20676	302102	L016-OWPALT-032A	CNWH66732	1	0	DESKTOP_PICKED_NOT_IN_ERP	Desktop picked here but ERP did not deduct this carton					
2026-09-03	MR-2026-04317	MAT-STE-2026-20676	314570	L009-OWSHEL-009D	CNWH66449	0	3	ERP_AUTO_PICKED_HERE	ERP deducted here but desktop did not pick this carton	475lia9b4p				
2026-09-03	MR-2026-04317	MAT-STE-2026-20676	314570	L009-OWSHEL-037A	CNWH62624	3	0	DESKTOP_PICKED_NOT_IN_ERP	Desktop picked here but ERP did not deduct this carton					
2026-09-03	MR-2026-04317	MAT-STE-2026-20676	314571	L009-OWSHEL-009D	CNWH66449	0	2	ERP_AUTO_PICKED_HERE	ERP deducted here but desktop did not pick this carton	477n161jo3				
2026-09-03	MR-2026-04317	MAT-STE-2026-20676	314571	L009-OWSHEL-037A	CNWH62624	2	0	DESKTOP_PICKED_NOT_IN_ERP	Desktop picked here but ERP did not deduct this carton					
2026-09-03	MR-2026-04317	MAT-STE-2026-20676	314577	L009-OWSHEL-006F	CNWH64315	2	0	DESKTOP_PICKED_NOT_IN_ERP	Desktop picked here but ERP did not deduct this carton					
2026-09-03	MR-2026-04317	MAT-STE-2026-20676	314577	L009-OWSHEL-009D	CNWH66449	0	2	ERP_AUTO_PICKED_HERE	ERP deducted here but desktop did not pick this carton	4793sj3cbs				
2026-09-03	MR-2026-04329	MAT-STE-2026-20677	302018	L016-OWPALT-015B	CNWH64938	1	0	DESKTOP_PICKED_NOT_IN_ERP	Desktop picked here but ERP did not deduct this carton					
2026-09-03	MR-2026-04329	MAT-STE-2026-20677	302018	L016-OWPALT-015B	CNWH66168	0	1	ERP_AUTO_PICKED_HERE	ERP deducted here but desktop did not pick this carton	4gnvseqeru				
2026-09-03	MR-2026-04329	MAT-STE-2026-20677	302041	L009-OWSHEL-041E	CNWH55840	1	0	DESKTOP_PICKED_NOT_IN_ERP	Desktop picked here but ERP did not deduct this carton					
2026-09-03	MR-2026-04329	MAT-STE-2026-20677	302041	L010-OWSHEL-044E	CNWH65115	0	1	ERP_AUTO_PICKED_HERE	ERP deducted here but desktop did not pick this carton	4h0sl7mrke				
2026-09-03	MR-2026-04329	MAT-STE-2026-20677	302043	L016-OWPALT-015B	CNWH61298	0	1	ERP_AUTO_PICKED_HERE	ERP deducted here but desktop did not pick this carton	4h5r72jo86				
2026-09-03	MR-2026-04329	MAT-STE-2026-20677	302043	L016-OWPALT-015B	CNWH64938	2	1	QTY_MISMATCH	Desktop and ERP qty differ on same carton	4h9p0d6dbg				
2026-09-03	MR-2026-04329	MAT-STE-2026-20677	302054	L009-OWSHEL-011B	CNWH66436	1	0	DESKTOP_PICKED_NOT_IN_ERP	Desktop picked here but ERP did not deduct this carton					
2026-09-03	MR-2026-04329	MAT-STE-2026-20677	302054	L009-OWSHEL-020E	CNWH64364	0	1	ERP_AUTO_PICKED_HERE	ERP deducted here but desktop did not pick this carton	4hfvjf1hn5				
2026-09-03	MR-2026-04329	MAT-STE-2026-20677	314535	L009-OWSHEL-041E	CNWH54012	2	0	DESKTOP_PICKED_NOT_IN_ERP	Desktop picked here but ERP did not deduct this carton					
2026-09-03	MR-2026-04329	MAT-STE-2026-20677	314535	L010-OWSHEL-044E	CNWH65115	0	2	ERP_AUTO_PICKED_HERE	ERP deducted here but desktop did not pick this carton	4hk0ik3lt5				
2026-09-03	MR-2026-04329	MAT-STE-2026-20677	314536	L009-OWSHEL-027C	CNWH60469	0	1	ERP_AUTO_PICKED_HERE	ERP deducted here but desktop did not pick this carton	4hn261mnn3				
2026-09-03	MR-2026-04329	MAT-STE-2026-20677	314536	L016-OWPALT-018B	CNWH60245	1	0	DESKTOP_PICKED_NOT_IN_ERP	Desktop picked here but ERP did not deduct this carton					
2026-09-03	MR-2026-04329	MAT-STE-2026-20677	314553	L009-OWSHEL-006F	CNWH50794	2	0	DESKTOP_PICKED_NOT_IN_ERP	Desktop picked here but ERP did not deduct this carton					
2026-09-03	MR-2026-04329	MAT-STE-2026-20677	314553	L009-OWSHEL-010C	CNWH66413	0	1	ERP_AUTO_PICKED_HERE	ERP deducted here but desktop did not pick this carton	4hqeica2op				
2026-09-03	MR-2026-04329	MAT-STE-2026-20677	314553	L009-OWSHEL-012A	CNWH66397	0	1	ERP_AUTO_PICKED_HERE	ERP deducted here but desktop did not pick this carton	4htgc5o200				
2026-09-03	MR-2026-04329	MAT-STE-2026-20677	314571	L009-OWSHEL-006F	CNWH50794	1	0	DESKTOP_PICKED_NOT_IN_ERP	Desktop picked here but ERP did not deduct this carton					
2026-09-03	MR-2026-04329	MAT-STE-2026-20677	314571	L009-OWSHEL-010C	CNWH66413	0	1	ERP_AUTO_PICKED_HERE	ERP deducted here but desktop did not pick this carton	4i05ornkhr				
2026-09-03	MR-2026-04329	MAT-STE-2026-20677	314577	L009-OWSHEL-006F	CNWH64315	1	0	DESKTOP_PICKED_NOT_IN_ERP	Desktop picked here but ERP did not deduct this carton					
2026-09-03	MR-2026-04329	MAT-STE-2026-20677	314577	L009-OWSHEL-010C	CNWH66413	0	1	ERP_AUTO_PICKED_HERE	ERP deducted here but desktop did not pick this carton	4i3atmmcql				
2026-09-03	MR-2026-04329	MAT-STE-2026-20677	322295	L017-OWPALT-022C	CNWH59806	0	1	ERP_AUTO_PICKED_HERE	ERP deducted here but desktop did not pick this carton	4i40cltujh				
2026-09-03	MR-2026-04329	MAT-STE-2026-20677	322295	L017-OWPALT-030C	CNWH63656	1	0	DESKTOP_PICKED_NOT_IN_ERP	Desktop picked here but ERP did not deduct this carton					
2026-09-03	MR-2026-04329	MAT-STE-2026-20677	322306	L017-OWPALT-022C	CNWH60971	0	1	ERP_AUTO_PICKED_HERE	ERP deducted here but desktop did not pick this carton	4if5ku5fq2				
2026-09-03	MR-2026-04329	MAT-STE-2026-20677	322306	L017-OWPALT-046C	CNWH60229	1	0	DESKTOP_PICKED_NOT_IN_ERP	Desktop picked here but ERP did not deduct this carton					
2026-09-03	MR-2026-04329	MAT-STE-2026-20677	322331	L017-OWPALT-022C	CNWH61945	0	1	ERP_AUTO_PICKED_HERE	ERP deducted here but desktop did not pick this carton	4ik6es3pj4				
2026-09-03	MR-2026-04329	MAT-STE-2026-20677	322331	L017-OWPALT-046C	CNWH59816	1	0	DESKTOP_PICKED_NOT_IN_ERP	Desktop picked here but ERP did not deduct this carton					
2026-09-03	MR-2026-04329	MAT-STE-2026-20677	322334	L017-OWPALT-046C	CNWH59782	0	1	ERP_AUTO_PICKED_HERE	ERP deducted here but desktop did not pick this carton	4in487oct3				
2026-09-03	MR-2026-04329	MAT-STE-2026-20677	322334	L017-OWPALT-046C	CNWH59803	1	0	DESKTOP_PICKED_NOT_IN_ERP	Desktop picked here but ERP did not deduct this carton					
2026-09-03	MR-2026-04329	MAT-STE-2026-20677	322340	L017-OWPALT-046C	CNWH59818	2	0	DESKTOP_PICKED_NOT_IN_ERP	Desktop picked here but ERP did not deduct this carton					
2026-09-03	MR-2026-04329	MAT-STE-2026-20677	322340	L017-OWPALT-046C	CNWH59821	0	1	ERP_AUTO_PICKED_HERE	ERP deducted here but desktop did not pick this carton	4iqt9oepke				
2026-09-03	MR-2026-04329	MAT-STE-2026-20677	322340	L017-OWPALT-054C	CNWH59813	0	1	ERP_AUTO_PICKED_HERE	ERP deducted here but desktop did not pick this carton	4itqgrk7qv				
2026-09-03	MR-2026-04329	MAT-STE-2026-20677	322342	L017-OWPALT-046C	CNWH59818	1	0	DESKTOP_PICKED_NOT_IN_ERP	Desktop picked here but ERP did not deduct this carton					
2026-09-03	MR-2026-04329	MAT-STE-2026-20677	322342	L017-OWPALT-046C	CNWH59821	0	1	ERP_AUTO_PICKED_HERE	ERP deducted here but desktop did not pick this carton	4j1tudt8kn				
2026-09-03	MR-2026-04341	MAT-STE-2026-20678	302023	L010-OWSHEL-044E	CNWH65115	0	1	ERP_AUTO_PICKED_HERE	ERP deducted here but desktop did not pick this carton	50ni4p0uu8				
2026-09-03	MR-2026-04341	MAT-STE-2026-20678	302023	L016-OWPALT-015B	CNWH64938	1	0	DESKTOP_PICKED_NOT_IN_ERP	Desktop picked here but ERP did not deduct this carton					
2026-09-03	MR-2026-04341	MAT-STE-2026-20678	302024	L009-OWSHEL-043F	CNWH64363	0	1	ERP_AUTO_PICKED_HERE	ERP deducted here but desktop did not pick this carton	50qojras46				
2026-09-03	MR-2026-04341	MAT-STE-2026-20678	302024	L010-OWSHEL-006F	CNWH54069	1	0	DESKTOP_PICKED_NOT_IN_ERP	Desktop picked here but ERP did not deduct this carton					
2026-09-03	MR-2026-04341	MAT-STE-2026-20678	302036	L009-OWSHEL-007F	CNWH64300	0	1	ERP_AUTO_PICKED_HERE	ERP deducted here but desktop did not pick this carton	50sug9i01n				
2026-09-03	MR-2026-04341	MAT-STE-2026-20678	302036	L009-OWSHEL-027C	CNWH66782	1	0	DESKTOP_PICKED_NOT_IN_ERP	Desktop picked here but ERP did not deduct this carton					
2026-09-03	MR-2026-04341	MAT-STE-2026-20678	302041	L009-OWSHEL-007F	CNWH64300	1	0	DESKTOP_PICKED_NOT_IN_ERP	Desktop picked here but ERP did not deduct this carton					
2026-09-03	MR-2026-04341	MAT-STE-2026-20678	302041	L009-OWSHEL-020E	CNWH54884	0	1	ERP_AUTO_PICKED_HERE	ERP deducted here but desktop did not pick this carton	50tipt0gms				
2026-09-03	MR-2026-04341	MAT-STE-2026-20678	302041	L009-OWSHEL-041E	CNWH55840	0	1	ERP_AUTO_PICKED_HERE	ERP deducted here but desktop did not pick this carton	50u8fkkehb				
2026-09-03	MR-2026-04341	MAT-STE-2026-20678	302041	L010-OWSHEL-044E	CNWH65115	1	0	DESKTOP_PICKED_NOT_IN_ERP	Desktop picked here but ERP did not deduct this carton					
2026-09-03	MR-2026-04341	MAT-STE-2026-20678	302042	L009-OWSHEL-010C	CNWH66413	1	0	DESKTOP_PICKED_NOT_IN_ERP	Desktop picked here but ERP did not deduct this carton					
2026-09-03	MR-2026-04341	MAT-STE-2026-20678	302042	L009-OWSHEL-012A	CNWH66420	0	1	ERP_AUTO_PICKED_HERE	ERP deducted here but desktop did not pick this carton	512hcn98h9				
2026-09-03	MR-2026-04341	MAT-STE-2026-20678	302049	L009-OWSHEL-007F	CNWH64300	0	1	ERP_AUTO_PICKED_HERE	ERP deducted here but desktop did not pick this carton	516t6bie9k				
2026-09-03	MR-2026-04341	MAT-STE-2026-20678	302049	L009-OWSHEL-027C	CNWH60198	1	0	DESKTOP_PICKED_NOT_IN_ERP	Desktop picked here but ERP did not deduct this carton					
2026-09-03	MR-2026-04341	MAT-STE-2026-20678	302053	L009-OWSHEL-012A	CNWH66420	0	1	ERP_AUTO_PICKED_HERE	ERP deducted here but desktop did not pick this carton	5190htgvkb				
2026-09-03	MR-2026-04341	MAT-STE-2026-20678	302053	L009-OWSHEL-027C	CNWH66782	1	0	DESKTOP_PICKED_NOT_IN_ERP	Desktop picked here but ERP did not deduct this carton					
2026-09-03	MR-2026-04341	MAT-STE-2026-20678	302083	L009-OWSHEL-007F	CNWH62201	0	1	ERP_AUTO_PICKED_HERE	ERP deducted here but desktop did not pick this carton	51bjab112o				
2026-09-03	MR-2026-04341	MAT-STE-2026-20678	302083	L016-OWPALT-015B	CNWH64938	1	0	DESKTOP_PICKED_NOT_IN_ERP	Desktop picked here but ERP did not deduct this carton					
2026-09-03	MR-2026-04341	MAT-STE-2026-20678	302091	L016-OWPALT-002B	CNWH67950	1	0	DESKTOP_PICKED_NOT_IN_ERP	Desktop picked here but ERP did not deduct this carton					
2026-09-03	MR-2026-04341	MAT-STE-2026-20678	302091	L016-OWPALT-032A	CNWH66732	0	1	ERP_AUTO_PICKED_HERE	ERP deducted here but desktop did not pick this carton	51iui6f6kl				
2026-09-03	MR-2026-04341	MAT-STE-2026-20678	302102	L009-OWSHEL-009D	CNWH66449	1	0	DESKTOP_PICKED_NOT_IN_ERP	Desktop picked here but ERP did not deduct this carton					
2026-09-03	MR-2026-04341	MAT-STE-2026-20678	302102	L009-OWSHEL-041E	CNWH65006	0	1	ERP_AUTO_PICKED_HERE	ERP deducted here but desktop did not pick this carton	51ks1gvepv				
2026-09-03	MR-2026-04341	MAT-STE-2026-20678	314534	L009-OWSHEL-006F	CNWH64315	0	1	ERP_AUTO_PICKED_HERE	ERP deducted here but desktop did not pick this carton	51t1ht7j1e				
2026-09-03	MR-2026-04341	MAT-STE-2026-20678	314534	L009-OWSHEL-027C	CNWH60469	1	0	DESKTOP_PICKED_NOT_IN_ERP	Desktop picked here but ERP did not deduct this carton					
2026-09-03	MR-2026-04341	MAT-STE-2026-20678	314535	L010-OWSHEL-006F	CNWH56517	1	0	DESKTOP_PICKED_NOT_IN_ERP	Desktop picked here but ERP did not deduct this carton					
2026-09-03	MR-2026-04341	MAT-STE-2026-20678	314535	L016-OWPALT-015B	CNWH61298	0	1	ERP_AUTO_PICKED_HERE	ERP deducted here but desktop did not pick this carton	5202qmslhr				
2026-09-03	MR-2026-04341	MAT-STE-2026-20678	314541	L009-OWSHEL-006F	CNWH64315	1	0	DESKTOP_PICKED_NOT_IN_ERP	Desktop picked here but ERP did not deduct this carton					
2026-09-03	MR-2026-04341	MAT-STE-2026-20678	314541	L009-OWSHEL-007F	CNWH62201	0	1	ERP_AUTO_PICKED_HERE	ERP deducted here but desktop did not pick this carton	529b4l5hvo				
2026-09-03	MR-2026-04341	MAT-STE-2026-20678	314546	L009-OWSHEL-006F	CNWH64315	1	0	DESKTOP_PICKED_NOT_IN_ERP	Desktop picked here but ERP did not deduct this carton					
2026-09-03	MR-2026-04341	MAT-STE-2026-20678	314546	L009-OWSHEL-009D	CNWH66449	0	1	ERP_AUTO_PICKED_HERE	ERP deducted here but desktop did not pick this carton	52eq19uv9k				
2026-09-03	MR-2026-04341	MAT-STE-2026-20678	314547	L009-OWSHEL-009D	CNWH66449	1	0	DESKTOP_PICKED_NOT_IN_ERP	Desktop picked here but ERP did not deduct this carton					
2026-09-03	MR-2026-04341	MAT-STE-2026-20678	314547	L009-OWSHEL-010C	CNWH66413	0	1	ERP_AUTO_PICKED_HERE	ERP deducted here but desktop did not pick this carton	52imntpdmc				
2026-09-03	MR-2026-04341	MAT-STE-2026-20678	314570	L009-OWSHEL-009D	CNWH66449	1	0	DESKTOP_PICKED_NOT_IN_ERP	Desktop picked here but ERP did not deduct this carton					
2026-09-03	MR-2026-04341	MAT-STE-2026-20678	314570	L009-OWSHEL-010C	CNWH66413	0	1	ERP_AUTO_PICKED_HERE	ERP deducted here but desktop did not pick this carton	52snb7qcht				
2026-09-03	MR-2026-04341	MAT-STE-2026-20678	314571	L009-OWSHEL-009D	CNWH66449	4	0	DESKTOP_PICKED_NOT_IN_ERP	Desktop picked here but ERP did not deduct this carton					
2026-09-03	MR-2026-04341	MAT-STE-2026-20678	314571	L009-OWSHEL-020E	CNWH64364	0	1	ERP_AUTO_PICKED_HERE	ERP deducted here but desktop did not pick this carton	52v7fjng1h				
2026-09-03	MR-2026-04341	MAT-STE-2026-20678	314571	L009-OWSHEL-037A	CNWH62624	0	2	ERP_AUTO_PICKED_HERE	ERP deducted here but desktop did not pick this carton	533naovtps				
2026-09-03	MR-2026-04341	MAT-STE-2026-20678	314571	L010-OWSHEL-044E	CNWH65115	0	1	ERP_AUTO_PICKED_HERE	ERP deducted here but desktop did not pick this carton	536fnl6vuh				
2026-09-03	MR-2026-04341	MAT-STE-2026-20678	314583	L009-OWSHEL-043F	CNWH64288	0	1	ERP_AUTO_PICKED_HERE	ERP deducted here but desktop did not pick this carton	53aarhnrnn				
2026-09-03	MR-2026-04341	MAT-STE-2026-20678	314583	L010-OWSHEL-044E	CNWH65115	1	0	DESKTOP_PICKED_NOT_IN_ERP	Desktop picked here but ERP did not deduct this carton					
2026-09-03	MR-2026-04341	MAT-STE-2026-20678	322295	L017-OWPALT-022C	CNWH59806	1	0	DESKTOP_PICKED_NOT_IN_ERP	Desktop picked here but ERP did not deduct this carton					
2026-09-03	MR-2026-04341	MAT-STE-2026-20678	322295	L017-OWPALT-030C	CNWH63656	0	1	ERP_AUTO_PICKED_HERE	ERP deducted here but desktop did not pick this carton	53d3h07igt				
2026-09-03	MR-2026-04341	MAT-STE-2026-20678	322334	L017-OWPALT-046C	CNWH59782	1	0	DESKTOP_PICKED_NOT_IN_ERP	Desktop picked here but ERP did not deduct this carton					
2026-09-03	MR-2026-04341	MAT-STE-2026-20678	322334	L017-OWPALT-046C	CNWH59803	0	1	ERP_AUTO_PICKED_HERE	ERP deducted here but desktop did not pick this carton	53mm57c4av				
2026-09-03	MR-2026-04341	MAT-STE-2026-20678	322347	L017-OWPALT-015B	CNWH59791	1	0	DESKTOP_PICKED_NOT_IN_ERP	Desktop picked here but ERP did not deduct this carton					
2026-09-03	MR-2026-04341	MAT-STE-2026-20678	322347	L017-OWPALT-054C	CNWH59784	0	1	ERP_AUTO_PICKED_HERE	ERP deducted here but desktop did not pick this carton	53pssq72lc				
2026-09-03	MR-2026-04351	MAT-STE-2026-20679	302024	L009-OWSHEL-043F	CNWH64363	1	0	DESKTOP_PICKED_NOT_IN_ERP	Desktop picked here but ERP did not deduct this carton					
2026-09-03	MR-2026-04351	MAT-STE-2026-20679	302024	L010-OWSHEL-044E	CNWH65115	0	1	ERP_AUTO_PICKED_HERE	ERP deducted here but desktop did not pick this carton	5cv0gq63j6				
2026-09-03	MR-2026-04351	MAT-STE-2026-20679	302101	L009-OWSHEL-041E	CNWH65006	0	1	ERP_AUTO_PICKED_HERE	ERP deducted here but desktop did not pick this carton	5d70ogopps				
2026-09-03	MR-2026-04351	MAT-STE-2026-20679	302101	L016-OWPALT-015B	CNWH61298	1	0	DESKTOP_PICKED_NOT_IN_ERP	Desktop picked here but ERP did not deduct this carton					
2026-09-03	MR-2026-04351	MAT-STE-2026-20679	314565	L009-OWSHEL-011B	CNWH66436	0	1	ERP_AUTO_PICKED_HERE	ERP deducted here but desktop did not pick this carton	5de7hqedqb				
2026-09-03	MR-2026-04351	MAT-STE-2026-20679	314565	L016-OWPALT-015B	CNWH61298	1	0	DESKTOP_PICKED_NOT_IN_ERP	Desktop picked here but ERP did not deduct this carton					
2026-09-03	MR-2026-04351	MAT-STE-2026-20679	314583	L009-OWSHEL-043F	CNWH64288	1	0	DESKTOP_PICKED_NOT_IN_ERP	Desktop picked here but ERP did not deduct this carton					
2026-09-03	MR-2026-04351	MAT-STE-2026-20679	314583	L010-OWSHEL-044E	CNWH65115	0	1	ERP_AUTO_PICKED_HERE	ERP deducted here but desktop did not pick this carton	5di56t16b2				
2026-09-03	MR-2026-04351	MAT-STE-2026-20679	322328	L017-OWPALT-015B	CNWH59791	0	1	ERP_AUTO_PICKED_HERE	ERP deducted here but desktop did not pick this carton	5dotp6i7lq				
2026-09-03	MR-2026-04351	MAT-STE-2026-20679	322328	L017-OWPALT-046C	CNWH59818	1	0	DESKTOP_PICKED_NOT_IN_ERP	Desktop picked here but ERP did not deduct this carton					
2026-09-03	MR-2026-04364	MAT-STE-2026-20680	302018	L016-OWPALT-015B	CNWH64938	0	1	ERP_AUTO_PICKED_HERE	ERP deducted here but desktop did not pick this carton	5muckvktln				
2026-09-03	MR-2026-04364	MAT-STE-2026-20680	302018	L016-OWPALT-015B	CNWH66168	1	0	DESKTOP_PICKED_NOT_IN_ERP	Desktop picked here but ERP did not deduct this carton					
2026-09-03	MR-2026-04364	MAT-STE-2026-20680	302053	L009-OWSHEL-012A	CNWH66420	1	0	DESKTOP_PICKED_NOT_IN_ERP	Desktop picked here but ERP did not deduct this carton					
2026-09-03	MR-2026-04364	MAT-STE-2026-20680	302053	L009-OWSHEL-027C	CNWH66782	1	3	QTY_MISMATCH	Desktop and ERP qty differ on same carton	5n85cmjnt5				
2026-09-03	MR-2026-04364	MAT-STE-2026-20680	302053	L009-OWSHEL-043F	CNWH53861	2	1	QTY_MISMATCH	Desktop and ERP qty differ on same carton	5n9qvqll1g				
2026-09-03	MR-2026-04364	MAT-STE-2026-20680	302083	L016-OWPALT-015B	CNWH64938	0	1	ERP_AUTO_PICKED_HERE	ERP deducted here but desktop did not pick this carton	5nco4oi2er				
2026-09-03	MR-2026-04364	MAT-STE-2026-20680	302083	L016-OWPALT-032A	CNWH66732	1	0	DESKTOP_PICKED_NOT_IN_ERP	Desktop picked here but ERP did not deduct this carton					
2026-09-03	MR-2026-04364	MAT-STE-2026-20680	302084	L009-OWSHEL-011B	CNWH66436	0	1	ERP_AUTO_PICKED_HERE	ERP deducted here but desktop did not pick this carton	5nfpjgkqqd				
2026-09-03	MR-2026-04364	MAT-STE-2026-20680	302084	L009-OWSHEL-027C	CNWH66782	2	1	QTY_MISMATCH	Desktop and ERP qty differ on same carton	5nh7lns555				
2026-09-03	MR-2026-04364	MAT-STE-2026-20680	314565	L009-OWSHEL-011B	CNWH66436	1	0	DESKTOP_PICKED_NOT_IN_ERP	Desktop picked here but ERP did not deduct this carton					
2026-09-03	MR-2026-04364	MAT-STE-2026-20680	314565	L009-OWSHEL-037A	CNWH62624	0	1	ERP_AUTO_PICKED_HERE	ERP deducted here but desktop did not pick this carton	5nr34oev9r				
2026-09-03	MR-2026-04364	MAT-STE-2026-20680	314583	L009-OWSHEL-043F	CNWH64288	0	1	ERP_AUTO_PICKED_HERE	ERP deducted here but desktop did not pick this carton	5ns157r3c3				
2026-09-03	MR-2026-04364	MAT-STE-2026-20680	314583	L010-OWSHEL-044E	CNWH65115	1	0	DESKTOP_PICKED_NOT_IN_ERP	Desktop picked here but ERP did not deduct this carton					
2026-09-03	MR-2026-04364	MAT-STE-2026-20680	322293	L017-OWPALT-046C	CNWH59804	1	0	DESKTOP_PICKED_NOT_IN_ERP	Desktop picked here but ERP did not deduct this carton					
2026-09-03	MR-2026-04364	MAT-STE-2026-20680	322293	L017-OWPALT-054C	CNWH62696	0	1	ERP_AUTO_PICKED_HERE	ERP deducted here but desktop did not pick this carton	5nv0aqdhvp				
2026-09-03	MR-2026-04364	MAT-STE-2026-20680	322336	L017-OWPALT-046C	CNWH59782	0	1	ERP_AUTO_PICKED_HERE	ERP deducted here but desktop did not pick this carton	5o1a8baiup				
2026-09-03	MR-2026-04364	MAT-STE-2026-20680	322336	L017-OWPALT-046C	CNWH59821	1	0	DESKTOP_PICKED_NOT_IN_ERP	Desktop picked here but ERP did not deduct this carton					
2026-09-03	MR-2026-04449	MAT-STE-2026-20687	301435	L009-OWSHEL-006F	CNWH64315	0	3	ERP_AUTO_PICKED_HERE	ERP deducted here but desktop did not pick this carton	s2ejj7atm9				
2026-09-03	MR-2026-04449	MAT-STE-2026-20687	301435	L009-OWSHEL-041E	CNWH54012	7	0	DESKTOP_PICKED_NOT_IN_ERP	Desktop picked here but ERP did not deduct this carton					
2026-09-03	MR-2026-04449	MAT-STE-2026-20687	301436	L009-OWSHEL-006F	CNWH64315	0	3	ERP_AUTO_PICKED_HERE	ERP deducted here but desktop did not pick this carton	s2hhusus62				
2026-09-03	MR-2026-04449	MAT-STE-2026-20687	301436	L009-OWSHEL-022C	CNWH66467	3	0	DESKTOP_PICKED_NOT_IN_ERP	Desktop picked here but ERP did not deduct this carton					
2026-09-03	MR-2026-04449	MAT-STE-2026-20687	301438	L009-OWSHEL-006F	CNWH64315	0	3	ERP_AUTO_PICKED_HERE	ERP deducted here but desktop did not pick this carton	s2nt1u963m				
2026-09-03	MR-2026-04449	MAT-STE-2026-20687	301438	L009-OWSHEL-022C	CNWH66467	3	0	DESKTOP_PICKED_NOT_IN_ERP	Desktop picked here but ERP did not deduct this carton					
2026-09-03	MR-2026-04449	MAT-STE-2026-20687	301441	L009-OWSHEL-007F	CNWH62201	0	3	ERP_AUTO_PICKED_HERE	ERP deducted here but desktop did not pick this carton	s31gj421ra				
2026-09-03	MR-2026-04449	MAT-STE-2026-20687	301441	L009-OWSHEL-015C	CNWH42314	3	0	DESKTOP_PICKED_NOT_IN_ERP	Desktop picked here but ERP did not deduct this carton					
2026-09-03	MR-2026-04449	MAT-STE-2026-20687	301442	L009-OWSHEL-007F	CNWH62201	0	3	ERP_AUTO_PICKED_HERE	ERP deducted here but desktop did not pick this carton	s351oka9r3				
2026-09-03	MR-2026-04449	MAT-STE-2026-20687	301442	L009-OWSHEL-015C	CNWH43211	2	0	DESKTOP_PICKED_NOT_IN_ERP	Desktop picked here but ERP did not deduct this carton					
2026-09-03	MR-2026-04449	MAT-STE-2026-20687	301442	L009-OWSHEL-022C	CNWH66471	1	0	DESKTOP_PICKED_NOT_IN_ERP	Desktop picked here but ERP did not deduct this carton					
2026-09-03	MR-2026-04449	MAT-STE-2026-20687	301443	L009-OWSHEL-007F	CNWH62507	0	3	ERP_AUTO_PICKED_HERE	ERP deducted here but desktop did not pick this carton	s38l5f8qq4				
2026-09-03	MR-2026-04449	MAT-STE-2026-20687	301443	L009-OWSHEL-015C	CNWH43211	2	0	DESKTOP_PICKED_NOT_IN_ERP	Desktop picked here but ERP did not deduct this carton					
2026-09-03	MR-2026-04449	MAT-STE-2026-20687	301443	L009-OWSHEL-022C	CNWH66471	1	0	DESKTOP_PICKED_NOT_IN_ERP	Desktop picked here but ERP did not deduct this carton					
2026-09-03	MR-2026-04449	MAT-STE-2026-20687	301444	L009-OWSHEL-007F	CNWH62507	0	2	ERP_AUTO_PICKED_HERE	ERP deducted here but desktop did not pick this carton	s3brhmli8e				
2026-09-03	MR-2026-04449	MAT-STE-2026-20687	301444	L009-OWSHEL-015C	CNWH43211	1	0	DESKTOP_PICKED_NOT_IN_ERP	Desktop picked here but ERP did not deduct this carton					
2026-09-03	MR-2026-04449	MAT-STE-2026-20687	301444	L009-OWSHEL-022C	CNWH66471	1	0	DESKTOP_PICKED_NOT_IN_ERP	Desktop picked here but ERP did not deduct this carton					
2026-09-03	MR-2026-04449	MAT-STE-2026-20687	301455	L009-OWSHEL-015C	CNWH43211	2	0	DESKTOP_PICKED_NOT_IN_ERP	Desktop picked here but ERP did not deduct this carton					
2026-09-03	MR-2026-04449	MAT-STE-2026-20687	301455	L009-OWSHEL-022C	CNWH66471	0	2	ERP_AUTO_PICKED_HERE	ERP deducted here but desktop did not pick this carton	s3miflvcet				
2026-09-03	MR-2026-04449	MAT-STE-2026-20687	301456	L009-OWSHEL-007F	CNWH62201	0	2	ERP_AUTO_PICKED_HERE	ERP deducted here but desktop did not pick this carton	s3prfq8efr				
2026-09-03	MR-2026-04449	MAT-STE-2026-20687	301456	L009-OWSHEL-015C	CNWH43211	2	0	DESKTOP_PICKED_NOT_IN_ERP	Desktop picked here but ERP did not deduct this carton					
2026-09-03	MR-2026-04449	MAT-STE-2026-20687	301466	L009-OWSHEL-016D	CNWH66434	0	2	ERP_AUTO_PICKED_HERE	ERP deducted here but desktop did not pick this carton	s3u5up8uh2				
2026-09-03	MR-2026-04449	MAT-STE-2026-20687	301466	L009-OWSHEL-035B	CNWH60202	2	0	DESKTOP_PICKED_NOT_IN_ERP	Desktop picked here but ERP did not deduct this carton					
2026-09-03	MR-2026-04449	MAT-STE-2026-20687	301467	L009-OWSHEL-016D	CNWH66434	0	2	ERP_AUTO_PICKED_HERE	ERP deducted here but desktop did not pick this carton	s4020ka9b6				
2026-09-03	MR-2026-04449	MAT-STE-2026-20687	301467	L009-OWSHEL-035B	CNWH60202	2	0	DESKTOP_PICKED_NOT_IN_ERP	Desktop picked here but ERP did not deduct this carton					
2026-09-03	MR-2026-04449	MAT-STE-2026-20687	301470	L009-OWSHEL-041E	CNWH62386	0	1	ERP_AUTO_PICKED_HERE	ERP deducted here but desktop did not pick this carton	s46md6u833				
2026-09-03	MR-2026-04449	MAT-STE-2026-20687	301470	L016-OWPALT-007B	CNWH54615	2	0	DESKTOP_PICKED_NOT_IN_ERP	Desktop picked here but ERP did not deduct this carton					
2026-09-03	MR-2026-04449	MAT-STE-2026-20687	301470	L016-OWPALT-015B	CNWH61298	0	1	ERP_AUTO_PICKED_HERE	ERP deducted here but desktop did not pick this carton	s48l2bul2g				
2026-09-03	MR-2026-04449	MAT-STE-2026-20687	301471	L009-OWSHEL-016D	CNWH66390	0	2	ERP_AUTO_PICKED_HERE	ERP deducted here but desktop did not pick this carton	s4a5975b35				
2026-09-03	MR-2026-04449	MAT-STE-2026-20687	301471	L009-OWSHEL-016D	CNWH66435	2	0	DESKTOP_PICKED_NOT_IN_ERP	Desktop picked here but ERP did not deduct this carton					
2026-09-03	MR-2026-04449	MAT-STE-2026-20687	301472	L009-OWSHEL-016D	CNWH66390	0	2	ERP_AUTO_PICKED_HERE	ERP deducted here but desktop did not pick this carton	s4elf8c1ds				
2026-09-03	MR-2026-04449	MAT-STE-2026-20687	301472	L009-OWSHEL-016D	CNWH66435	1	0	DESKTOP_PICKED_NOT_IN_ERP	Desktop picked here but ERP did not deduct this carton					
2026-09-03	MR-2026-04449	MAT-STE-2026-20687	301472	L009-OWSHEL-016D	CNWH66442	1	0	DESKTOP_PICKED_NOT_IN_ERP	Desktop picked here but ERP did not deduct this carton					
2026-09-03	MR-2026-04449	MAT-STE-2026-20687	301473	L009-OWSHEL-016D	CNWH66390	0	2	ERP_AUTO_PICKED_HERE	ERP deducted here but desktop did not pick this carton	s4gr0ts7fq				
2026-09-03	MR-2026-04449	MAT-STE-2026-20687	301473	L009-OWSHEL-016D	CNWH66435	2	0	DESKTOP_PICKED_NOT_IN_ERP	Desktop picked here but ERP did not deduct this carton					
2026-09-03	MR-2026-04449	MAT-STE-2026-20687	301474	L009-OWSHEL-016D	CNWH66390	0	2	ERP_AUTO_PICKED_HERE	ERP deducted here but desktop did not pick this carton	s4ikcm9t8a				
2026-09-03	MR-2026-04449	MAT-STE-2026-20687	301474	L009-OWSHEL-016D	CNWH66435	2	0	DESKTOP_PICKED_NOT_IN_ERP	Desktop picked here but ERP did not deduct this carton					
2026-09-03	MR-2026-04449	MAT-STE-2026-20687	301475	L009-OWSHEL-016D	CNWH66390	0	1	ERP_AUTO_PICKED_HERE	ERP deducted here but desktop did not pick this carton	s4mmngkiik				
2026-09-03	MR-2026-04449	MAT-STE-2026-20687	301475	L009-OWSHEL-016D	CNWH66434	0	1	ERP_AUTO_PICKED_HERE	ERP deducted here but desktop did not pick this carton	s4p1vj13ck				
2026-09-03	MR-2026-04449	MAT-STE-2026-20687	301475	L009-OWSHEL-016D	CNWH66435	2	0	DESKTOP_PICKED_NOT_IN_ERP	Desktop picked here but ERP did not deduct this carton					
2026-09-03	MR-2026-04449	MAT-STE-2026-20687	301477	L009-OWSHEL-016D	CNWH66390	0	1	ERP_AUTO_PICKED_HERE	ERP deducted here but desktop did not pick this carton	s4s2sr7d9v				
2026-09-03	MR-2026-04449	MAT-STE-2026-20687	301477	L009-OWSHEL-016D	CNWH66434	0	1	ERP_AUTO_PICKED_HERE	ERP deducted here but desktop did not pick this carton	s506spcm6p				
2026-09-03	MR-2026-04449	MAT-STE-2026-20687	301477	L009-OWSHEL-035B	CNWH60202	2	0	DESKTOP_PICKED_NOT_IN_ERP	Desktop picked here but ERP did not deduct this carton					
2026-09-03	MR-2026-04449	MAT-STE-2026-20687	301479	L009-OWSHEL-016D	CNWH66435	0	1	ERP_AUTO_PICKED_HERE	ERP deducted here but desktop did not pick this carton	s550eaq1fe				
2026-09-03	MR-2026-04449	MAT-STE-2026-20687	301479	L016-OWPALT-040A	CNWH64785	1	0	DESKTOP_PICKED_NOT_IN_ERP	Desktop picked here but ERP did not deduct this carton					
2026-09-03	MR-2026-04449	MAT-STE-2026-20687	301480	L009-OWSHEL-016D	CNWH66442	0	1	ERP_AUTO_PICKED_HERE	ERP deducted here but desktop did not pick this carton	s5bnpn0jvm				
2026-09-03	MR-2026-04449	MAT-STE-2026-20687	301480	L009-OWSHEL-044E	CNWH65019	2	1	QTY_MISMATCH	Desktop and ERP qty differ on same carton	s5dk20h8ju				
2026-09-03	MR-2026-04449	MAT-STE-2026-20687	301481	L009-OWSHEL-016D	CNWH66435	0	1	ERP_AUTO_PICKED_HERE	ERP deducted here but desktop did not pick this carton	s5g8lebvmn				
2026-09-03	MR-2026-04449	MAT-STE-2026-20687	301481	L009-OWSHEL-044E	CNWH64411	2	1	QTY_MISMATCH	Desktop and ERP qty differ on same carton	s5ipepau40				
2026-09-03	MR-2026-04449	MAT-STE-2026-20687	301496	L009-OWSHEL-015C	CNWH42314	2	0	DESKTOP_PICKED_NOT_IN_ERP	Desktop picked here but ERP did not deduct this carton					
2026-09-03	MR-2026-04449	MAT-STE-2026-20687	301496	L009-OWSHEL-022C	CNWH66431	0	2	ERP_AUTO_PICKED_HERE	ERP deducted here but desktop did not pick this carton	s5l458fr12				
2026-09-03	MR-2026-04449	MAT-STE-2026-20687	301501	L009-OWSHEL-015C	CNWH41108	1	0	DESKTOP_PICKED_NOT_IN_ERP	Desktop picked here but ERP did not deduct this carton					
2026-09-03	MR-2026-04449	MAT-STE-2026-20687	301501	L009-OWSHEL-015C	CNWH42314	1	0	DESKTOP_PICKED_NOT_IN_ERP	Desktop picked here but ERP did not deduct this carton					
2026-09-03	MR-2026-04449	MAT-STE-2026-20687	301501	L009-OWSHEL-020E	CNWH64921	0	1	ERP_AUTO_PICKED_HERE	ERP deducted here but desktop did not pick this carton	s5ui9hguok				
2026-09-03	MR-2026-04449	MAT-STE-2026-20687	301501	L009-OWSHEL-022C	CNWH66431	0	1	ERP_AUTO_PICKED_HERE	ERP deducted here but desktop did not pick this carton	s61fuk6vfk				
2026-09-03	MR-2026-04449	MAT-STE-2026-20687	301502	L009-OWSHEL-015C	CNWH41108	2	0	DESKTOP_PICKED_NOT_IN_ERP	Desktop picked here but ERP did not deduct this carton					
2026-09-03	MR-2026-04449	MAT-STE-2026-20687	301502	L009-OWSHEL-022C	CNWH66431	0	2	ERP_AUTO_PICKED_HERE	ERP deducted here but desktop did not pick this carton	s630p541qn				
2026-09-03	MR-2026-04449	MAT-STE-2026-20687	301503	L009-OWSHEL-015C	CNWH41108	1	0	DESKTOP_PICKED_NOT_IN_ERP	Desktop picked here but ERP did not deduct this carton					
2026-09-03	MR-2026-04449	MAT-STE-2026-20687	301503	L009-OWSHEL-022C	CNWH66431	1	2	QTY_MISMATCH	Desktop and ERP qty differ on same carton	s67ulov5ha				
2026-09-03	MR-2026-04449	MAT-STE-2026-20687	301504	L009-OWSHEL-015C	CNWH41108	2	0	DESKTOP_PICKED_NOT_IN_ERP	Desktop picked here but ERP did not deduct this carton					
2026-09-03	MR-2026-04449	MAT-STE-2026-20687	301504	L009-OWSHEL-022C	CNWH66431	0	2	ERP_AUTO_PICKED_HERE	ERP deducted here but desktop did not pick this carton	s6amhl5d6r				
2026-09-03	MR-2026-04449	MAT-STE-2026-20687	301507	L009-OWSHEL-015C	CNWH42314	2	1	QTY_MISMATCH	Desktop and ERP qty differ on same carton	s6h0tiht2b				
2026-09-03	MR-2026-04449	MAT-STE-2026-20687	301507	L009-OWSHEL-020E	CNWH64921	0	1	ERP_AUTO_PICKED_HERE	ERP deducted here but desktop did not pick this carton	s6f7jppqrc				
2026-09-03	MR-2026-04449	MAT-STE-2026-20687	301513	L009-OWSHEL-016D	CNWH66435	0	1	ERP_AUTO_PICKED_HERE	ERP deducted here but desktop did not pick this carton	s6lp4rdbfe				
2026-09-03	MR-2026-04449	MAT-STE-2026-20687	301513	L009-OWSHEL-016D	CNWH66442	1	0	DESKTOP_PICKED_NOT_IN_ERP	Desktop picked here but ERP did not deduct this carton					
2026-09-03	MR-2026-04449	MAT-STE-2026-20687	301514	L009-OWSHEL-007F	CNWH57834	2	0	DESKTOP_PICKED_NOT_IN_ERP	Desktop picked here but ERP did not deduct this carton					
2026-09-03	MR-2026-04449	MAT-STE-2026-20687	301514	L009-OWSHEL-016D	CNWH66435	0	1	ERP_AUTO_PICKED_HERE	ERP deducted here but desktop did not pick this carton	s6pltk154j				
2026-09-03	MR-2026-04449	MAT-STE-2026-20687	301514	L016-OWPALT-018B	CNWH60245	0	1	ERP_AUTO_PICKED_HERE	ERP deducted here but desktop did not pick this carton	s6t4t7vb85				
2026-09-03	MR-2026-04449	MAT-STE-2026-20687	301515	L009-OWSHEL-011B	CNWH66436	0	1	ERP_AUTO_PICKED_HERE	ERP deducted here but desktop did not pick this carton	s7188shd9n				
2026-09-03	MR-2026-04449	MAT-STE-2026-20687	301515	L016-OWPALT-040A	CNWH64785	1	0	DESKTOP_PICKED_NOT_IN_ERP	Desktop picked here but ERP did not deduct this carton					
2026-09-03	MR-2026-04449	MAT-STE-2026-20687	301516	L009-OWSHEL-007F	CNWH57834	1	0	DESKTOP_PICKED_NOT_IN_ERP	Desktop picked here but ERP did not deduct this carton					
2026-09-03	MR-2026-04449	MAT-STE-2026-20687	301516	L009-OWSHEL-016D	CNWH66435	0	1	ERP_AUTO_PICKED_HERE	ERP deducted here but desktop did not pick this carton	s78rkk9uii				
2026-09-03	MR-2026-04449	MAT-STE-2026-20687	301543	L009-OWSHEL-016D	CNWH66390	0	2	ERP_AUTO_PICKED_HERE	ERP deducted here but desktop did not pick this carton	s7m8jp3j0v				
2026-09-03	MR-2026-04449	MAT-STE-2026-20687	301543	L009-OWSHEL-016D	CNWH66442	2	0	DESKTOP_PICKED_NOT_IN_ERP	Desktop picked here but ERP did not deduct this carton					
2026-09-03	MR-2026-04449	MAT-STE-2026-20687	301544	L009-OWSHEL-016D	CNWH52980	2	0	DESKTOP_PICKED_NOT_IN_ERP	Desktop picked here but ERP did not deduct this carton					
2026-09-03	MR-2026-04449	MAT-STE-2026-20687	301544	L009-OWSHEL-016D	CNWH66442	0	2	ERP_AUTO_PICKED_HERE	ERP deducted here but desktop did not pick this carton	s7poefbsk9				
2026-09-03	MR-2026-04449	MAT-STE-2026-20687	301545	L009-OWSHEL-016D	CNWH52980	1	0	DESKTOP_PICKED_NOT_IN_ERP	Desktop picked here but ERP did not deduct this carton					
2026-09-03	MR-2026-04449	MAT-STE-2026-20687	301545	L009-OWSHEL-016D	CNWH66468	0	1	ERP_AUTO_PICKED_HERE	ERP deducted here but desktop did not pick this carton	s7s2n7uhe7				
2026-09-03	MR-2026-04449	MAT-STE-2026-20687	301545	L009-OWSHEL-044E	CNWH65019	0	1	ERP_AUTO_PICKED_HERE	ERP deducted here but desktop did not pick this carton	s7vsdf7jji				
2026-09-03	MR-2026-04449	MAT-STE-2026-20687	301545	L016-OWPALT-040A	CNWH64785	1	0	DESKTOP_PICKED_NOT_IN_ERP	Desktop picked here but ERP did not deduct this carton					
2026-09-03	MR-2026-04449	MAT-STE-2026-20687	301546	L009-OWSHEL-016D	CNWH52980	1	0	DESKTOP_PICKED_NOT_IN_ERP	Desktop picked here but ERP did not deduct this carton					
2026-09-03	MR-2026-04449	MAT-STE-2026-20687	301546	L009-OWSHEL-016D	CNWH66435	0	2	ERP_AUTO_PICKED_HERE	ERP deducted here but desktop did not pick this carton	s82hh5v0bh				
2026-09-03	MR-2026-04449	MAT-STE-2026-20687	301546	L009-OWSHEL-016D	CNWH66442	1	0	DESKTOP_PICKED_NOT_IN_ERP	Desktop picked here but ERP did not deduct this carton					
2026-09-03	MR-2026-04449	MAT-STE-2026-20687	301547	L009-OWSHEL-016D	CNWH52980	1	0	DESKTOP_PICKED_NOT_IN_ERP	Desktop picked here but ERP did not deduct this carton					
2026-09-03	MR-2026-04449	MAT-STE-2026-20687	301547	L009-OWSHEL-016D	CNWH66435	0	2	ERP_AUTO_PICKED_HERE	ERP deducted here but desktop did not pick this carton	s858cp2ai9				
2026-09-03	MR-2026-04449	MAT-STE-2026-20687	301547	L009-OWSHEL-016D	CNWH66468	1	0	DESKTOP_PICKED_NOT_IN_ERP	Desktop picked here but ERP did not deduct this carton					
2026-09-03	MR-2026-04449	MAT-STE-2026-20687	301549	L009-OWSHEL-002B	CNWH60613	0	2	ERP_AUTO_PICKED_HERE	ERP deducted here but desktop did not pick this carton	s8da9hr2dc				
2026-09-03	MR-2026-04449	MAT-STE-2026-20687	301549	L009-OWSHEL-016D	CNWH66442	2	0	DESKTOP_PICKED_NOT_IN_ERP	Desktop picked here but ERP did not deduct this carton					
2026-09-03	MR-2026-04449	MAT-STE-2026-20687	301550	L009-OWSHEL-002B	CNWH60613	0	2	ERP_AUTO_PICKED_HERE	ERP deducted here but desktop did not pick this carton	s8g5u9k578				
2026-09-03	MR-2026-04449	MAT-STE-2026-20687	301550	L009-OWSHEL-016D	CNWH66442	2	0	DESKTOP_PICKED_NOT_IN_ERP	Desktop picked here but ERP did not deduct this carton					
2026-09-03	MR-2026-04449	MAT-STE-2026-20687	301551	L009-OWSHEL-016D	CNWH66390	0	2	ERP_AUTO_PICKED_HERE	ERP deducted here but desktop did not pick this carton	s8jv3750p0				
2026-09-03	MR-2026-04449	MAT-STE-2026-20687	301551	L009-OWSHEL-016D	CNWH66442	2	0	DESKTOP_PICKED_NOT_IN_ERP	Desktop picked here but ERP did not deduct this carton					
2026-09-03	MR-2026-04449	MAT-STE-2026-20687	301552	L009-OWSHEL-002B	CNWH60613	0	2	ERP_AUTO_PICKED_HERE	ERP deducted here but desktop did not pick this carton	s8mci3pul3				
2026-09-03	MR-2026-04449	MAT-STE-2026-20687	301552	L009-OWSHEL-016D	CNWH66442	2	0	DESKTOP_PICKED_NOT_IN_ERP	Desktop picked here but ERP did not deduct this carton					
2026-09-03	MR-2026-04449	MAT-STE-2026-20687	301553	L009-OWSHEL-002B	CNWH60641	0	2	ERP_AUTO_PICKED_HERE	ERP deducted here but desktop did not pick this carton	s8r757uea3				
2026-09-03	MR-2026-04449	MAT-STE-2026-20687	301553	L009-OWSHEL-016D	CNWH66442	2	0	DESKTOP_PICKED_NOT_IN_ERP	Desktop picked here but ERP did not deduct this carton					
2026-09-03	MR-2026-04493	MAT-STE-2026-20690	330122	L016-OWPALT-007B	CNWH52445	0	1	ERP_AUTO_PICKED_HERE	ERP deducted here but desktop did not pick this carton	srp0mr9sib				
2026-09-03	MR-2026-04493	MAT-STE-2026-20690	330122	L016-OWPALT-018B	CNWH54206	1	0	DESKTOP_PICKED_NOT_IN_ERP	Desktop picked here but ERP did not deduct this carton					
2026-09-09	MR-2026-04663	MAT-STE-2026-21189	321992	B004-OWSHEL-026B	CNWH63746	0	1	ERP_AUTO_PICKED_HERE	ERP deducted here but desktop did not pick this carton	m7j62ephld				
2026-09-09	MR-2026-04663	MAT-STE-2026-21189	321992	B005-OWSHEL-002B	CNWH63960	1	0	DESKTOP_PICKED_NOT_IN_ERP	Desktop picked here but ERP did not deduct this carton					
2026-09-09	MR-2026-04663	MAT-STE-2026-21189	322059	B005-OWSHEL-002B	CNWH64187	1	0	DESKTOP_PICKED_NOT_IN_ERP	Desktop picked here but ERP did not deduct this carton					
2026-09-09	MR-2026-04663	MAT-STE-2026-21189	322059	B005-OWSHEL-002B	CNWH64208	0	1	ERP_AUTO_PICKED_HERE	ERP deducted here but desktop did not pick this carton	m7p2rphopb				
2026-09-09	MR-2026-04663	MAT-STE-2026-21189	322082	B002-OWSHEL-013A	CNWH63836	0	1	ERP_AUTO_PICKED_HERE	ERP deducted here but desktop did not pick this carton	m7s4njh6bk				
2026-09-09	MR-2026-04663	MAT-STE-2026-21189	322082	B004-OWSHEL-026B	CNWH64195	1	0	DESKTOP_PICKED_NOT_IN_ERP	Desktop picked here but ERP did not deduct this carton					
2026-09-09	MR-2026-04663	MAT-STE-2026-21189	322083	B002-OWSHEL-013A	CNWH63823	0	1	ERP_AUTO_PICKED_HERE	ERP deducted here but desktop did not pick this carton	m8083gf7fs				
2026-09-09	MR-2026-04663	MAT-STE-2026-21189	322083	B004-OWSHEL-026B	CNWH64195	1	0	DESKTOP_PICKED_NOT_IN_ERP	Desktop picked here but ERP did not deduct this carton					
2026-09-09	MR-2026-04666	MAT-STE-2026-21190	321988	B004-OWSHEL-001A	CNWH63776	0	2	ERP_AUTO_PICKED_HERE	ERP deducted here but desktop did not pick this carton	mei652j5d4				
2026-09-09	MR-2026-04666	MAT-STE-2026-21190	321988	B004-OWSHEL-001A	CNWH63777	0	1	ERP_AUTO_PICKED_HERE	ERP deducted here but desktop did not pick this carton	mekt9slo8p				
2026-09-09	MR-2026-04666	MAT-STE-2026-21190	321988	B004-OWSHEL-002B	CNWH63775	3	0	DESKTOP_PICKED_NOT_IN_ERP	Desktop picked here but ERP did not deduct this carton					
2026-09-09	MR-2026-04666	MAT-STE-2026-21190	321991	B004-OWSHEL-026B	CNWH64213	1	0	DESKTOP_PICKED_NOT_IN_ERP	Desktop picked here but ERP did not deduct this carton					
2026-09-09	MR-2026-04666	MAT-STE-2026-21190	321991	B005-OWSHEL-002B	CNWH63961	0	1	ERP_AUTO_PICKED_HERE	ERP deducted here but desktop did not pick this carton	meo13f4osr				
2026-09-09	MR-2026-04666	MAT-STE-2026-21190	322022	B004-OWSHEL-026B	CNWH63921	0	1	ERP_AUTO_PICKED_HERE	ERP deducted here but desktop did not pick this carton	merp72a5e5				
2026-09-09	MR-2026-04666	MAT-STE-2026-21190	322022	B004-OWSHEL-026B	CNWH64212	1	0	DESKTOP_PICKED_NOT_IN_ERP	Desktop picked here but ERP did not deduct this carton					
2026-09-09	MR-2026-04666	MAT-STE-2026-21190	322023	B004-OWSHEL-026B	CNWH63882	0	1	ERP_AUTO_PICKED_HERE	ERP deducted here but desktop did not pick this carton	meupghlt2q				
2026-09-09	MR-2026-04666	MAT-STE-2026-21190	322023	B004-OWSHEL-027C	CNWH64231	1	0	DESKTOP_PICKED_NOT_IN_ERP	Desktop picked here but ERP did not deduct this carton					
2026-09-09	MR-2026-04666	MAT-STE-2026-21190	322029	B004-OWSHEL-002B	CNWH63729	0	1	ERP_AUTO_PICKED_HERE	ERP deducted here but desktop did not pick this carton	mevbntn0gg				
2026-09-09	MR-2026-04666	MAT-STE-2026-21190	322029	B004-OWSHEL-002B	CNWH63781	1	0	DESKTOP_PICKED_NOT_IN_ERP	Desktop picked here but ERP did not deduct this carton					
2026-09-09	MR-2026-04666	MAT-STE-2026-21190	322058	B002-OWSHEL-001A	CNWH64164	1	0	DESKTOP_PICKED_NOT_IN_ERP	Desktop picked here but ERP did not deduct this carton					
2026-09-09	MR-2026-04666	MAT-STE-2026-21190	322058	B005-OWSHEL-036A	CNWH63949	0	1	ERP_AUTO_PICKED_HERE	ERP deducted here but desktop did not pick this carton	mf2cv2e6e8				
2026-09-09	MR-2026-04666	MAT-STE-2026-21190	322059	B002-OWSHEL-001A	CNWH64164	2	0	DESKTOP_PICKED_NOT_IN_ERP	Desktop picked here but ERP did not deduct this carton					
2026-09-09	MR-2026-04666	MAT-STE-2026-21190	322059	B005-OWSHEL-036A	CNWH63949	0	2	ERP_AUTO_PICKED_HERE	ERP deducted here but desktop did not pick this carton	mf572lsfj4				
2026-09-09	MR-2026-04666	MAT-STE-2026-21190	322070	B003-OWSHEL-025A	CNWH63999	2	0	DESKTOP_PICKED_NOT_IN_ERP	Desktop picked here but ERP did not deduct this carton					
2026-09-09	MR-2026-04666	MAT-STE-2026-21190	322070	B004-OWSHEL-002B	CNWH63729	0	1	ERP_AUTO_PICKED_HERE	ERP deducted here but desktop did not pick this carton	mf8rmvb5eu				
2026-09-09	MR-2026-04666	MAT-STE-2026-21190	322070	B004-OWSHEL-002B	CNWH63731	0	1	ERP_AUTO_PICKED_HERE	ERP deducted here but desktop did not pick this carton	mfafksq4f8				
2026-09-09	MR-2026-04666	MAT-STE-2026-21190	322083	B002-OWSHEL-013A	CNWH63819	2	0	DESKTOP_PICKED_NOT_IN_ERP	Desktop picked here but ERP did not deduct this carton					
2026-09-09	MR-2026-04666	MAT-STE-2026-21190	322083	B002-OWSHEL-013A	CNWH63824	0	2	ERP_AUTO_PICKED_HERE	ERP deducted here but desktop did not pick this carton	mfdkuv4k2v				
2026-09-09	MR-2026-04675	MAT-STE-2026-21191	247788	L001-OWPALT-049A	CNWH67877	0	1	ERP_AUTO_PICKED_HERE	ERP deducted here but desktop did not pick this carton	jc2cf2eb53				
2026-09-09	MR-2026-04675	MAT-STE-2026-21191	247788	L001-OWPALT-071B	CNWH27072	1	0	DESKTOP_PICKED_NOT_IN_ERP	Desktop picked here but ERP did not deduct this carton					
2026-09-09	MR-2026-04675	MAT-STE-2026-21191	256097	L001-OWPALT-032A	CNWH69711	0	1	ERP_AUTO_PICKED_HERE	ERP deducted here but desktop did not pick this carton	jc3cae3gik				
2026-09-09	MR-2026-04675	MAT-STE-2026-21191	256097	L001-OWPALT-056A	CNWH15350	1	0	DESKTOP_PICKED_NOT_IN_ERP	Desktop picked here but ERP did not deduct this carton					
2026-09-09	MR-2026-04675	MAT-STE-2026-21191	306412	L001-OWPALT-032A	CNWH69711	0	1	ERP_AUTO_PICKED_HERE	ERP deducted here but desktop did not pick this carton	jc4016groe				
2026-09-09	MR-2026-04675	MAT-STE-2026-21191	306412	L001-OWPALT-064A	CNWH42238	1	0	DESKTOP_PICKED_NOT_IN_ERP	Desktop picked here but ERP did not deduct this carton					
2026-09-09	MR-2026-04675	MAT-STE-2026-21191	312595	L001-OWPALT-032A	CNWH69723	0	1	ERP_AUTO_PICKED_HERE	ERP deducted here but desktop did not pick this carton	jc7csssl36				
2026-09-09	MR-2026-04675	MAT-STE-2026-21191	312595	L001-OWPALT-065A	CNWH55406	1	0	DESKTOP_PICKED_NOT_IN_ERP	Desktop picked here but ERP did not deduct this carton					
2026-09-09	MR-2026-04675	MAT-STE-2026-21191	320125	L001-OWPALT-032A	CNWH69711	0	1	ERP_AUTO_PICKED_HERE	ERP deducted here but desktop did not pick this carton	jc8l5hese3				
2026-09-09	MR-2026-04675	MAT-STE-2026-21191	320125	L001-OWPALT-032A	CNWH69723	0	2	ERP_AUTO_PICKED_HERE	ERP deducted here but desktop did not pick this carton	jc9gkbl03u				
2026-09-09	MR-2026-04675	MAT-STE-2026-21191	320125	L001-OWPALT-049A	CNWH63547	0	1	ERP_AUTO_PICKED_HERE	ERP deducted here but desktop did not pick this carton	jc91s4ihgk				
2026-09-09	MR-2026-04675	MAT-STE-2026-21191	320125	L001-OWPALT-057A	CNWH64587	4	0	DESKTOP_PICKED_NOT_IN_ERP	Desktop picked here but ERP did not deduct this carton					
2026-09-09	MR-2026-04675	MAT-STE-2026-21191	320126	L001-OWPALT-032A	CNWH69711	0	1	ERP_AUTO_PICKED_HERE	ERP deducted here but desktop did not pick this carton	jcaiejqnrp				
2026-09-09	MR-2026-04675	MAT-STE-2026-21191	320126	L001-OWPALT-080A	CNWH64533	1	0	DESKTOP_PICKED_NOT_IN_ERP	Desktop picked here but ERP did not deduct this carton					
2026-09-09	MR-2026-04675	MAT-STE-2026-21191	320127	L001-OWPALT-032A	CNWH69711	0	1	ERP_AUTO_PICKED_HERE	ERP deducted here but desktop did not pick this carton	jcce0n22fu				
2026-09-09	MR-2026-04675	MAT-STE-2026-21191	320127	L001-OWPALT-032A	CNWH69723	0	1	ERP_AUTO_PICKED_HERE	ERP deducted here but desktop did not pick this carton	jcdrvi240u				
2026-09-09	MR-2026-04675	MAT-STE-2026-21191	320127	L001-OWPALT-065A	CNWH63569	2	0	DESKTOP_PICKED_NOT_IN_ERP	Desktop picked here but ERP did not deduct this carton					
2026-09-09	MR-2026-04675	MAT-STE-2026-21191	320130	L001-OWPALT-057A	CNWH50788	0	1	ERP_AUTO_PICKED_HERE	ERP deducted here but desktop did not pick this carton	jce9t65g3l				
2026-09-09	MR-2026-04675	MAT-STE-2026-21191	320130	L001-OWPALT-079B	CNWH63616	1	0	DESKTOP_PICKED_NOT_IN_ERP	Desktop picked here but ERP did not deduct this carton					
2026-09-09	MR-2026-04675	MAT-STE-2026-21191	324250	L001-OWPALT-017A	CNWH63329	0	1	ERP_AUTO_PICKED_HERE	ERP deducted here but desktop did not pick this carton	jcgb7m11ej				
2026-09-09	MR-2026-04675	MAT-STE-2026-21191	324250	L006-OWPALT-056A	CNWH63395	1	0	DESKTOP_PICKED_NOT_IN_ERP	Desktop picked here but ERP did not deduct this carton					
2026-09-09	MR-2026-04678	MAT-STE-2026-21192	247785	L001-OWPALT-057A	CNWH50788	0	2	ERP_AUTO_PICKED_HERE	ERP deducted here but desktop did not pick this carton	ljtc8v8968				
2026-09-09	MR-2026-04678	MAT-STE-2026-21192	247785	L001-OWPALT-069D	CNWH67876	0	1	ERP_AUTO_PICKED_HERE	ERP deducted here but desktop did not pick this carton	lju8dhv59g				
2026-09-09	MR-2026-04678	MAT-STE-2026-21192	247785	L001-OWPALT-077D	CNWH15442	3	0	DESKTOP_PICKED_NOT_IN_ERP	Desktop picked here but ERP did not deduct this carton					
2026-09-09	MR-2026-04678	MAT-STE-2026-21192	279306	L001-OWPALT-032A	CNWH69711	0	1	ERP_AUTO_PICKED_HERE	ERP deducted here but desktop did not pick this carton	lk2fjsk15q				
2026-09-09	MR-2026-04678	MAT-STE-2026-21192	279306	L001-OWPALT-076D	CNWH63578	1	0	DESKTOP_PICKED_NOT_IN_ERP	Desktop picked here but ERP did not deduct this carton					
2026-09-09	MR-2026-04678	MAT-STE-2026-21192	306417	L001-OWPALT-032A	CNWH69723	1	0	DESKTOP_PICKED_NOT_IN_ERP	Desktop picked here but ERP did not deduct this carton					
2026-09-09	MR-2026-04678	MAT-STE-2026-21192	306417	L001-OWPALT-057A	CNWH50788	0	1	ERP_AUTO_PICKED_HERE	ERP deducted here but desktop did not pick this carton	lk3740tttf				
2026-09-09	MR-2026-04678	MAT-STE-2026-21192	320123	L001-OWPALT-032A	CNWH69711	0	1	ERP_AUTO_PICKED_HERE	ERP deducted here but desktop did not pick this carton	lk4nl1op3j				
2026-09-09	MR-2026-04678	MAT-STE-2026-21192	320123	L001-OWPALT-048A	CNWH64517	1	0	DESKTOP_PICKED_NOT_IN_ERP	Desktop picked here but ERP did not deduct this carton					
2026-09-09	MR-2026-04678	MAT-STE-2026-21192	320124	L001-OWPALT-057A	CNWH50788	0	1	ERP_AUTO_PICKED_HERE	ERP deducted here but desktop did not pick this carton	lk5s5hh96b				
2026-09-09	MR-2026-04678	MAT-STE-2026-21192	320124	L001-OWPALT-064A	CNWH64575	1	0	DESKTOP_PICKED_NOT_IN_ERP	Desktop picked here but ERP did not deduct this carton					
2026-09-09	MR-2026-04678	MAT-STE-2026-21192	320125	L001-OWPALT-049A	CNWH67848	0	2	ERP_AUTO_PICKED_HERE	ERP deducted here but desktop did not pick this carton	lk7n1r0ctl				
2026-09-09	MR-2026-04678	MAT-STE-2026-21192	320125	L001-OWPALT-057A	CNWH50788	0	2	ERP_AUTO_PICKED_HERE	ERP deducted here but desktop did not pick this carton	lk7nbnb0ho				
2026-09-09	MR-2026-04678	MAT-STE-2026-21192	320125	L001-OWPALT-064A	CNWH64586	4	0	DESKTOP_PICKED_NOT_IN_ERP	Desktop picked here but ERP did not deduct this carton					
2026-09-09	MR-2026-04678	MAT-STE-2026-21192	320126	L001-OWPALT-040A	CNWH64540	0	4	ERP_AUTO_PICKED_HERE	ERP deducted here but desktop did not pick this carton	lk96g1q5tv				
2026-09-09	MR-2026-04678	MAT-STE-2026-21192	320126	L001-OWPALT-080A	CNWH64533	4	0	DESKTOP_PICKED_NOT_IN_ERP	Desktop picked here but ERP did not deduct this carton					
2026-09-09	MR-2026-04678	MAT-STE-2026-21192	320127	L001-OWPALT-048A	CNWH53203	0	4	ERP_AUTO_PICKED_HERE	ERP deducted here but desktop did not pick this carton	lkbf2jsnp1				
2026-09-09	MR-2026-04678	MAT-STE-2026-21192	320127	L001-OWPALT-065A	CNWH63569	4	0	DESKTOP_PICKED_NOT_IN_ERP	Desktop picked here but ERP did not deduct this carton					
2026-09-09	MR-2026-04678	MAT-STE-2026-21192	320129	L001-OWPALT-040A	CNWH63609	0	6	ERP_AUTO_PICKED_HERE	ERP deducted here but desktop did not pick this carton	lkb8bul0f2				
2026-09-09	MR-2026-04678	MAT-STE-2026-21192	320129	L001-OWPALT-079B	CNWH63614	6	0	DESKTOP_PICKED_NOT_IN_ERP	Desktop picked here but ERP did not deduct this carton					
2026-09-09	MR-2026-04678	MAT-STE-2026-21192	322769	L001-OWPALT-017A	CNWH60021	0	1	ERP_AUTO_PICKED_HERE	ERP deducted here but desktop did not pick this carton	lkekce8d29				
2026-09-09	MR-2026-04678	MAT-STE-2026-21192	322769	L001-OWPALT-024A	CNWH60022	0	1	ERP_AUTO_PICKED_HERE	ERP deducted here but desktop did not pick this carton	lken6kce1h				
2026-09-09	MR-2026-04678	MAT-STE-2026-21192	322769	L001-OWPALT-024A	CNWH60027	0	1	ERP_AUTO_PICKED_HERE	ERP deducted here but desktop did not pick this carton	lkfms6mjhv				
2026-09-09	MR-2026-04678	MAT-STE-2026-21192	322769	L006-OWPALT-039B	CNWH59589	1	0	DESKTOP_PICKED_NOT_IN_ERP	Desktop picked here but ERP did not deduct this carton					
2026-09-09	MR-2026-04678	MAT-STE-2026-21192	322769	L006-OWPALT-039B	CNWH59591	1	0	DESKTOP_PICKED_NOT_IN_ERP	Desktop picked here but ERP did not deduct this carton					
2026-09-09	MR-2026-04678	MAT-STE-2026-21192	322769	L006-OWPALT-039B	CNWH59592	1	0	DESKTOP_PICKED_NOT_IN_ERP	Desktop picked here but ERP did not deduct this carton					
2026-09-09	MR-2026-04678	MAT-STE-2026-21192	324250	L001-OWPALT-017A	CNWH63370	0	1	ERP_AUTO_PICKED_HERE	ERP deducted here but desktop did not pick this carton	lkgrcf4cva				
2026-09-09	MR-2026-04678	MAT-STE-2026-21192	324250	L006-OWPALT-026B	CNWH63402	1	0	DESKTOP_PICKED_NOT_IN_ERP	Desktop picked here but ERP did not deduct this carton					
2026-09-10	MR-2026-04656	MAT-STE-2026-21247	321985	B004-OWSHEL-001A	CNWH63773	1	0	DESKTOP_PICKED_NOT_IN_ERP	Desktop picked here but ERP did not deduct this carton					
2026-09-10	MR-2026-04656	MAT-STE-2026-21247	321985	B004-OWSHEL-002B	CNWH64002	0	1	ERP_AUTO_PICKED_HERE	ERP deducted here but desktop did not pick this carton	qsg37jjlr0				
2026-09-10	MR-2026-04656	MAT-STE-2026-21247	321986	B003-OWSHEL-025A	CNWH63982	0	2	ERP_AUTO_PICKED_HERE	ERP deducted here but desktop did not pick this carton	qskamptff8				
2026-09-10	MR-2026-04656	MAT-STE-2026-21247	321986	B003-OWSHEL-026B	CNWH60706	2	0	DESKTOP_PICKED_NOT_IN_ERP	Desktop picked here but ERP did not deduct this carton					
2026-09-10	MR-2026-04656	MAT-STE-2026-21247	321988	B004-OWSHEL-001A	CNWH63778	1	0	DESKTOP_PICKED_NOT_IN_ERP	Desktop picked here but ERP did not deduct this carton					
2026-09-10	MR-2026-04656	MAT-STE-2026-21247	321988	B004-OWSHEL-001A	CNWH63780	0	1	ERP_AUTO_PICKED_HERE	ERP deducted here but desktop did not pick this carton	qsomr2rpig				
2026-09-10	MR-2026-04656	MAT-STE-2026-21247	322047	B004-OWSHEL-026B	CNWH64233	1	0	DESKTOP_PICKED_NOT_IN_ERP	Desktop picked here but ERP did not deduct this carton					
2026-09-10	MR-2026-04656	MAT-STE-2026-21247	322047	B005-OWSHEL-036A	CNWH64234	0	1	ERP_AUTO_PICKED_HERE	ERP deducted here but desktop did not pick this carton	qsrab0j8vl				
2026-09-10	MR-2026-04656	MAT-STE-2026-21247	322071	B004-OWSHEL-002B	CNWH63998	2	0	DESKTOP_PICKED_NOT_IN_ERP	Desktop picked here but ERP did not deduct this carton					
2026-09-10	MR-2026-04656	MAT-STE-2026-21247	322071	B004-OWSHEL-027C	CNWH63881	0	2	ERP_AUTO_PICKED_HERE	ERP deducted here but desktop did not pick this carton	qstv8dpkso				
2026-09-10	MR-2026-04656	MAT-STE-2026-21247	322082	B002-OWSHEL-014B	CNWH63820	0	1	ERP_AUTO_PICKED_HERE	ERP deducted here but desktop did not pick this carton	qt06dlv3di				
2026-09-10	MR-2026-04656	MAT-STE-2026-21247	322082	B004-OWSHEL-026B	CNWH64193	1	0	DESKTOP_PICKED_NOT_IN_ERP	Desktop picked here but ERP did not deduct this carton					
2026-09-10	MR-2026-04657	MAT-STE-2026-21246	321992	B005-OWSHEL-002B	CNWH63950	0	2	ERP_AUTO_PICKED_HERE	ERP deducted here but desktop did not pick this carton	qivrl3ou4f				
2026-09-10	MR-2026-04657	MAT-STE-2026-21246	321992	B005-OWSHEL-036A	CNWH63956	2	0	DESKTOP_PICKED_NOT_IN_ERP	Desktop picked here but ERP did not deduct this carton					
2026-09-10	MR-2026-04657	MAT-STE-2026-21246	321993	B005-OWSHEL-036A	CNWH63956	1	0	DESKTOP_PICKED_NOT_IN_ERP	Desktop picked here but ERP did not deduct this carton					
2026-09-10	MR-2026-04657	MAT-STE-2026-21246	321993	B005-OWSHEL-036A	CNWH64234	0	1	ERP_AUTO_PICKED_HERE	ERP deducted here but desktop did not pick this carton	qj3q5nrv5m				
2026-09-10	MR-2026-04657	MAT-STE-2026-21246	321994	B005-OWSHEL-002B	CNWH63961	1	0	DESKTOP_PICKED_NOT_IN_ERP	Desktop picked here but ERP did not deduct this carton					
2026-09-10	MR-2026-04657	MAT-STE-2026-21246	321994	B005-OWSHEL-002B	CNWH64187	0	1	ERP_AUTO_PICKED_HERE	ERP deducted here but desktop did not pick this carton	qj59ep5mgc				
2026-09-10	MR-2026-04657	MAT-STE-2026-21246	322023	B004-OWSHEL-025A	CNWH64227	1	0	DESKTOP_PICKED_NOT_IN_ERP	Desktop picked here but ERP did not deduct this carton					
2026-09-10	MR-2026-04657	MAT-STE-2026-21246	322023	B004-OWSHEL-027C	CNWH63874	0	3	ERP_AUTO_PICKED_HERE	ERP deducted here but desktop did not pick this carton	qjdc15hta5				
2026-09-10	MR-2026-04657	MAT-STE-2026-21246	322023	B004-OWSHEL-027C	CNWH63881	0	1	ERP_AUTO_PICKED_HERE	ERP deducted here but desktop did not pick this carton	qjesr7an3s				
2026-09-10	MR-2026-04657	MAT-STE-2026-21246	322023	B005-OWSHEL-002B	CNWH63893	3	0	DESKTOP_PICKED_NOT_IN_ERP	Desktop picked here but ERP did not deduct this carton					
2026-09-10	MR-2026-04657	MAT-STE-2026-21246	322027	B004-OWSHEL-002B	CNWH63729	1	0	DESKTOP_PICKED_NOT_IN_ERP	Desktop picked here but ERP did not deduct this carton					
2026-09-10	MR-2026-04657	MAT-STE-2026-21246	322027	B004-OWSHEL-002B	CNWH63880	0	1	ERP_AUTO_PICKED_HERE	ERP deducted here but desktop did not pick this carton	qjjf0l0em1				
2026-09-10	MR-2026-04657	MAT-STE-2026-21246	322028	B004-OWSHEL-002B	CNWH63729	0	2	ERP_AUTO_PICKED_HERE	ERP deducted here but desktop did not pick this carton	qjlpbfueej				
2026-09-10	MR-2026-04657	MAT-STE-2026-21246	322028	B004-OWSHEL-002B	CNWH63731	2	0	DESKTOP_PICKED_NOT_IN_ERP	Desktop picked here but ERP did not deduct this carton					
2026-09-10	MR-2026-04657	MAT-STE-2026-21246	322039	B004-OWSHEL-025A	CNWH63738	0	1	ERP_AUTO_PICKED_HERE	ERP deducted here but desktop did not pick this carton	qjoshdvl4u				
2026-09-10	MR-2026-04657	MAT-STE-2026-21246	322039	B004-OWSHEL-025A	CNWH63753	2	0	DESKTOP_PICKED_NOT_IN_ERP	Desktop picked here but ERP did not deduct this carton					
2026-09-10	MR-2026-04657	MAT-STE-2026-21246	322039	B004-OWSHEL-025A	CNWH64194	0	1	ERP_AUTO_PICKED_HERE	ERP deducted here but desktop did not pick this carton	qjn6i71otd				
2026-09-10	MR-2026-04657	MAT-STE-2026-21246	322059	B002-OWSHEL-001A	CNWH64063	0	1	ERP_AUTO_PICKED_HERE	ERP deducted here but desktop did not pick this carton	qjrjub5t3j				
2026-09-10	MR-2026-04657	MAT-STE-2026-21246	322059	B002-OWSHEL-001A	CNWH64164	1	0	DESKTOP_PICKED_NOT_IN_ERP	Desktop picked here but ERP did not deduct this carton					
2026-09-10	MR-2026-04657	MAT-STE-2026-21246	322081	B003-OWSHEL-001A	CNWH63826	1	0	DESKTOP_PICKED_NOT_IN_ERP	Desktop picked here but ERP did not deduct this carton					
2026-09-10	MR-2026-04657	MAT-STE-2026-21246	322081	B004-OWSHEL-026B	CNWH64193	0	1	ERP_AUTO_PICKED_HERE	ERP deducted here but desktop did not pick this carton	qjtkg10v6h				
2026-09-10	MR-2026-04658	MAT-STE-2026-21245	321981	B002-OWSHEL-014B	CNWH63805	1	0	DESKTOP_PICKED_NOT_IN_ERP	Desktop picked here but ERP did not deduct this carton					
2026-09-10	MR-2026-04658	MAT-STE-2026-21245	321981	B004-OWSHEL-002B	CNWH63880	0	1	ERP_AUTO_PICKED_HERE	ERP deducted here but desktop did not pick this carton	qb0c0u9vkv				
2026-09-10	MR-2026-04658	MAT-STE-2026-21245	321986	B003-OWSHEL-025A	CNWH63789	0	1	ERP_AUTO_PICKED_HERE	ERP deducted here but desktop did not pick this carton	qb53ckknfd				
2026-09-10	MR-2026-04658	MAT-STE-2026-21245	321986	B004-OWSHEL-001A	CNWH63780	1	0	DESKTOP_PICKED_NOT_IN_ERP	Desktop picked here but ERP did not deduct this carton					
2026-09-10	MR-2026-04658	MAT-STE-2026-21245	321987	B003-OWSHEL-025A	CNWH63772	0	1	ERP_AUTO_PICKED_HERE	ERP deducted here but desktop did not pick this carton	qb8o3vkh5t				
2026-09-10	MR-2026-04658	MAT-STE-2026-21245	321987	B004-OWSHEL-001A	CNWH63780	1	0	DESKTOP_PICKED_NOT_IN_ERP	Desktop picked here but ERP did not deduct this carton					
2026-09-10	MR-2026-04658	MAT-STE-2026-21245	321988	B004-OWSHEL-001A	CNWH63776	2	0	DESKTOP_PICKED_NOT_IN_ERP	Desktop picked here but ERP did not deduct this carton					
2026-09-10	MR-2026-04658	MAT-STE-2026-21245	321988	B004-OWSHEL-001A	CNWH63778	1	2	QTY_MISMATCH	Desktop and ERP qty differ on same carton	qbbrffv59c				
2026-09-10	MR-2026-04658	MAT-STE-2026-21245	321988	B004-OWSHEL-001A	CNWH63779	0	1	ERP_AUTO_PICKED_HERE	ERP deducted here but desktop did not pick this carton	qbdrvtgsq1				
2026-09-10	MR-2026-04658	MAT-STE-2026-21245	321991	B005-OWSHEL-002B	CNWH63961	1	0	DESKTOP_PICKED_NOT_IN_ERP	Desktop picked here but ERP did not deduct this carton					
2026-09-10	MR-2026-04658	MAT-STE-2026-21245	321991	B005-OWSHEL-036A	CNWH63956	0	1	ERP_AUTO_PICKED_HERE	ERP deducted here but desktop did not pick this carton	qbgm9ts6gi				
2026-09-10	MR-2026-04658	MAT-STE-2026-21245	321993	B005-OWSHEL-036A	CNWH63949	1	0	DESKTOP_PICKED_NOT_IN_ERP	Desktop picked here but ERP did not deduct this carton					
2026-09-10	MR-2026-04658	MAT-STE-2026-21245	321993	B005-OWSHEL-036A	CNWH63956	0	1	ERP_AUTO_PICKED_HERE	ERP deducted here but desktop did not pick this carton	qbjtmp3r09				
2026-09-10	MR-2026-04658	MAT-STE-2026-21245	321994	B005-OWSHEL-002B	CNWH63961	1	0	DESKTOP_PICKED_NOT_IN_ERP	Desktop picked here but ERP did not deduct this carton					
2026-09-10	MR-2026-04658	MAT-STE-2026-21245	321994	B005-OWSHEL-002B	CNWH64064	0	1	ERP_AUTO_PICKED_HERE	ERP deducted here but desktop did not pick this carton	qblioi0ukl				
2026-09-10	MR-2026-04658	MAT-STE-2026-21245	322022	B004-OWSHEL-026B	CNWH63882	1	0	DESKTOP_PICKED_NOT_IN_ERP	Desktop picked here but ERP did not deduct this carton					
2026-09-10	MR-2026-04658	MAT-STE-2026-21245	322022	B004-OWSHEL-026B	CNWH64203	1	0	DESKTOP_PICKED_NOT_IN_ERP	Desktop picked here but ERP did not deduct this carton					
2026-09-10	MR-2026-04658	MAT-STE-2026-21245	322022	B004-OWSHEL-026B	CNWH64233	3	5	QTY_MISMATCH	Desktop and ERP qty differ on same carton	qbntfe5r10				
2026-09-10	MR-2026-04658	MAT-STE-2026-21245	322023	B004-OWSHEL-026B	CNWH64213	1	0	DESKTOP_PICKED_NOT_IN_ERP	Desktop picked here but ERP did not deduct this carton					
2026-09-10	MR-2026-04658	MAT-STE-2026-21245	322023	B004-OWSHEL-026B	CNWH64233	0	1	ERP_AUTO_PICKED_HERE	ERP deducted here but desktop did not pick this carton	qbpqfd5221				
2026-09-10	MR-2026-04658	MAT-STE-2026-21245	322029	B004-OWSHEL-002B	CNWH63781	1	0	DESKTOP_PICKED_NOT_IN_ERP	Desktop picked here but ERP did not deduct this carton					
2026-09-10	MR-2026-04658	MAT-STE-2026-21245	322029	B004-OWSHEL-026B	CNWH64203	0	1	ERP_AUTO_PICKED_HERE	ERP deducted here but desktop did not pick this carton	qbqpv2389a				
2026-09-10	MR-2026-04658	MAT-STE-2026-21245	322040	B003-OWSHEL-025A	CNWH63735	0	2	ERP_AUTO_PICKED_HERE	ERP deducted here but desktop did not pick this carton	qbt0i1hgeu				
2026-09-10	MR-2026-04658	MAT-STE-2026-21245	322040	B003-OWSHEL-025A	CNWH63783	2	0	DESKTOP_PICKED_NOT_IN_ERP	Desktop picked here but ERP did not deduct this carton					
2026-09-10	MR-2026-04658	MAT-STE-2026-21245	322041	B003-OWSHEL-025A	CNWH63740	0	1	ERP_AUTO_PICKED_HERE	ERP deducted here but desktop did not pick this carton	qc0nt28fs9				
2026-09-10	MR-2026-04658	MAT-STE-2026-21245	322041	B003-OWSHEL-025A	CNWH63783	1	0	DESKTOP_PICKED_NOT_IN_ERP	Desktop picked here but ERP did not deduct this carton					
2026-09-10	MR-2026-04658	MAT-STE-2026-21245	322042	B003-OWSHEL-025A	CNWH63735	1	0	DESKTOP_PICKED_NOT_IN_ERP	Desktop picked here but ERP did not deduct this carton					
2026-09-10	MR-2026-04658	MAT-STE-2026-21245	322042	B003-OWSHEL-025A	CNWH63783	2	0	DESKTOP_PICKED_NOT_IN_ERP	Desktop picked here but ERP did not deduct this carton					
2026-09-10	MR-2026-04658	MAT-STE-2026-21245	322042	B003-OWSHEL-026B	CNWH60706	0	2	ERP_AUTO_PICKED_HERE	ERP deducted here but desktop did not pick this carton	qc4doq0o3r				
2026-09-10	MR-2026-04658	MAT-STE-2026-21245	322042	B004-OWSHEL-025A	CNWH63738	1	2	QTY_MISMATCH	Desktop and ERP qty differ on same carton	qc73bhon8j				
2026-09-10	MR-2026-04658	MAT-STE-2026-21245	322058	B002-OWSHEL-001A	CNWH64063	0	2	ERP_AUTO_PICKED_HERE	ERP deducted here but desktop did not pick this carton	qcd7dudb6a				
2026-09-10	MR-2026-04658	MAT-STE-2026-21245	322058	B002-OWSHEL-001A	CNWH64101	0	2	ERP_AUTO_PICKED_HERE	ERP deducted here but desktop did not pick this carton	qce2o2739u				
2026-09-10	MR-2026-04658	MAT-STE-2026-21245	322058	B005-OWSHEL-036A	CNWH63949	2	0	DESKTOP_PICKED_NOT_IN_ERP	Desktop picked here but ERP did not deduct this carton					
2026-09-10	MR-2026-04658	MAT-STE-2026-21245	322058	B005-OWSHEL-036A	CNWH64037	2	0	DESKTOP_PICKED_NOT_IN_ERP	Desktop picked here but ERP did not deduct this carton					
2026-09-10	MR-2026-04658	MAT-STE-2026-21245	322070	B004-OWSHEL-002B	CNWH63979	2	0	DESKTOP_PICKED_NOT_IN_ERP	Desktop picked here but ERP did not deduct this carton					
2026-09-10	MR-2026-04658	MAT-STE-2026-21245	322070	B004-OWSHEL-025A	CNWH64001	0	2	ERP_AUTO_PICKED_HERE	ERP deducted here but desktop did not pick this carton	qcjjjoj02m				
2026-09-10	MR-2026-04658	MAT-STE-2026-21245	322071	B004-OWSHEL-002B	CNWH63979	2	0	DESKTOP_PICKED_NOT_IN_ERP	Desktop picked here but ERP did not deduct this carton					
2026-09-10	MR-2026-04658	MAT-STE-2026-21245	322071	B004-OWSHEL-025A	CNWH64001	0	2	ERP_AUTO_PICKED_HERE	ERP deducted here but desktop did not pick this carton	qclpg0nl3f				
2026-09-10	MR-2026-04658	MAT-STE-2026-21245	322072	B004-OWSHEL-002B	CNWH63731	0	1	ERP_AUTO_PICKED_HERE	ERP deducted here but desktop did not pick this carton	qcoch629kc				
2026-09-10	MR-2026-04658	MAT-STE-2026-21245	322072	B004-OWSHEL-002B	CNWH63979	1	0	DESKTOP_PICKED_NOT_IN_ERP	Desktop picked here but ERP did not deduct this carton					
2026-09-10	MR-2026-04658	MAT-STE-2026-21245	322082	B002-OWSHEL-013A	CNWH63838	0	4	ERP_AUTO_PICKED_HERE	ERP deducted here but desktop did not pick this carton	qcrl678hig				
2026-09-10	MR-2026-04658	MAT-STE-2026-21245	322082	B003-OWSHEL-001A	CNWH63821	3	0	DESKTOP_PICKED_NOT_IN_ERP	Desktop picked here but ERP did not deduct this carton					
2026-09-10	MR-2026-04658	MAT-STE-2026-21245	322082	B003-OWSHEL-001A	CNWH63826	1	0	DESKTOP_PICKED_NOT_IN_ERP	Desktop picked here but ERP did not deduct this carton					
2026-09-10	MR-2026-04658	MAT-STE-2026-21245	322083	B002-OWSHEL-013A	CNWH63836	0	3	ERP_AUTO_PICKED_HERE	ERP deducted here but desktop did not pick this carton	qcuif7854i				
2026-09-10	MR-2026-04658	MAT-STE-2026-21245	322083	B002-OWSHEL-013A	CNWH63837	0	1	ERP_AUTO_PICKED_HERE	ERP deducted here but desktop did not pick this carton	qd13ldh9jm				
2026-09-10	MR-2026-04658	MAT-STE-2026-21245	322083	B003-OWSHEL-001A	CNWH63825	1	0	DESKTOP_PICKED_NOT_IN_ERP	Desktop picked here but ERP did not deduct this carton					
2026-09-10	MR-2026-04658	MAT-STE-2026-21245	322083	B003-OWSHEL-001A	CNWH63826	3	0	DESKTOP_PICKED_NOT_IN_ERP	Desktop picked here but ERP did not deduct this carton					
2026-09-10	MR-2026-04659	MAT-STE-2026-21244	321981	B003-OWSHEL-025A	CNWH63766	2	0	DESKTOP_PICKED_NOT_IN_ERP	Desktop picked here but ERP did not deduct this carton					
2026-09-10	MR-2026-04659	MAT-STE-2026-21244	321981	B003-OWSHEL-025A	CNWH63785	0	2	ERP_AUTO_PICKED_HERE	ERP deducted here but desktop did not pick this carton	q25o0h383d				
2026-09-10	MR-2026-04659	MAT-STE-2026-21244	321993	B005-OWSHEL-036A	CNWH63949	0	1	ERP_AUTO_PICKED_HERE	ERP deducted here but desktop did not pick this carton	q2arlp4cst				
2026-09-10	MR-2026-04659	MAT-STE-2026-21244	321993	B005-OWSHEL-036A	CNWH63956	1	0	DESKTOP_PICKED_NOT_IN_ERP	Desktop picked here but ERP did not deduct this carton					
2026-09-10	MR-2026-04659	MAT-STE-2026-21244	322022	B004-OWSHEL-025A	CNWH64227	1	0	DESKTOP_PICKED_NOT_IN_ERP	Desktop picked here but ERP did not deduct this carton					
2026-09-10	MR-2026-04659	MAT-STE-2026-21244	322022	B004-OWSHEL-026B	CNWH64212	0	1	ERP_AUTO_PICKED_HERE	ERP deducted here but desktop did not pick this carton	q2dnnoqgan				
2026-09-10	MR-2026-04659	MAT-STE-2026-21244	322024	B004-OWSHEL-002B	CNWH63880	1	0	DESKTOP_PICKED_NOT_IN_ERP	Desktop picked here but ERP did not deduct this carton					
2026-09-10	MR-2026-04659	MAT-STE-2026-21244	322024	B004-OWSHEL-026B	CNWH64233	0	1	ERP_AUTO_PICKED_HERE	ERP deducted here but desktop did not pick this carton	q2iofjoer0				
2026-09-10	MR-2026-04659	MAT-STE-2026-21244	322027	B004-OWSHEL-001A	CNWH63770	1	0	DESKTOP_PICKED_NOT_IN_ERP	Desktop picked here but ERP did not deduct this carton					
2026-09-10	MR-2026-04659	MAT-STE-2026-21244	322027	B004-OWSHEL-001A	CNWH63777	0	2	ERP_AUTO_PICKED_HERE	ERP deducted here but desktop did not pick this carton	q2kmd7cnds				
2026-09-10	MR-2026-04659	MAT-STE-2026-21244	322027	B004-OWSHEL-002B	CNWH63729	2	1	QTY_MISMATCH	Desktop and ERP qty differ on same carton	q2m655157k				
2026-09-10	MR-2026-04659	MAT-STE-2026-21244	322028	B004-OWSHEL-002B	CNWH63729	1	0	DESKTOP_PICKED_NOT_IN_ERP	Desktop picked here but ERP did not deduct this carton					
2026-09-10	MR-2026-04659	MAT-STE-2026-21244	322028	B004-OWSHEL-002B	CNWH63731	1	0	DESKTOP_PICKED_NOT_IN_ERP	Desktop picked here but ERP did not deduct this carton					
2026-09-10	MR-2026-04659	MAT-STE-2026-21244	322028	B004-OWSHEL-026B	CNWH64203	0	1	ERP_AUTO_PICKED_HERE	ERP deducted here but desktop did not pick this carton	q2pce969r1				
2026-09-10	MR-2026-04659	MAT-STE-2026-21244	322028	B004-OWSHEL-027C	CNWH63874	1	2	QTY_MISMATCH	Desktop and ERP qty differ on same carton	q2rnnfunfe				
2026-09-10	MR-2026-04659	MAT-STE-2026-21244	322029	B004-OWSHEL-025A	CNWH64001	0	2	ERP_AUTO_PICKED_HERE	ERP deducted here but desktop did not pick this carton	q2t8fpfjvd				
2026-09-10	MR-2026-04659	MAT-STE-2026-21244	322029	B004-OWSHEL-026B	CNWH64203	2	0	DESKTOP_PICKED_NOT_IN_ERP	Desktop picked here but ERP did not deduct this carton					
2026-09-10	MR-2026-04659	MAT-STE-2026-21244	322042	B003-OWSHEL-025A	CNWH63783	0	1	ERP_AUTO_PICKED_HERE	ERP deducted here but desktop did not pick this carton	q309olu1s4				
2026-09-10	MR-2026-04659	MAT-STE-2026-21244	322042	B004-OWSHEL-025A	CNWH63754	1	0	DESKTOP_PICKED_NOT_IN_ERP	Desktop picked here but ERP did not deduct this carton					
2026-09-10	MR-2026-04659	MAT-STE-2026-21244	322058	B005-OWSHEL-003C	CNWH57151	0	1	ERP_AUTO_PICKED_HERE	ERP deducted here but desktop did not pick this carton	q31rhdje01				
2026-09-10	MR-2026-04659	MAT-STE-2026-21244	322058	B005-OWSHEL-036A	CNWH63949	1	0	DESKTOP_PICKED_NOT_IN_ERP	Desktop picked here but ERP did not deduct this carton					
2026-09-10	MR-2026-04659	MAT-STE-2026-21244	322059	B005-OWSHEL-036A	CNWH63956	1	0	DESKTOP_PICKED_NOT_IN_ERP	Desktop picked here but ERP did not deduct this carton					
2026-09-10	MR-2026-04659	MAT-STE-2026-21244	322059	B005-OWSHEL-036A	CNWH64037	0	1	ERP_AUTO_PICKED_HERE	ERP deducted here but desktop did not pick this carton	q340ca9qg7				
2026-09-10	MR-2026-04659	MAT-STE-2026-21244	322082	B002-OWSHEL-013A	CNWH63836	3	0	DESKTOP_PICKED_NOT_IN_ERP	Desktop picked here but ERP did not deduct this carton					
2026-09-10	MR-2026-04659	MAT-STE-2026-21244	322082	B002-OWSHEL-013A	CNWH63837	0	3	ERP_AUTO_PICKED_HERE	ERP deducted here but desktop did not pick this carton	q3acc3g72f				
2026-09-10	MR-2026-04659	MAT-STE-2026-21244	322084	B002-OWSHEL-013A	CNWH63819	1	0	DESKTOP_PICKED_NOT_IN_ERP	Desktop picked here but ERP did not deduct this carton					
2026-09-10	MR-2026-04659	MAT-STE-2026-21244	322084	B002-OWSHEL-013A	CNWH63828	0	1	ERP_AUTO_PICKED_HERE	ERP deducted here but desktop did not pick this carton	q3el9h4q1a				
2026-09-10	MR-2026-04662	MAT-STE-2026-21243	321985	B004-OWSHEL-001A	CNWH63777	2	0	DESKTOP_PICKED_NOT_IN_ERP	Desktop picked here but ERP did not deduct this carton					
2026-09-10	MR-2026-04662	MAT-STE-2026-21243	321985	B004-OWSHEL-001A	CNWH63778	1	2	QTY_MISMATCH	Desktop and ERP qty differ on same carton	pr52037dof				
2026-09-10	MR-2026-04662	MAT-STE-2026-21243	321985	B004-OWSHEL-001A	CNWH63779	0	1	ERP_AUTO_PICKED_HERE	ERP deducted here but desktop did not pick this carton	pr6edgviuo				
2026-09-10	MR-2026-04662	MAT-STE-2026-21243	321993	B005-OWSHEL-002B	CNWH64208	0	1	ERP_AUTO_PICKED_HERE	ERP deducted here but desktop did not pick this carton	pre3ihq4j0				
2026-09-10	MR-2026-04662	MAT-STE-2026-21243	321993	B005-OWSHEL-036A	CNWH63949	1	0	DESKTOP_PICKED_NOT_IN_ERP	Desktop picked here but ERP did not deduct this carton					
2026-09-10	MR-2026-04662	MAT-STE-2026-21243	322041	B003-OWSHEL-025A	CNWH63735	0	1	ERP_AUTO_PICKED_HERE	ERP deducted here but desktop did not pick this carton	pri0ct1qpv				
2026-09-10	MR-2026-04662	MAT-STE-2026-21243	322041	B003-OWSHEL-025A	CNWH63783	1	0	DESKTOP_PICKED_NOT_IN_ERP	Desktop picked here but ERP did not deduct this carton					
2026-09-10	MR-2026-04662	MAT-STE-2026-21243	322083	B002-OWSHEL-013A	CNWH63819	2	0	DESKTOP_PICKED_NOT_IN_ERP	Desktop picked here but ERP did not deduct this carton					
2026-09-10	MR-2026-04662	MAT-STE-2026-21243	322083	B002-OWSHEL-013A	CNWH63828	0	2	ERP_AUTO_PICKED_HERE	ERP deducted here but desktop did not pick this carton	prkf8kt4u3				
2026-09-10	MR-2026-04662	MAT-STE-2026-21243	322084	B002-OWSHEL-013A	CNWH63819	1	0	DESKTOP_PICKED_NOT_IN_ERP	Desktop picked here but ERP did not deduct this carton					
2026-09-10	MR-2026-04662	MAT-STE-2026-21243	322084	B002-OWSHEL-013A	CNWH63824	0	1	ERP_AUTO_PICKED_HERE	ERP deducted here but desktop did not pick this carton	prmtop3p32				
2026-09-10	MR-2026-04664	MAT-STE-2026-21242	321985	B004-OWSHEL-001A	CNWH63777	0	1	ERP_AUTO_PICKED_HERE	ERP deducted here but desktop did not pick this carton	pjnn5jggga				
2026-09-10	MR-2026-04664	MAT-STE-2026-21242	321985	B004-OWSHEL-001A	CNWH63778	1	0	DESKTOP_PICKED_NOT_IN_ERP	Desktop picked here but ERP did not deduct this carton					
2026-09-10	MR-2026-04664	MAT-STE-2026-21242	321992	B004-OWSHEL-026B	CNWH64212	0	2	ERP_AUTO_PICKED_HERE	ERP deducted here but desktop did not pick this carton	pjqsa1clb7				
2026-09-10	MR-2026-04664	MAT-STE-2026-21242	321992	B005-OWSHEL-002B	CNWH63960	2	0	DESKTOP_PICKED_NOT_IN_ERP	Desktop picked here but ERP did not deduct this carton					
2026-09-10	MR-2026-04664	MAT-STE-2026-21242	322022	B004-OWSHEL-026B	CNWH64203	0	1	ERP_AUTO_PICKED_HERE	ERP deducted here but desktop did not pick this carton	pjs9rh7a1u				
2026-09-10	MR-2026-04664	MAT-STE-2026-21242	322022	B004-OWSHEL-026B	CNWH64212	1	0	DESKTOP_PICKED_NOT_IN_ERP	Desktop picked here but ERP did not deduct this carton					
2026-09-10	MR-2026-04664	MAT-STE-2026-21242	322024	B004-OWSHEL-025A	CNWH64227	1	0	DESKTOP_PICKED_NOT_IN_ERP	Desktop picked here but ERP did not deduct this carton					
2026-09-10	MR-2026-04664	MAT-STE-2026-21242	322024	B004-OWSHEL-026B	CNWH64212	0	1	ERP_AUTO_PICKED_HERE	ERP deducted here but desktop did not pick this carton	pjuem2cos7				
2026-09-10	MR-2026-04665	MAT-STE-2026-21241	321981	B003-OWSHEL-025A	CNWH63766	0	2	ERP_AUTO_PICKED_HERE	ERP deducted here but desktop did not pick this carton	pbpt0mongg				
2026-09-10	MR-2026-04665	MAT-STE-2026-21241	321981	B003-OWSHEL-025A	CNWH63785	2	0	DESKTOP_PICKED_NOT_IN_ERP	Desktop picked here but ERP did not deduct this carton					
2026-09-10	MR-2026-04665	MAT-STE-2026-21241	321985	B004-OWSHEL-001A	CNWH63776	0	2	ERP_AUTO_PICKED_HERE	ERP deducted here but desktop did not pick this carton	pbtou28hg1				
2026-09-10	MR-2026-04665	MAT-STE-2026-21241	321985	B004-OWSHEL-001A	CNWH63779	1	0	DESKTOP_PICKED_NOT_IN_ERP	Desktop picked here but ERP did not deduct this carton					
2026-09-10	MR-2026-04665	MAT-STE-2026-21241	321985	B004-OWSHEL-001A	CNWH63780	1	0	DESKTOP_PICKED_NOT_IN_ERP	Desktop picked here but ERP did not deduct this carton					
2026-09-10	MR-2026-04665	MAT-STE-2026-21241	321986	B003-OWSHEL-025A	CNWH63766	1	0	DESKTOP_PICKED_NOT_IN_ERP	Desktop picked here but ERP did not deduct this carton					
2026-09-10	MR-2026-04665	MAT-STE-2026-21241	321986	B003-OWSHEL-025A	CNWH63785	0	1	ERP_AUTO_PICKED_HERE	ERP deducted here but desktop did not pick this carton	pc02m8mstn				
2026-09-10	MR-2026-04665	MAT-STE-2026-21241	321993	B005-OWSHEL-002B	CNWH64064	0	1	ERP_AUTO_PICKED_HERE	ERP deducted here but desktop did not pick this carton	pc2n3o5fuo				
2026-09-10	MR-2026-04665	MAT-STE-2026-21241	321993	B005-OWSHEL-036A	CNWH63949	1	0	DESKTOP_PICKED_NOT_IN_ERP	Desktop picked here but ERP did not deduct this carton					
2026-09-10	MR-2026-04665	MAT-STE-2026-21241	322023	B004-OWSHEL-026B	CNWH64213	0	1	ERP_AUTO_PICKED_HERE	ERP deducted here but desktop did not pick this carton	pc7buh3er0				
2026-09-10	MR-2026-04665	MAT-STE-2026-21241	322023	B005-OWSHEL-003C	CNWH63883	1	0	DESKTOP_PICKED_NOT_IN_ERP	Desktop picked here but ERP did not deduct this carton					
2026-09-10	MR-2026-04665	MAT-STE-2026-21241	322024	B004-OWSHEL-025A	CNWH64227	0	2	ERP_AUTO_PICKED_HERE	ERP deducted here but desktop did not pick this carton	pcblr5cedv				
2026-09-10	MR-2026-04665	MAT-STE-2026-21241	322024	B004-OWSHEL-026B	CNWH64233	1	0	DESKTOP_PICKED_NOT_IN_ERP	Desktop picked here but ERP did not deduct this carton					
2026-09-10	MR-2026-04665	MAT-STE-2026-21241	322024	B005-OWSHEL-002B	CNWH63893	1	0	DESKTOP_PICKED_NOT_IN_ERP	Desktop picked here but ERP did not deduct this carton					
2026-09-10	MR-2026-04665	MAT-STE-2026-21241	322047	B005-OWSHEL-002B	CNWH64243	0	1	ERP_AUTO_PICKED_HERE	ERP deducted here but desktop did not pick this carton	pcf4g0m953				
2026-09-10	MR-2026-04665	MAT-STE-2026-21241	322047	B005-OWSHEL-003C	CNWH63883	1	0	DESKTOP_PICKED_NOT_IN_ERP	Desktop picked here but ERP did not deduct this carton					
2026-09-10	MR-2026-04665	MAT-STE-2026-21241	322058	B005-OWSHEL-003C	CNWH57151	1	0	DESKTOP_PICKED_NOT_IN_ERP	Desktop picked here but ERP did not deduct this carton					
2026-09-10	MR-2026-04665	MAT-STE-2026-21241	322058	B005-OWSHEL-036A	CNWH64037	0	1	ERP_AUTO_PICKED_HERE	ERP deducted here but desktop did not pick this carton	pcidcbo22n				
2026-09-10	MR-2026-04665	MAT-STE-2026-21241	322059	B005-OWSHEL-003C	CNWH57151	1	0	DESKTOP_PICKED_NOT_IN_ERP	Desktop picked here but ERP did not deduct this carton					
2026-09-10	MR-2026-04665	MAT-STE-2026-21241	322059	B005-OWSHEL-036A	CNWH63956	0	1	ERP_AUTO_PICKED_HERE	ERP deducted here but desktop did not pick this carton	pckcddu2fn				
2026-09-10	MR-2026-04665	MAT-STE-2026-21241	322071	B003-OWSHEL-025A	CNWH63999	2	0	DESKTOP_PICKED_NOT_IN_ERP	Desktop picked here but ERP did not deduct this carton					
2026-09-10	MR-2026-04665	MAT-STE-2026-21241	322071	B004-OWSHEL-002B	CNWH63998	0	2	ERP_AUTO_PICKED_HERE	ERP deducted here but desktop did not pick this carton	pcpkugh6pj				
2026-09-10	MR-2026-04665	MAT-STE-2026-21241	322081	B002-OWSHEL-013A	CNWH63828	1	0	DESKTOP_PICKED_NOT_IN_ERP	Desktop picked here but ERP did not deduct this carton					
2026-09-10	MR-2026-04665	MAT-STE-2026-21241	322081	B003-OWSHEL-001A	CNWH63826	0	1	ERP_AUTO_PICKED_HERE	ERP deducted here but desktop did not pick this carton	pcriffkup3				
2026-09-15	MR-2026-04660	MAT-STE-2026-21468	321981	B002-OWSHEL-011B	CNWH68296	0	1	ERP_AUTO_PICKED_HERE	ERP deducted here but desktop did not pick this carton	fno2ae6uer				
2026-09-15	MR-2026-04660	MAT-STE-2026-21468	321981	B002-OWSHEL-014B	CNWH63805	2	0	DESKTOP_PICKED_NOT_IN_ERP	Desktop picked here but ERP did not deduct this carton					
2026-09-15	MR-2026-04660	MAT-STE-2026-21468	321981	B004-OWSHEL-027C	CNWH64231	0	1	ERP_AUTO_PICKED_HERE	ERP deducted here but desktop did not pick this carton	fnm12vb9n7				
2026-09-15	MR-2026-04660	MAT-STE-2026-21468	321987	B003-OWSHEL-025A	CNWH63783	0	1	ERP_AUTO_PICKED_HERE	ERP deducted here but desktop did not pick this carton	fntckki82j				
2026-09-15	MR-2026-04660	MAT-STE-2026-21468	321987	B004-OWSHEL-001A	CNWH63777	1	0	DESKTOP_PICKED_NOT_IN_ERP	Desktop picked here but ERP did not deduct this carton					
2026-09-15	MR-2026-04660	MAT-STE-2026-21468	321992	B005-OWSHEL-002B	CNWH63960	0	3	ERP_AUTO_PICKED_HERE	ERP deducted here but desktop did not pick this carton	fo00ign9v2				
2026-09-15	MR-2026-04660	MAT-STE-2026-21468	321992	B005-OWSHEL-002B	CNWH63961	4	1	QTY_MISMATCH	Desktop and ERP qty differ on same carton	fo4e45k6dn				
2026-09-15	MR-2026-04660	MAT-STE-2026-21468	321993	B005-OWSHEL-036A	CNWH63956	1	0	DESKTOP_PICKED_NOT_IN_ERP	Desktop picked here but ERP did not deduct this carton					
2026-09-15	MR-2026-04660	MAT-STE-2026-21468	321993	B005-OWSHEL-036A	CNWH64239	0	1	ERP_AUTO_PICKED_HERE	ERP deducted here but desktop did not pick this carton	fo704roglh				
2026-09-15	MR-2026-04660	MAT-STE-2026-21468	322023	B004-OWSHEL-026B	CNWH63882	1	0	DESKTOP_PICKED_NOT_IN_ERP	Desktop picked here but ERP did not deduct this carton					
2026-09-15	MR-2026-04660	MAT-STE-2026-21468	322023	B004-OWSHEL-027C	CNWH64231	0	1	ERP_AUTO_PICKED_HERE	ERP deducted here but desktop did not pick this carton	foem9c5imc				
2026-09-15	MR-2026-04660	MAT-STE-2026-21468	322024	B004-OWSHEL-027C	CNWH63881	0	2	ERP_AUTO_PICKED_HERE	ERP deducted here but desktop did not pick this carton	fog10v3kct				
2026-09-15	MR-2026-04660	MAT-STE-2026-21468	322024	B004-OWSHEL-027C	CNWH64231	2	0	DESKTOP_PICKED_NOT_IN_ERP	Desktop picked here but ERP did not deduct this carton					
2026-09-15	MR-2026-04660	MAT-STE-2026-21468	322027	B004-OWSHEL-001A	CNWH63770	1	0	DESKTOP_PICKED_NOT_IN_ERP	Desktop picked here but ERP did not deduct this carton					
2026-09-15	MR-2026-04660	MAT-STE-2026-21468	322027	B004-OWSHEL-026B	CNWH63882	0	1	ERP_AUTO_PICKED_HERE	ERP deducted here but desktop did not pick this carton	folktmue1g				
2026-09-15	MR-2026-04660	MAT-STE-2026-21468	322047	B005-OWSHEL-002B	CNWH63893	1	0	DESKTOP_PICKED_NOT_IN_ERP	Desktop picked here but ERP did not deduct this carton					
2026-09-15	MR-2026-04660	MAT-STE-2026-21468	322047	B005-OWSHEL-036A	CNWH64239	1	2	QTY_MISMATCH	Desktop and ERP qty differ on same carton	fooh5ae48i				
2026-09-15	MR-2026-04660	MAT-STE-2026-21468	322070	B003-OWSHEL-025A	CNWH63982	0	1	ERP_AUTO_PICKED_HERE	ERP deducted here but desktop did not pick this carton	fotpssq2k9				
2026-09-15	MR-2026-04660	MAT-STE-2026-21468	322070	B004-OWSHEL-002B	CNWH63979	1	0	DESKTOP_PICKED_NOT_IN_ERP	Desktop picked here but ERP did not deduct this carton					
2026-09-15	MR-2026-04660	MAT-STE-2026-21468	322071	B002-OWSHEL-014B	CNWH63814	0	1	ERP_AUTO_PICKED_HERE	ERP deducted here but desktop did not pick this carton	fovk8h7oq3				
2026-09-15	MR-2026-04660	MAT-STE-2026-21468	322071	B002-OWSHEL-014B	CNWH63827	0	1	ERP_AUTO_PICKED_HERE	ERP deducted here but desktop did not pick this carton	fp0nkiibf8				
2026-09-15	MR-2026-04660	MAT-STE-2026-21468	322071	B003-OWSHEL-025A	CNWH63982	0	1	ERP_AUTO_PICKED_HERE	ERP deducted here but desktop did not pick this carton	fp1uqia435				
2026-09-15	MR-2026-04660	MAT-STE-2026-21468	322071	B003-OWSHEL-025A	CNWH63999	1	0	DESKTOP_PICKED_NOT_IN_ERP	Desktop picked here but ERP did not deduct this carton					
2026-09-15	MR-2026-04660	MAT-STE-2026-21468	322071	B004-OWSHEL-002B	CNWH63979	1	0	DESKTOP_PICKED_NOT_IN_ERP	Desktop picked here but ERP did not deduct this carton					
2026-09-15	MR-2026-04660	MAT-STE-2026-21468	322071	B004-OWSHEL-027C	CNWH63881	1	0	DESKTOP_PICKED_NOT_IN_ERP	Desktop picked here but ERP did not deduct this carton					
2026-09-15	MR-2026-04660	MAT-STE-2026-21468	322072	B004-OWSHEL-002B	CNWH63998	0	1	ERP_AUTO_PICKED_HERE	ERP deducted here but desktop did not pick this carton	fp9fsvs6rh				
2026-09-15	MR-2026-04660	MAT-STE-2026-21468	322072	B004-OWSHEL-027C	CNWH63881	1	0	DESKTOP_PICKED_NOT_IN_ERP	Desktop picked here but ERP did not deduct this carton					
2026-09-15	MR-2026-04660	MAT-STE-2026-21468	322083	B002-OWSHEL-013A	CNWH63838	0	1	ERP_AUTO_PICKED_HERE	ERP deducted here but desktop did not pick this carton	fpcehr4o1n				
2026-09-15	MR-2026-04660	MAT-STE-2026-21468	322083	B003-OWSHEL-001A	CNWH63818	1	0	DESKTOP_PICKED_NOT_IN_ERP	Desktop picked here but ERP did not deduct this carton					
2026-09-15	MR-2026-04660	MAT-STE-2026-21468	322084	B002-OWSHEL-013A	CNWH63836	0	1	ERP_AUTO_PICKED_HERE	ERP deducted here but desktop did not pick this carton	fpg564rc51				
2026-09-15	MR-2026-04660	MAT-STE-2026-21468	322084	B002-OWSHEL-013A	CNWH63837	0	1	ERP_AUTO_PICKED_HERE	ERP deducted here but desktop did not pick this carton	fpklaj6806				
2026-09-15	MR-2026-04660	MAT-STE-2026-21468	322084	B002-OWSHEL-014B	CNWH63820	0	1	ERP_AUTO_PICKED_HERE	ERP deducted here but desktop did not pick this carton	fpo6e2cocj				
2026-09-15	MR-2026-04660	MAT-STE-2026-21468	322084	B003-OWSHEL-001A	CNWH63818	3	0	DESKTOP_PICKED_NOT_IN_ERP	Desktop picked here but ERP did not deduct this carton					
2026-09-15	MR-2026-04661	MAT-STE-2026-21469	321981	B002-OWSHEL-013A	CNWH63836	0	1	ERP_AUTO_PICKED_HERE	ERP deducted here but desktop did not pick this carton	g1bc103a8p				
2026-09-15	MR-2026-04661	MAT-STE-2026-21469	321981	B002-OWSHEL-014B	CNWH63805	1	0	DESKTOP_PICKED_NOT_IN_ERP	Desktop picked here but ERP did not deduct this carton					
2026-09-15	MR-2026-04661	MAT-STE-2026-21469	321988	B004-OWSHEL-001A	CNWH63779	1	0	DESKTOP_PICKED_NOT_IN_ERP	Desktop picked here but ERP did not deduct this carton					
2026-09-15	MR-2026-04661	MAT-STE-2026-21469	321988	B004-OWSHEL-002B	CNWH63775	0	1	ERP_AUTO_PICKED_HERE	ERP deducted here but desktop did not pick this carton	g1fj9ccs0o				
2026-09-15	MR-2026-04661	MAT-STE-2026-21469	321993	B005-OWSHEL-002B	CNWH63950	0	2	ERP_AUTO_PICKED_HERE	ERP deducted here but desktop did not pick this carton	g1hbb35unm				
2026-09-15	MR-2026-04661	MAT-STE-2026-21469	321993	B005-OWSHEL-036A	CNWH64234	1	0	DESKTOP_PICKED_NOT_IN_ERP	Desktop picked here but ERP did not deduct this carton					
2026-09-15	MR-2026-04661	MAT-STE-2026-21469	321993	B005-OWSHEL-036A	CNWH64239	1	0	DESKTOP_PICKED_NOT_IN_ERP	Desktop picked here but ERP did not deduct this carton					
2026-09-15	MR-2026-04661	MAT-STE-2026-21469	322023	B004-OWSHEL-027C	CNWH64231	1	0	DESKTOP_PICKED_NOT_IN_ERP	Desktop picked here but ERP did not deduct this carton					
2026-09-15	MR-2026-04661	MAT-STE-2026-21469	322023	B005-OWSHEL-002B	CNWH63893	0	1	ERP_AUTO_PICKED_HERE	ERP deducted here but desktop did not pick this carton	g1l0735cdc				
2026-09-15	MR-2026-04661	MAT-STE-2026-21469	322042	B004-OWSHEL-025A	CNWH63744	0	1	ERP_AUTO_PICKED_HERE	ERP deducted here but desktop did not pick this carton	g1p74622dt				
2026-09-15	MR-2026-04661	MAT-STE-2026-21469	322042	B004-OWSHEL-026B	CNWH64213	1	0	DESKTOP_PICKED_NOT_IN_ERP	Desktop picked here but ERP did not deduct this carton					
2026-09-15	MR-2026-04661	MAT-STE-2026-21469	322047	B004-OWSHEL-002B	CNWH63880	0	1	ERP_AUTO_PICKED_HERE	ERP deducted here but desktop did not pick this carton	g1smbblk3o				
2026-09-15	MR-2026-04661	MAT-STE-2026-21469	322047	B004-OWSHEL-026B	CNWH64233	0	2	ERP_AUTO_PICKED_HERE	ERP deducted here but desktop did not pick this carton	g1tt3gccto				
2026-09-15	MR-2026-04661	MAT-STE-2026-21469	322047	B005-OWSHEL-036A	CNWH64234	3	0	DESKTOP_PICKED_NOT_IN_ERP	Desktop picked here but ERP did not deduct this carton					
2026-09-15	MR-2026-04661	MAT-STE-2026-21469	322071	B003-OWSHEL-025A	CNWH63982	1	0	DESKTOP_PICKED_NOT_IN_ERP	Desktop picked here but ERP did not deduct this carton					
2026-09-15	MR-2026-04661	MAT-STE-2026-21469	322071	B003-OWSHEL-025A	CNWH63999	0	1	ERP_AUTO_PICKED_HERE	ERP deducted here but desktop did not pick this carton	g20onhq135				
2026-09-15	MR-2026-04661	MAT-STE-2026-21469	322072	B003-OWSHEL-025A	CNWH63999	1	0	DESKTOP_PICKED_NOT_IN_ERP	Desktop picked here but ERP did not deduct this carton					
2026-09-15	MR-2026-04661	MAT-STE-2026-21469	322072	B004-OWSHEL-027C	CNWH63881	0	1	ERP_AUTO_PICKED_HERE	ERP deducted here but desktop did not pick this carton	g2361u6ejo				
2026-09-15	MR-2026-04661	MAT-STE-2026-21469	322083	B002-OWSHEL-013A	CNWH63824	1	0	DESKTOP_PICKED_NOT_IN_ERP	Desktop picked here but ERP did not deduct this carton					
2026-09-15	MR-2026-04661	MAT-STE-2026-21469	322083	B002-OWSHEL-014B	CNWH63820	0	1	ERP_AUTO_PICKED_HERE	ERP deducted here but desktop did not pick this carton	g2821p039q				
2026-09-15	MR-2026-04661	MAT-STE-2026-21469	322084	B002-OWSHEL-013A	CNWH63819	2	0	DESKTOP_PICKED_NOT_IN_ERP	Desktop picked here but ERP did not deduct this carton					
2026-09-15	MR-2026-04661	MAT-STE-2026-21469	322084	B002-OWSHEL-014B	CNWH63827	0	2	ERP_AUTO_PICKED_HERE	ERP deducted here but desktop did not pick this carton	g2bbp4iu85				
2026-09-15	MR-2026-04669	MAT-STE-2026-21501	263315	L001-OWPALT-024A	CNWH69265	0	1	ERP_AUTO_PICKED_HERE	ERP deducted here but desktop did not pick this carton	gv0a10cl38				
2026-09-15	MR-2026-04669	MAT-STE-2026-21501	263315	L003-OWPALT-054C	CNWH69300	1	0	DESKTOP_PICKED_NOT_IN_ERP	Desktop picked here but ERP did not deduct this carton					
2026-09-15	MR-2026-04669	MAT-STE-2026-21501	267358	L002-OWPALT-009A	CNWH05631	0	1	ERP_AUTO_PICKED_HERE	ERP deducted here but desktop did not pick this carton	gv2ajkpsii				
2026-09-15	MR-2026-04669	MAT-STE-2026-21501	267358	L002-OWPALT-009A	CNWH56699	0	1	ERP_AUTO_PICKED_HERE	ERP deducted here but desktop did not pick this carton	gv4i6jv3jd				
2026-09-15	MR-2026-04669	MAT-STE-2026-21501	267358	L002-OWPALT-032A	CNWH25899	1	0	DESKTOP_PICKED_NOT_IN_ERP	Desktop picked here but ERP did not deduct this carton					
2026-09-15	MR-2026-04669	MAT-STE-2026-21501	267358	L002-OWPALT-064A	CNWH05711	1	0	DESKTOP_PICKED_NOT_IN_ERP	Desktop picked here but ERP did not deduct this carton					
2026-09-15	MR-2026-04669	MAT-STE-2026-21501	308315	L002-OWPALT-034B	CNWH43328	0	1	ERP_AUTO_PICKED_HERE	ERP deducted here but desktop did not pick this carton	gv60nggjhu				
2026-09-15	MR-2026-04669	MAT-STE-2026-21501	308315	L002-OWPALT-034B	CNWH43358	0	1	ERP_AUTO_PICKED_HERE	ERP deducted here but desktop did not pick this carton	gv7cm29kuq				
2026-09-15	MR-2026-04669	MAT-STE-2026-21501	308315	L002-OWPALT-034B	CNWH44167	1	0	DESKTOP_PICKED_NOT_IN_ERP	Desktop picked here but ERP did not deduct this carton					
2026-09-15	MR-2026-04669	MAT-STE-2026-21501	308315	L002-OWPALT-034B	CNWH62419	1	0	DESKTOP_PICKED_NOT_IN_ERP	Desktop picked here but ERP did not deduct this carton					
2026-09-15	MR-2026-04669	MAT-STE-2026-21501	308318	L001-OWPALT-051C	CNWH44267	0	1	ERP_AUTO_PICKED_HERE	ERP deducted here but desktop did not pick this carton	gv9mujot9i				
2026-09-15	MR-2026-04669	MAT-STE-2026-21501	308318	L001-OWPALT-052D	CNWH44220	0	1	ERP_AUTO_PICKED_HERE	ERP deducted here but desktop did not pick this carton	gvb719a1ur				
2026-09-15	MR-2026-04669	MAT-STE-2026-21501	308318	L001-OWPALT-060D	CNWH44212	1	0	DESKTOP_PICKED_NOT_IN_ERP	Desktop picked here but ERP did not deduct this carton					
2026-09-15	MR-2026-04669	MAT-STE-2026-21501	308318	L001-OWPALT-060D	CNWH44215	1	0	DESKTOP_PICKED_NOT_IN_ERP	Desktop picked here but ERP did not deduct this carton					
2026-09-15	MR-2026-04669	MAT-STE-2026-21501	320123	L001-OWPALT-048A	CNWH63546	0	2	ERP_AUTO_PICKED_HERE	ERP deducted here but desktop did not pick this carton	gvdcrldhf8				
2026-09-15	MR-2026-04669	MAT-STE-2026-21501	320123	L001-OWPALT-048A	CNWH64517	2	0	DESKTOP_PICKED_NOT_IN_ERP	Desktop picked here but ERP did not deduct this carton					
2026-09-15	MR-2026-04669	MAT-STE-2026-21501	320125	L001-OWPALT-049A	CNWH63547	1	0	DESKTOP_PICKED_NOT_IN_ERP	Desktop picked here but ERP did not deduct this carton					
2026-09-15	MR-2026-04669	MAT-STE-2026-21501	320125	L001-OWPALT-057A	CNWH64585	0	2	ERP_AUTO_PICKED_HERE	ERP deducted here but desktop did not pick this carton	gvfefhhs2l				
2026-09-15	MR-2026-04669	MAT-STE-2026-21501	320125	L001-OWPALT-069D	CNWH67896	1	0	DESKTOP_PICKED_NOT_IN_ERP	Desktop picked here but ERP did not deduct this carton					
2026-09-15	MR-2026-04669	MAT-STE-2026-21501	320126	L001-OWPALT-040A	CNWH64540	4	0	DESKTOP_PICKED_NOT_IN_ERP	Desktop picked here but ERP did not deduct this carton					
2026-09-15	MR-2026-04669	MAT-STE-2026-21501	320126	L001-OWPALT-040A	CNWH64546	0	3	ERP_AUTO_PICKED_HERE	ERP deducted here but desktop did not pick this carton	gvhh54daib				
2026-09-15	MR-2026-04669	MAT-STE-2026-21501	320126	L001-OWPALT-040A	CNWH64547	0	3	ERP_AUTO_PICKED_HERE	ERP deducted here but desktop did not pick this carton	gvjt6mp5ht				
2026-09-15	MR-2026-04669	MAT-STE-2026-21501	320126	L001-OWPALT-075C	CNWH64527	1	0	DESKTOP_PICKED_NOT_IN_ERP	Desktop picked here but ERP did not deduct this carton					
2026-09-15	MR-2026-04669	MAT-STE-2026-21501	320126	L001-OWPALT-080A	CNWH64533	1	0	DESKTOP_PICKED_NOT_IN_ERP	Desktop picked here but ERP did not deduct this carton					
2026-09-15	MR-2026-04669	MAT-STE-2026-21501	320127	L001-OWPALT-049A	CNWH67848	0	2	ERP_AUTO_PICKED_HERE	ERP deducted here but desktop did not pick this carton	gvlc3p5huk				
2026-09-15	MR-2026-04669	MAT-STE-2026-21501	320127	L001-OWPALT-057A	CNWH67894	0	2	ERP_AUTO_PICKED_HERE	ERP deducted here but desktop did not pick this carton	gvm1q31j9v				
2026-09-15	MR-2026-04669	MAT-STE-2026-21501	320127	L001-OWPALT-075C	CNWH63556	4	0	DESKTOP_PICKED_NOT_IN_ERP	Desktop picked here but ERP did not deduct this carton					
2026-09-15	MR-2026-04669	MAT-STE-2026-21501	320128	L001-OWPALT-064A	CNWH63595	0	4	ERP_AUTO_PICKED_HERE	ERP deducted here but desktop did not pick this carton	gvoog3jfd1				
2026-09-15	MR-2026-04669	MAT-STE-2026-21501	320128	L001-OWPALT-064A	CNWH63597	4	0	DESKTOP_PICKED_NOT_IN_ERP	Desktop picked here but ERP did not deduct this carton					
2026-09-15	MR-2026-04669	MAT-STE-2026-21501	322769	L001-OWPALT-024A	CNWH69815	0	1	ERP_AUTO_PICKED_HERE	ERP deducted here but desktop did not pick this carton	gvq6d3u7oo				
2026-09-15	MR-2026-04669	MAT-STE-2026-21501	322769	L001-OWPALT-024A	CNWH69818	0	1	ERP_AUTO_PICKED_HERE	ERP deducted here but desktop did not pick this carton	gvrhssbudi				
2026-09-15	MR-2026-04669	MAT-STE-2026-21501	322769	L001-OWPALT-024A	CNWH69825	0	1	ERP_AUTO_PICKED_HERE	ERP deducted here but desktop did not pick this carton	gvthiev53t				
2026-09-15	MR-2026-04669	MAT-STE-2026-21501	322769	L001-OWPALT-067C	CNWH60543	1	0	DESKTOP_PICKED_NOT_IN_ERP	Desktop picked here but ERP did not deduct this carton					
2026-09-15	MR-2026-04669	MAT-STE-2026-21501	322769	L002-OWPALT-033A	CNWH60100	1	0	DESKTOP_PICKED_NOT_IN_ERP	Desktop picked here but ERP did not deduct this carton					
2026-09-15	MR-2026-04669	MAT-STE-2026-21501	322769	L002-OWPALT-041A	CNWH60144	1	0	DESKTOP_PICKED_NOT_IN_ERP	Desktop picked here but ERP did not deduct this carton					
2026-09-15	MR-2026-04669	MAT-STE-2026-21501	322770	L001-OWPALT-017A	CNWH60021	0	1	ERP_AUTO_PICKED_HERE	ERP deducted here but desktop did not pick this carton	gvvin09d8k				
2026-09-15	MR-2026-04669	MAT-STE-2026-21501	322770	L001-OWPALT-024A	CNWH60022	0	1	ERP_AUTO_PICKED_HERE	ERP deducted here but desktop did not pick this carton	h004m1v31s				
2026-09-15	MR-2026-04669	MAT-STE-2026-21501	322770	L001-OWPALT-024A	CNWH60024	0	1	ERP_AUTO_PICKED_HERE	ERP deducted here but desktop did not pick this carton	h01crf9dv3				
2026-09-15	MR-2026-04669	MAT-STE-2026-21501	322770	L001-OWPALT-024A	CNWH60027	0	1	ERP_AUTO_PICKED_HERE	ERP deducted here but desktop did not pick this carton	h03c5jks5p				
2026-09-15	MR-2026-04669	MAT-STE-2026-21501	322770	L001-OWPALT-024A	CNWH69815	0	1	ERP_AUTO_PICKED_HERE	ERP deducted here but desktop did not pick this carton	h04o91ts72				
2026-09-15	MR-2026-04669	MAT-STE-2026-21501	322770	L001-OWPALT-024A	CNWH69818	0	1	ERP_AUTO_PICKED_HERE	ERP deducted here but desktop did not pick this carton	h05amdes89				
2026-09-15	MR-2026-04669	MAT-STE-2026-21501	322770	L001-OWPALT-067C	CNWH60040	1	0	DESKTOP_PICKED_NOT_IN_ERP	Desktop picked here but ERP did not deduct this carton					
2026-09-15	MR-2026-04669	MAT-STE-2026-21501	322770	L001-OWPALT-067C	CNWH60543	1	0	DESKTOP_PICKED_NOT_IN_ERP	Desktop picked here but ERP did not deduct this carton					
2026-09-15	MR-2026-04669	MAT-STE-2026-21501	322770	L001-OWPALT-067C	CNWH67840	1	0	DESKTOP_PICKED_NOT_IN_ERP	Desktop picked here but ERP did not deduct this carton					
2026-09-15	MR-2026-04669	MAT-STE-2026-21501	322770	L002-OWPALT-033A	CNWH60100	1	0	DESKTOP_PICKED_NOT_IN_ERP	Desktop picked here but ERP did not deduct this carton					
2026-09-15	MR-2026-04669	MAT-STE-2026-21501	322770	L002-OWPALT-041A	CNWH60143	1	0	DESKTOP_PICKED_NOT_IN_ERP	Desktop picked here but ERP did not deduct this carton					
2026-09-15	MR-2026-04669	MAT-STE-2026-21501	322770	L002-OWPALT-041A	CNWH60146	1	0	DESKTOP_PICKED_NOT_IN_ERP	Desktop picked here but ERP did not deduct this carton					
2026-09-15	MR-2026-04669	MAT-STE-2026-21501	324245	L001-OWPALT-055B	CNWH62776	0	1	ERP_AUTO_PICKED_HERE	ERP deducted here but desktop did not pick this carton	h08puh5qvs				
2026-09-15	MR-2026-04669	MAT-STE-2026-21501	324245	L003-OWPALT-034B	CNWH62859	1	0	DESKTOP_PICKED_NOT_IN_ERP	Desktop picked here but ERP did not deduct this carton					
2026-09-15	MR-2026-04669	MAT-STE-2026-21501	324252	L001-OWPALT-032A	CNWH69812	0	1	ERP_AUTO_PICKED_HERE	ERP deducted here but desktop did not pick this carton	h0akismsfr				
2026-09-15	MR-2026-04669	MAT-STE-2026-21501	324252	L003-OWPALT-057A	CNWH63519	1	0	DESKTOP_PICKED_NOT_IN_ERP	Desktop picked here but ERP did not deduct this carton					
2026-09-15	MR-2026-04677	MAT-STE-2026-21502	247785	L001-OWPALT-072A	CNWH15443	0	2	ERP_AUTO_PICKED_HERE	ERP deducted here but desktop did not pick this carton	h79gi767l5				
2026-09-15	MR-2026-04677	MAT-STE-2026-21502	247785	L001-OWPALT-077D	CNWH64502	2	0	DESKTOP_PICKED_NOT_IN_ERP	Desktop picked here but ERP did not deduct this carton					
2026-09-15	MR-2026-04677	MAT-STE-2026-21502	279306	L001-OWPALT-032A	CNWH69711	1	0	DESKTOP_PICKED_NOT_IN_ERP	Desktop picked here but ERP did not deduct this carton					
2026-09-15	MR-2026-04677	MAT-STE-2026-21502	279306	L001-OWPALT-069D	CNWH67876	0	1	ERP_AUTO_PICKED_HERE	ERP deducted here but desktop did not pick this carton	h7c1obbu70				
2026-09-15	MR-2026-04677	MAT-STE-2026-21502	303910	L001-OWPALT-032A	CNWH69717	0	1	ERP_AUTO_PICKED_HERE	ERP deducted here but desktop did not pick this carton	h7dnp7a4v6				
2026-09-15	MR-2026-04677	MAT-STE-2026-21502	303910	L001-OWPALT-032A	CNWH69813	0	1	ERP_AUTO_PICKED_HERE	ERP deducted here but desktop did not pick this carton	h7fk7tnuv2				
2026-09-15	MR-2026-04677	MAT-STE-2026-21502	303910	L002-OWPALT-049A	CNWH49562	1	0	DESKTOP_PICKED_NOT_IN_ERP	Desktop picked here but ERP did not deduct this carton					
2026-09-15	MR-2026-04677	MAT-STE-2026-21502	303910	L002-OWPALT-049A	CNWH49568	1	0	DESKTOP_PICKED_NOT_IN_ERP	Desktop picked here but ERP did not deduct this carton					
2026-09-15	MR-2026-04677	MAT-STE-2026-21502	306417	L001-OWPALT-071B	CNWH42157	0	1	ERP_AUTO_PICKED_HERE	ERP deducted here but desktop did not pick this carton	h7hkn0kvla				
2026-09-15	MR-2026-04677	MAT-STE-2026-21502	306417	L001-OWPALT-073A	CNWH42159	1	0	DESKTOP_PICKED_NOT_IN_ERP	Desktop picked here but ERP did not deduct this carton					
2026-09-15	MR-2026-04677	MAT-STE-2026-21502	312595	L001-OWPALT-048A	CNWH53203	0	2	ERP_AUTO_PICKED_HERE	ERP deducted here but desktop did not pick this carton	h7isd8f5qe				
2026-09-15	MR-2026-04677	MAT-STE-2026-21502	312595	L001-OWPALT-065A	CNWH55406	2	0	DESKTOP_PICKED_NOT_IN_ERP	Desktop picked here but ERP did not deduct this carton					
2026-09-15	MR-2026-04677	MAT-STE-2026-21502	320123	L001-OWPALT-048A	CNWH64516	0	1	ERP_AUTO_PICKED_HERE	ERP deducted here but desktop did not pick this carton	h7kg8ss0ra				
2026-09-15	MR-2026-04677	MAT-STE-2026-21502	320123	L001-OWPALT-048A	CNWH64517	1	0	DESKTOP_PICKED_NOT_IN_ERP	Desktop picked here but ERP did not deduct this carton					
2026-09-15	MR-2026-04677	MAT-STE-2026-21502	320124	L001-OWPALT-057A	CNWH50788	5	0	DESKTOP_PICKED_NOT_IN_ERP	Desktop picked here but ERP did not deduct this carton					
2026-09-15	MR-2026-04677	MAT-STE-2026-21502	320124	L001-OWPALT-064A	CNWH64575	1	4	QTY_MISMATCH	Desktop and ERP qty differ on same carton	h7n75ra51p				
2026-09-15	MR-2026-04677	MAT-STE-2026-21502	320124	L001-OWPALT-069D	CNWH64588	0	2	ERP_AUTO_PICKED_HERE	ERP deducted here but desktop did not pick this carton	h7om5ucdcp				
2026-09-15	MR-2026-04677	MAT-STE-2026-21502	320126	L001-OWPALT-040A	CNWH64559	0	4	ERP_AUTO_PICKED_HERE	ERP deducted here but desktop did not pick this carton	h7qd77v1qn				
2026-09-15	MR-2026-04677	MAT-STE-2026-21502	320126	L001-OWPALT-075C	CNWH64527	4	0	DESKTOP_PICKED_NOT_IN_ERP	Desktop picked here but ERP did not deduct this carton					
2026-09-15	MR-2026-04677	MAT-STE-2026-21502	320127	L001-OWPALT-048A	CNWH53203	2	0	DESKTOP_PICKED_NOT_IN_ERP	Desktop picked here but ERP did not deduct this carton					
2026-09-15	MR-2026-04677	MAT-STE-2026-21502	320127	L001-OWPALT-065A	CNWH60147	0	2	ERP_AUTO_PICKED_HERE	ERP deducted here but desktop did not pick this carton	h7r6bm28ef				
2026-09-15	MR-2026-04677	MAT-STE-2026-21502	320129	L001-OWPALT-040A	CNWH63609	1	0	DESKTOP_PICKED_NOT_IN_ERP	Desktop picked here but ERP did not deduct this carton					
2026-09-15	MR-2026-04677	MAT-STE-2026-21502	320129	L001-OWPALT-057A	CNWH50788	0	1	ERP_AUTO_PICKED_HERE	ERP deducted here but desktop did not pick this carton	h80pgtvaum				
2026-09-15	MR-2026-04677	MAT-STE-2026-21502	320130	L001-OWPALT-057A	CNWH50788	1	0	DESKTOP_PICKED_NOT_IN_ERP	Desktop picked here but ERP did not deduct this carton					
2026-09-15	MR-2026-04677	MAT-STE-2026-21502	320130	L001-OWPALT-079B	CNWH63616	1	0	DESKTOP_PICKED_NOT_IN_ERP	Desktop picked here but ERP did not deduct this carton					
2026-09-15	MR-2026-04677	MAT-STE-2026-21502	320130	L001-OWPALT-079B	CNWH63617	0	2	ERP_AUTO_PICKED_HERE	ERP deducted here but desktop did not pick this carton	h82vk43mgi				
2026-09-15	MR-2026-04677	MAT-STE-2026-21502	322769	L001-OWPALT-033A	CNWH69259	0	1	ERP_AUTO_PICKED_HERE	ERP deducted here but desktop did not pick this carton	h84oc8i6o2				
2026-09-15	MR-2026-04677	MAT-STE-2026-21502	322769	L002-OWPALT-017A	CNWH59600	1	0	DESKTOP_PICKED_NOT_IN_ERP	Desktop picked here but ERP did not deduct this carton					
2026-09-15	MR-2026-04677	MAT-STE-2026-21502	322770	L001-OWPALT-024A	CNWH69825	0	1	ERP_AUTO_PICKED_HERE	ERP deducted here but desktop did not pick this carton	h86oiit2jh				
2026-09-15	MR-2026-04677	MAT-STE-2026-21502	322770	L001-OWPALT-039B	CNWH12876	0	1	ERP_AUTO_PICKED_HERE	ERP deducted here but desktop did not pick this carton	h87jofeq01				
2026-09-15	MR-2026-04677	MAT-STE-2026-21502	322770	L001-OWPALT-039B	CNWH53207	0	1	ERP_AUTO_PICKED_HERE	ERP deducted here but desktop did not pick this carton	h88bub6sup				
2026-09-15	MR-2026-04677	MAT-STE-2026-21502	322770	L002-OWPALT-040A	CNWH60088	1	0	DESKTOP_PICKED_NOT_IN_ERP	Desktop picked here but ERP did not deduct this carton					
2026-09-15	MR-2026-04677	MAT-STE-2026-21502	322770	L002-OWPALT-040A	CNWH60089	1	0	DESKTOP_PICKED_NOT_IN_ERP	Desktop picked here but ERP did not deduct this carton					
2026-09-15	MR-2026-04677	MAT-STE-2026-21502	322770	L002-OWPALT-048A	CNWH62703	1	0	DESKTOP_PICKED_NOT_IN_ERP	Desktop picked here but ERP did not deduct this carton					
2026-09-15	MR-2026-04725	MAT-STE-2026-21489	326840	L009-OWSHEL-002B	CNWH66384	1	0	DESKTOP_PICKED_NOT_IN_ERP	Desktop picked here but ERP did not deduct this carton					
2026-09-15	MR-2026-04725	MAT-STE-2026-21489	326840	L009-OWSHEL-023B	CNWH66463	0	1	ERP_AUTO_PICKED_HERE	ERP deducted here but desktop did not pick this carton	2pj8l1bcai				
2026-09-15	MR-2026-04725	MAT-STE-2026-21489	327934	L017-OWPALT-038C	CNWH50783	0	1	ERP_AUTO_PICKED_HERE	ERP deducted here but desktop did not pick this carton	2pllcso4pu				
2026-09-15	MR-2026-04725	MAT-STE-2026-21489	327934	L017-OWPALT-038C	CNWH56181	1	0	DESKTOP_PICKED_NOT_IN_ERP	Desktop picked here but ERP did not deduct this carton					
2026-09-15	MR-2026-04725	MAT-STE-2026-21489	327940	L017-OWPALT-038C	CNWH54660	1	0	DESKTOP_PICKED_NOT_IN_ERP	Desktop picked here but ERP did not deduct this carton					
2026-09-15	MR-2026-04725	MAT-STE-2026-21489	327940	L017-OWPALT-038C	CNWH67024	0	1	ERP_AUTO_PICKED_HERE	ERP deducted here but desktop did not pick this carton	2pshstahi7				
2026-09-15	MR-2026-04725	MAT-STE-2026-21489	327941	L017-OWPALT-038C	CNWH54660	1	0	DESKTOP_PICKED_NOT_IN_ERP	Desktop picked here but ERP did not deduct this carton					
2026-09-15	MR-2026-04725	MAT-STE-2026-21489	327941	L017-OWPALT-038C	CNWH67024	0	1	ERP_AUTO_PICKED_HERE	ERP deducted here but desktop did not pick this carton	2q079g39o5				
2026-09-15	MR-2026-04726	MAT-STE-2026-21490	326847	L009-OWSHEL-011B	CNWH66424	1	0	DESKTOP_PICKED_NOT_IN_ERP	Desktop picked here but ERP did not deduct this carton					
2026-09-15	MR-2026-04726	MAT-STE-2026-21490	326847	L009-OWSHEL-013A	CNWH66437	0	1	ERP_AUTO_PICKED_HERE	ERP deducted here but desktop did not pick this carton	32vkij41s7				
2026-09-15	MR-2026-04726	MAT-STE-2026-21490	326848	L009-OWSHEL-024A	CNWH66453	1	0	DESKTOP_PICKED_NOT_IN_ERP	Desktop picked here but ERP did not deduct this carton					
2026-09-15	MR-2026-04726	MAT-STE-2026-21490	326848	L009-OWSHEL-024A	CNWH66470	0	1	ERP_AUTO_PICKED_HERE	ERP deducted here but desktop did not pick this carton	332mq3chps				
2026-09-15	MR-2026-04726	MAT-STE-2026-21490	326869	L009-OWSHEL-011B	CNWH66419	0	1	ERP_AUTO_PICKED_HERE	ERP deducted here but desktop did not pick this carton	339u64g68d				
2026-09-15	MR-2026-04726	MAT-STE-2026-21490	326869	L009-OWSHEL-011B	CNWH66428	1	0	DESKTOP_PICKED_NOT_IN_ERP	Desktop picked here but ERP did not deduct this carton					
2026-09-15	MR-2026-04726	MAT-STE-2026-21490	327933	L017-OWPALT-038C	CNWH50783	0	2	ERP_AUTO_PICKED_HERE	ERP deducted here but desktop did not pick this carton	3464bafhfc				
2026-09-15	MR-2026-04726	MAT-STE-2026-21490	327933	L017-OWPALT-038C	CNWH53607	2	1	QTY_MISMATCH	Desktop and ERP qty differ on same carton	3480sa6j8r				
2026-09-15	MR-2026-04726	MAT-STE-2026-21490	327933	L017-OWPALT-038C	CNWH54660	1	0	DESKTOP_PICKED_NOT_IN_ERP	Desktop picked here but ERP did not deduct this carton					
2026-09-15	MR-2026-04726	MAT-STE-2026-21490	327939	L017-OWPALT-038C	CNWH54660	3	0	DESKTOP_PICKED_NOT_IN_ERP	Desktop picked here but ERP did not deduct this carton					
2026-09-15	MR-2026-04726	MAT-STE-2026-21490	327939	L017-OWPALT-038C	CNWH67024	0	3	ERP_AUTO_PICKED_HERE	ERP deducted here but desktop did not pick this carton	34gn1l1tkb				
2026-09-15	MR-2026-04726	MAT-STE-2026-21490	329657	L017-OWPALT-015B	CNWH60597	0	1	ERP_AUTO_PICKED_HERE	ERP deducted here but desktop did not pick this carton	352um1abp7				
2026-09-15	MR-2026-04726	MAT-STE-2026-21490	329657	L017-OWPALT-015B	CNWH67034	1	0	DESKTOP_PICKED_NOT_IN_ERP	Desktop picked here but ERP did not deduct this carton					
2026-09-15	MR-2026-04726	MAT-STE-2026-21490	329698	L017-OWPALT-015B	CNWH67032	2	1	QTY_MISMATCH	Desktop and ERP qty differ on same carton	359msim18v				
2026-09-15	MR-2026-04726	MAT-STE-2026-21490	329698	L017-OWPALT-015B	CNWH67034	0	1	ERP_AUTO_PICKED_HERE	ERP deducted here but desktop did not pick this carton	358fs7jic9				
2026-09-15	MR-2026-04726	MAT-STE-2026-21490	329700	L017-OWPALT-015B	CNWH67028	0	1	ERP_AUTO_PICKED_HERE	ERP deducted here but desktop did not pick this carton	35e9uvdk1u				
2026-09-15	MR-2026-04726	MAT-STE-2026-21490	329700	L017-OWPALT-015B	CNWH67034	1	0	DESKTOP_PICKED_NOT_IN_ERP	Desktop picked here but ERP did not deduct this carton					
2026-09-15	MR-2026-04726	MAT-STE-2026-21490	329706	L017-OWPALT-015B	CNWH67034	2	0	DESKTOP_PICKED_NOT_IN_ERP	Desktop picked here but ERP did not deduct this carton					
2026-09-15	MR-2026-04726	MAT-STE-2026-21490	329706	L017-OWPALT-015B	CNWH67049	0	2	ERP_AUTO_PICKED_HERE	ERP deducted here but desktop did not pick this carton	35hcnq05hv				
2026-09-15	MR-2026-04726	MAT-STE-2026-21490	329800	L009-OWSHEL-018F	CNWH67038	0	2	ERP_AUTO_PICKED_HERE	ERP deducted here but desktop did not pick this carton	35mmn73f83				
2026-09-15	MR-2026-04726	MAT-STE-2026-21490	329800	L009-OWSHEL-018F	CNWH67041	2	0	DESKTOP_PICKED_NOT_IN_ERP	Desktop picked here but ERP did not deduct this carton					
2026-09-15	MR-2026-04726	MAT-STE-2026-21490	329803	L009-OWSHEL-018F	CNWH67038	0	2	ERP_AUTO_PICKED_HERE	ERP deducted here but desktop did not pick this carton	35pj8eompq				
2026-09-15	MR-2026-04726	MAT-STE-2026-21490	329803	L009-OWSHEL-018F	CNWH67041	2	0	DESKTOP_PICKED_NOT_IN_ERP	Desktop picked here but ERP did not deduct this carton					
2026-09-15	MR-2026-04727	MAT-STE-2026-21492	326870	L009-OWSHEL-001A	CNWH66385	0	1	ERP_AUTO_PICKED_HERE	ERP deducted here but desktop did not pick this carton	3frc71noij				
2026-09-15	MR-2026-04727	MAT-STE-2026-21492	326870	L009-OWSHEL-011B	CNWH66428	1	0	DESKTOP_PICKED_NOT_IN_ERP	Desktop picked here but ERP did not deduct this carton					
2026-09-15	MR-2026-04727	MAT-STE-2026-21492	326881	L009-OWSHEL-001A	CNWH66405	0	1	ERP_AUTO_PICKED_HERE	ERP deducted here but desktop did not pick this carton	3fvtbttvsq				
2026-09-15	MR-2026-04727	MAT-STE-2026-21492	326881	L009-OWSHEL-014B	CNWH66451	1	0	DESKTOP_PICKED_NOT_IN_ERP	Desktop picked here but ERP did not deduct this carton					
2026-09-15	MR-2026-04727	MAT-STE-2026-21492	327801	L009-OWSHEL-023B	CNWH66491	0	1	ERP_AUTO_PICKED_HERE	ERP deducted here but desktop did not pick this carton	3g4g6a8j9b				
2026-09-15	MR-2026-04727	MAT-STE-2026-21492	327801	L009-OWSHEL-026B	CNWH66494	1	0	DESKTOP_PICKED_NOT_IN_ERP	Desktop picked here but ERP did not deduct this carton					
2026-09-15	MR-2026-04727	MAT-STE-2026-21492	327932	L017-OWPALT-038C	CNWH53607	0	1	ERP_AUTO_PICKED_HERE	ERP deducted here but desktop did not pick this carton	3gem88crf5				
2026-09-15	MR-2026-04727	MAT-STE-2026-21492	327932	L017-OWPALT-038C	CNWH54660	1	0	DESKTOP_PICKED_NOT_IN_ERP	Desktop picked here but ERP did not deduct this carton					
2026-09-15	MR-2026-04727	MAT-STE-2026-21492	327940	L017-OWPALT-038C	CNWH54660	1	0	DESKTOP_PICKED_NOT_IN_ERP	Desktop picked here but ERP did not deduct this carton					
2026-09-15	MR-2026-04727	MAT-STE-2026-21492	327940	L017-OWPALT-038C	CNWH67024	0	1	ERP_AUTO_PICKED_HERE	ERP deducted here but desktop did not pick this carton	3gl1m8fhrc				
2026-09-15	MR-2026-04727	MAT-STE-2026-21492	327941	L017-OWPALT-038C	CNWH54660	2	0	DESKTOP_PICKED_NOT_IN_ERP	Desktop picked here but ERP did not deduct this carton					
2026-09-15	MR-2026-04727	MAT-STE-2026-21492	327941	L017-OWPALT-038C	CNWH67024	0	2	ERP_AUTO_PICKED_HERE	ERP deducted here but desktop did not pick this carton	3gmvolc0kv				
2026-09-15	MR-2026-04727	MAT-STE-2026-21492	329669	L017-OWPALT-027C	CNWH67045	0	1	ERP_AUTO_PICKED_HERE	ERP deducted here but desktop did not pick this carton	3h08tgohhd				
2026-09-15	MR-2026-04727	MAT-STE-2026-21492	329669	L017-OWPALT-027C	CNWH67047	1	0	DESKTOP_PICKED_NOT_IN_ERP	Desktop picked here but ERP did not deduct this carton					
2026-09-15	MR-2026-04727	MAT-STE-2026-21492	329686	L017-OWPALT-015B	CNWH67029	1	0	DESKTOP_PICKED_NOT_IN_ERP	Desktop picked here but ERP did not deduct this carton					
2026-09-15	MR-2026-04727	MAT-STE-2026-21492	329686	L017-OWPALT-038C	CNWH53607	0	1	ERP_AUTO_PICKED_HERE	ERP deducted here but desktop did not pick this carton	3h5hepu60o				
2026-09-15	MR-2026-04728	MAT-STE-2026-21493	326876	L009-OWSHEL-001A	CNWH66392	0	1	ERP_AUTO_PICKED_HERE	ERP deducted here but desktop did not pick this carton	3ruj18hd8f				
2026-09-15	MR-2026-04728	MAT-STE-2026-21493	326876	L009-OWSHEL-009D	CNWH66416	1	0	DESKTOP_PICKED_NOT_IN_ERP	Desktop picked here but ERP did not deduct this carton					
2026-09-15	MR-2026-04728	MAT-STE-2026-21493	327838	L009-OWSHEL-023B	CNWH66490	0	1	ERP_AUTO_PICKED_HERE	ERP deducted here but desktop did not pick this carton	3s96o1slsd				
2026-09-15	MR-2026-04728	MAT-STE-2026-21493	327838	L009-OWSHEL-025A	CNWH66475	1	0	DESKTOP_PICKED_NOT_IN_ERP	Desktop picked here but ERP did not deduct this carton					
2026-09-15	MR-2026-04728	MAT-STE-2026-21493	327941	L017-OWPALT-038C	CNWH54660	1	2	QTY_MISMATCH	Desktop and ERP qty differ on same carton	3snnl29pb6				
2026-09-15	MR-2026-04728	MAT-STE-2026-21493	327941	L017-OWPALT-038C	CNWH67024	1	0	DESKTOP_PICKED_NOT_IN_ERP	Desktop picked here but ERP did not deduct this carton					
2026-09-15	MR-2026-04728	MAT-STE-2026-21493	327946	L017-OWPALT-038C	CNWH53607	2	0	DESKTOP_PICKED_NOT_IN_ERP	Desktop picked here but ERP did not deduct this carton					
2026-09-15	MR-2026-04728	MAT-STE-2026-21493	327946	L017-OWPALT-038C	CNWH66659	0	2	ERP_AUTO_PICKED_HERE	ERP deducted here but desktop did not pick this carton	3srgf0sqfl				
2026-09-15	MR-2026-04728	MAT-STE-2026-21493	329420	L017-OWPALT-038C	CNWH56296	1	0	DESKTOP_PICKED_NOT_IN_ERP	Desktop picked here but ERP did not deduct this carton					
2026-09-15	MR-2026-04728	MAT-STE-2026-21493	329420	L017-OWPALT-038C	CNWH66659	0	1	ERP_AUTO_PICKED_HERE	ERP deducted here but desktop did not pick this carton	3t0glohoes				
2026-09-15	MR-2026-04728	MAT-STE-2026-21493	329655	L017-OWPALT-015B	CNWH67033	0	2	ERP_AUTO_PICKED_HERE	ERP deducted here but desktop did not pick this carton	3t527gemvi				
2026-09-15	MR-2026-04728	MAT-STE-2026-21493	329655	L017-OWPALT-015B	CNWH67034	2	0	DESKTOP_PICKED_NOT_IN_ERP	Desktop picked here but ERP did not deduct this carton					
2026-09-15	MR-2026-04728	MAT-STE-2026-21493	329660	L017-OWPALT-015B	CNWH67033	0	2	ERP_AUTO_PICKED_HERE	ERP deducted here but desktop did not pick this carton	3t7carv1st				
2026-09-15	MR-2026-04728	MAT-STE-2026-21493	329660	L017-OWPALT-015B	CNWH67034	2	0	DESKTOP_PICKED_NOT_IN_ERP	Desktop picked here but ERP did not deduct this carton					
2026-09-15	MR-2026-04728	MAT-STE-2026-21493	329674	L017-OWPALT-015B	CNWH67028	0	1	ERP_AUTO_PICKED_HERE	ERP deducted here but desktop did not pick this carton	3tfr8eiafq				
2026-09-15	MR-2026-04728	MAT-STE-2026-21493	329674	L017-OWPALT-015B	CNWH67049	0	1	ERP_AUTO_PICKED_HERE	ERP deducted here but desktop did not pick this carton	3tjvgb7c05				
2026-09-15	MR-2026-04728	MAT-STE-2026-21493	329674	L017-OWPALT-027C	CNWH67045	2	0	DESKTOP_PICKED_NOT_IN_ERP	Desktop picked here but ERP did not deduct this carton					
2026-09-15	MR-2026-04728	MAT-STE-2026-21493	329675	L017-OWPALT-015B	CNWH67028	0	1	ERP_AUTO_PICKED_HERE	ERP deducted here but desktop did not pick this carton	3tmgsh8dm6				
2026-09-15	MR-2026-04728	MAT-STE-2026-21493	329675	L017-OWPALT-027C	CNWH67045	1	0	DESKTOP_PICKED_NOT_IN_ERP	Desktop picked here but ERP did not deduct this carton					
2026-09-15	MR-2026-04728	MAT-STE-2026-21493	329706	L017-OWPALT-015B	CNWH67034	2	0	DESKTOP_PICKED_NOT_IN_ERP	Desktop picked here but ERP did not deduct this carton					
2026-09-15	MR-2026-04728	MAT-STE-2026-21493	329706	L017-OWPALT-027C	CNWH60593	0	2	ERP_AUTO_PICKED_HERE	ERP deducted here but desktop did not pick this carton	3tq1aq6ac8				
2026-09-15	MR-2026-04729	MAT-STE-2026-21494	326858	L009-OWSHEL-001A	CNWH66387	0	1	ERP_AUTO_PICKED_HERE	ERP deducted here but desktop did not pick this carton	458u1qdnjg				
2026-09-15	MR-2026-04729	MAT-STE-2026-21494	326858	L009-OWSHEL-002B	CNWH66398	1	0	DESKTOP_PICKED_NOT_IN_ERP	Desktop picked here but ERP did not deduct this carton					
2026-09-15	MR-2026-04729	MAT-STE-2026-21494	326860	L009-OWSHEL-001A	CNWH66410	0	1	ERP_AUTO_PICKED_HERE	ERP deducted here but desktop did not pick this carton	45clud3qin				
2026-09-15	MR-2026-04729	MAT-STE-2026-21494	326860	L009-OWSHEL-002B	CNWH66398	1	0	DESKTOP_PICKED_NOT_IN_ERP	Desktop picked here but ERP did not deduct this carton					
2026-09-15	MR-2026-04729	MAT-STE-2026-21494	326865	L009-OWSHEL-001A	CNWH66387	0	1	ERP_AUTO_PICKED_HERE	ERP deducted here but desktop did not pick this carton	45f664fmld				
2026-09-15	MR-2026-04729	MAT-STE-2026-21494	326865	L009-OWSHEL-002B	CNWH66384	1	0	DESKTOP_PICKED_NOT_IN_ERP	Desktop picked here but ERP did not deduct this carton					
2026-09-15	MR-2026-04729	MAT-STE-2026-21494	327932	L017-OWPALT-038C	CNWH53607	1	0	DESKTOP_PICKED_NOT_IN_ERP	Desktop picked here but ERP did not deduct this carton					
2026-09-15	MR-2026-04729	MAT-STE-2026-21494	327932	L017-OWPALT-038C	CNWH54660	0	1	ERP_AUTO_PICKED_HERE	ERP deducted here but desktop did not pick this carton	46807kjr8m				
2026-09-15	MR-2026-04729	MAT-STE-2026-21494	327933	L017-OWPALT-038C	CNWH54660	1	0	DESKTOP_PICKED_NOT_IN_ERP	Desktop picked here but ERP did not deduct this carton					
2026-09-15	MR-2026-04729	MAT-STE-2026-21494	327933	L017-OWPALT-038C	CNWH56181	0	1	ERP_AUTO_PICKED_HERE	ERP deducted here but desktop did not pick this carton	4693tjpdk0				
2026-09-15	MR-2026-04729	MAT-STE-2026-21494	327939	L017-OWPALT-038C	CNWH50783	0	1	ERP_AUTO_PICKED_HERE	ERP deducted here but desktop did not pick this carton	46b7hnmt15				
2026-09-15	MR-2026-04729	MAT-STE-2026-21494	327939	L017-OWPALT-038C	CNWH54660	1	0	DESKTOP_PICKED_NOT_IN_ERP	Desktop picked here but ERP did not deduct this carton					
2026-09-15	MR-2026-04729	MAT-STE-2026-21494	329420	L017-OWPALT-038C	CNWH26525	0	1	ERP_AUTO_PICKED_HERE	ERP deducted here but desktop did not pick this carton	46kufltbqv				
2026-09-15	MR-2026-04729	MAT-STE-2026-21494	329420	L017-OWPALT-038C	CNWH56296	1	0	DESKTOP_PICKED_NOT_IN_ERP	Desktop picked here but ERP did not deduct this carton					
2026-09-15	MR-2026-04729	MAT-STE-2026-21494	329656	L017-OWPALT-015B	CNWH67030	0	2	ERP_AUTO_PICKED_HERE	ERP deducted here but desktop did not pick this carton	47204c2mg7				
2026-09-15	MR-2026-04729	MAT-STE-2026-21494	329656	L017-OWPALT-015B	CNWH67034	2	0	DESKTOP_PICKED_NOT_IN_ERP	Desktop picked here but ERP did not deduct this carton					
2026-09-15	MR-2026-04729	MAT-STE-2026-21494	329699	L017-OWPALT-015B	CNWH67028	0	1	ERP_AUTO_PICKED_HERE	ERP deducted here but desktop did not pick this carton	47657l0vss				
2026-09-15	MR-2026-04729	MAT-STE-2026-21494	329699	L017-OWPALT-015B	CNWH67034	1	0	DESKTOP_PICKED_NOT_IN_ERP	Desktop picked here but ERP did not deduct this carton					
2026-09-15	MR-2026-04729	MAT-STE-2026-21494	329700	L017-OWPALT-015B	CNWH67032	0	2	ERP_AUTO_PICKED_HERE	ERP deducted here but desktop did not pick this carton	47a0b8kr2m				
2026-09-15	MR-2026-04729	MAT-STE-2026-21494	329700	L017-OWPALT-015B	CNWH67034	2	0	DESKTOP_PICKED_NOT_IN_ERP	Desktop picked here but ERP did not deduct this carton					
2026-09-15	MR-2026-04744	MAT-STE-2026-21495	270831	L016-OWPALT-056A	CNWH67938	3	1	QTY_MISMATCH	Desktop and ERP qty differ on same carton	beq2p6kein				
2026-09-15	MR-2026-04744	MAT-STE-2026-21495	301470	L016-OWPALT-007B	CNWH54615	4	3	QTY_MISMATCH	Desktop and ERP qty differ on same carton	bg6i09bn13				
2026-09-15	MR-2026-04744	MAT-STE-2026-21495	301470	L016-OWPALT-015B	CNWH50787	0	1	ERP_AUTO_PICKED_HERE	ERP deducted here but desktop did not pick this carton	bg4skhtbrs				
2026-09-15	MR-2026-04744	MAT-STE-2026-21495	301471	L009-OWSHEL-016D	CNWH66434	0	3	ERP_AUTO_PICKED_HERE	ERP deducted here but desktop did not pick this carton	bgapciaa80				
2026-09-15	MR-2026-04744	MAT-STE-2026-21495	301471	L009-OWSHEL-016D	CNWH66435	0	3	ERP_AUTO_PICKED_HERE	ERP deducted here but desktop did not pick this carton	bgcpd51ath				
2026-09-15	MR-2026-04744	MAT-STE-2026-21495	301471	L009-OWSHEL-016D	CNWH66442	6	0	DESKTOP_PICKED_NOT_IN_ERP	Desktop picked here but ERP did not deduct this carton					
2026-09-15	MR-2026-04744	MAT-STE-2026-21495	301472	L009-OWSHEL-016D	CNWH66434	0	6	ERP_AUTO_PICKED_HERE	ERP deducted here but desktop did not pick this carton	bgh0f1946m				
2026-09-15	MR-2026-04744	MAT-STE-2026-21495	301472	L016-OWPALT-040A	CNWH64785	6	0	DESKTOP_PICKED_NOT_IN_ERP	Desktop picked here but ERP did not deduct this carton					
2026-09-15	MR-2026-04744	MAT-STE-2026-21495	301473	L009-OWSHEL-016D	CNWH66434	6	5	QTY_MISMATCH	Desktop and ERP qty differ on same carton	bgl8g0vja0				
2026-09-15	MR-2026-04744	MAT-STE-2026-21495	301473	L009-OWSHEL-016D	CNWH66435	0	1	ERP_AUTO_PICKED_HERE	ERP deducted here but desktop did not pick this carton	bgo7c0dvva				
2026-09-15	MR-2026-04744	MAT-STE-2026-21495	301473	L009-OWSHEL-016D	CNWH66442	4	0	DESKTOP_PICKED_NOT_IN_ERP	Desktop picked here but ERP did not deduct this carton					
2026-09-15	MR-2026-04744	MAT-STE-2026-21495	301475	L009-OWSHEL-016D	CNWH66434	3	0	DESKTOP_PICKED_NOT_IN_ERP	Desktop picked here but ERP did not deduct this carton					
2026-09-15	MR-2026-04744	MAT-STE-2026-21495	301475	L009-OWSHEL-016D	CNWH66435	1	3	QTY_MISMATCH	Desktop and ERP qty differ on same carton	bh1212rck7				
2026-09-15	MR-2026-04744	MAT-STE-2026-21495	301475	L009-OWSHEL-016D	CNWH66442	0	1	ERP_AUTO_PICKED_HERE	ERP deducted here but desktop did not pick this carton	bh4t3t8pcl				
2026-09-15	MR-2026-04744	MAT-STE-2026-21495	301477	L009-OWSHEL-016D	CNWH66434	3	0	DESKTOP_PICKED_NOT_IN_ERP	Desktop picked here but ERP did not deduct this carton					
2026-09-15	MR-2026-04744	MAT-STE-2026-21495	301477	L009-OWSHEL-016D	CNWH66468	0	1	ERP_AUTO_PICKED_HERE	ERP deducted here but desktop did not pick this carton	bhf1565r6b				
2026-09-15	MR-2026-04744	MAT-STE-2026-21495	301477	L009-OWSHEL-035B	CNWH60202	0	2	ERP_AUTO_PICKED_HERE	ERP deducted here but desktop did not pick this carton	bhibpjv8sa				
2026-09-15	MR-2026-04744	MAT-STE-2026-21495	301480	L009-OWSHEL-044E	CNWH65019	1	0	DESKTOP_PICKED_NOT_IN_ERP	Desktop picked here but ERP did not deduct this carton					
2026-09-15	MR-2026-04744	MAT-STE-2026-21495	301480	L016-OWPALT-018B	CNWH60245	0	1	ERP_AUTO_PICKED_HERE	ERP deducted here but desktop did not pick this carton	bhvdcuqqpe				
2026-09-15	MR-2026-04744	MAT-STE-2026-21495	301549	L009-OWSHEL-002B	CNWH60641	0	6	ERP_AUTO_PICKED_HERE	ERP deducted here but desktop did not pick this carton	bii7ntu49h				
2026-09-15	MR-2026-04744	MAT-STE-2026-21495	301549	L009-OWSHEL-048A	CNWH60248	6	0	DESKTOP_PICKED_NOT_IN_ERP	Desktop picked here but ERP did not deduct this carton					
2026-09-15	MR-2026-04744	MAT-STE-2026-21495	301550	L009-OWSHEL-002B	CNWH60641	0	6	ERP_AUTO_PICKED_HERE	ERP deducted here but desktop did not pick this carton	bim3aokk0g				
2026-09-15	MR-2026-04744	MAT-STE-2026-21495	301550	L009-OWSHEL-048A	CNWH60184	6	0	DESKTOP_PICKED_NOT_IN_ERP	Desktop picked here but ERP did not deduct this carton					
2026-09-15	MR-2026-04744	MAT-STE-2026-21495	301551	L009-OWSHEL-016D	CNWH66434	0	6	ERP_AUTO_PICKED_HERE	ERP deducted here but desktop did not pick this carton	bipq6mhgvo				
2026-09-15	MR-2026-04744	MAT-STE-2026-21495	301551	L009-OWSHEL-048A	CNWH60184	6	0	DESKTOP_PICKED_NOT_IN_ERP	Desktop picked here but ERP did not deduct this carton					
2026-09-15	MR-2026-04744	MAT-STE-2026-21495	301552	L009-OWSHEL-002B	CNWH60620	0	1	ERP_AUTO_PICKED_HERE	ERP deducted here but desktop did not pick this carton	bisqosr66q				
2026-09-15	MR-2026-04744	MAT-STE-2026-21495	301552	L009-OWSHEL-002B	CNWH60641	0	5	ERP_AUTO_PICKED_HERE	ERP deducted here but desktop did not pick this carton	bius2mc0rg				
2026-09-15	MR-2026-04744	MAT-STE-2026-21495	301552	L009-OWSHEL-045D	CNWH60617	6	0	DESKTOP_PICKED_NOT_IN_ERP	Desktop picked here but ERP did not deduct this carton					
2026-09-15	MR-2026-04744	MAT-STE-2026-21495	301553	L009-OWSHEL-016D	CNWH66390	0	2	ERP_AUTO_PICKED_HERE	ERP deducted here but desktop did not pick this carton	bj2o42jggq				
2026-09-15	MR-2026-04744	MAT-STE-2026-21495	301553	L009-OWSHEL-016D	CNWH66434	0	1	ERP_AUTO_PICKED_HERE	ERP deducted here but desktop did not pick this carton	bj5l679mv3				
2026-09-15	MR-2026-04744	MAT-STE-2026-21495	301553	L009-OWSHEL-048A	CNWH60193	7	0	DESKTOP_PICKED_NOT_IN_ERP	Desktop picked here but ERP did not deduct this carton					
2026-09-17	MR-2026-04667	MAT-STE-2026-21598	263315	L001-OWPALT-033A	CNWH69814	0	1	ERP_AUTO_PICKED_HERE	ERP deducted here but desktop did not pick this carton	b8mhjri5lb				
2026-09-17	MR-2026-04667	MAT-STE-2026-21598	263315	L001-OWPALT-051C	CNWH10839	0	1	ERP_AUTO_PICKED_HERE	ERP deducted here but desktop did not pick this carton	b8m33rlncm				
2026-09-17	MR-2026-04667	MAT-STE-2026-21598	263315	L003-OWPALT-049A	CNWH69296	1	0	DESKTOP_PICKED_NOT_IN_ERP	Desktop picked here but ERP did not deduct this carton					
2026-09-17	MR-2026-04667	MAT-STE-2026-21598	263315	L006-OWPALT-001A	CNWH10911	1	0	DESKTOP_PICKED_NOT_IN_ERP	Desktop picked here but ERP did not deduct this carton					
2026-09-17	MR-2026-04667	MAT-STE-2026-21598	267358	L002-OWPALT-009A	CNWH56699	1	0	DESKTOP_PICKED_NOT_IN_ERP	Desktop picked here but ERP did not deduct this carton					
2026-09-17	MR-2026-04667	MAT-STE-2026-21598	267358	L002-OWPALT-010B	CNWH05636	0	1	ERP_AUTO_PICKED_HERE	ERP deducted here but desktop did not pick this carton	b8mkqrv48e				
2026-09-17	MR-2026-04667	MAT-STE-2026-21598	267358	L002-OWPALT-010B	CNWH51081	0	1	ERP_AUTO_PICKED_HERE	ERP deducted here but desktop did not pick this carton	b8nkcoa1ll				
2026-09-17	MR-2026-04667	MAT-STE-2026-21598	267358	L002-OWPALT-016A	CNWH62428	0	1	ERP_AUTO_PICKED_HERE	ERP deducted here but desktop did not pick this carton	b8nakvqn2u				
2026-09-17	MR-2026-04667	MAT-STE-2026-21598	267358	L003-OWPALT-049A	CNWH05616	2	0	DESKTOP_PICKED_NOT_IN_ERP	Desktop picked here but ERP did not deduct this carton					
2026-09-17	MR-2026-04667	MAT-STE-2026-21598	279306	L001-OWPALT-032A	CNWH69711	1	0	DESKTOP_PICKED_NOT_IN_ERP	Desktop picked here but ERP did not deduct this carton					
2026-09-17	MR-2026-04667	MAT-STE-2026-21598	279306	L001-OWPALT-071B	CNWH42236	0	1	ERP_AUTO_PICKED_HERE	ERP deducted here but desktop did not pick this carton	b8nrd6dneo				
2026-09-17	MR-2026-04667	MAT-STE-2026-21598	287705	L001-OWPALT-016A	CNWH15934	0	1	ERP_AUTO_PICKED_HERE	ERP deducted here but desktop did not pick this carton	b8ogkq0in9				
2026-09-17	MR-2026-04667	MAT-STE-2026-21598	287705	L001-OWPALT-025A	CNWH17979	1	0	DESKTOP_PICKED_NOT_IN_ERP	Desktop picked here but ERP did not deduct this carton					
2026-09-17	MR-2026-04667	MAT-STE-2026-21598	303910	L002-OWPALT-049A	CNWH49431	0	1	ERP_AUTO_PICKED_HERE	ERP deducted here but desktop did not pick this carton	b8oq36jb10				
2026-09-17	MR-2026-04667	MAT-STE-2026-21598	303910	L002-OWPALT-049A	CNWH49432	1	0	DESKTOP_PICKED_NOT_IN_ERP	Desktop picked here but ERP did not deduct this carton					
2026-09-17	MR-2026-04667	MAT-STE-2026-21598	308311	L001-OWPALT-023B	CNWH43487	0	1	ERP_AUTO_PICKED_HERE	ERP deducted here but desktop did not pick this carton	b8pb542s9j				
2026-09-17	MR-2026-04667	MAT-STE-2026-21598	308311	L001-OWPALT-042B	CNWH43794	1	0	DESKTOP_PICKED_NOT_IN_ERP	Desktop picked here but ERP did not deduct this carton					
2026-09-17	MR-2026-04667	MAT-STE-2026-21598	312595	L001-OWPALT-049A	CNWH67848	0	1	ERP_AUTO_PICKED_HERE	ERP deducted here but desktop did not pick this carton	b8pqofkhtg				
2026-09-17	MR-2026-04667	MAT-STE-2026-21598	312595	L001-OWPALT-065A	CNWH55406	1	0	DESKTOP_PICKED_NOT_IN_ERP	Desktop picked here but ERP did not deduct this carton					
2026-09-17	MR-2026-04667	MAT-STE-2026-21598	322769	L001-OWPALT-024A	CNWH69815	1	0	DESKTOP_PICKED_NOT_IN_ERP	Desktop picked here but ERP did not deduct this carton					
2026-09-17	MR-2026-04667	MAT-STE-2026-21598	322769	L001-OWPALT-039B	CNWH53207	0	1	ERP_AUTO_PICKED_HERE	ERP deducted here but desktop did not pick this carton	b8rp33bsgc				
2026-09-17	MR-2026-04667	MAT-STE-2026-21598	322770	L001-OWPALT-039B	CNWH60284	0	1	ERP_AUTO_PICKED_HERE	ERP deducted here but desktop did not pick this carton	b8te4i34mc				
2026-09-17	MR-2026-04667	MAT-STE-2026-21598	322770	L002-OWPALT-025A	CNWH59626	1	0	DESKTOP_PICKED_NOT_IN_ERP	Desktop picked here but ERP did not deduct this carton					
2026-09-17	MR-2026-04667	MAT-STE-2026-21598	324245	L001-OWPALT-055B	CNWH62927	0	1	ERP_AUTO_PICKED_HERE	ERP deducted here but desktop did not pick this carton	b8t8oec5l1				
2026-09-17	MR-2026-04667	MAT-STE-2026-21598	324245	L003-OWPALT-017A	CNWH62844	1	0	DESKTOP_PICKED_NOT_IN_ERP	Desktop picked here but ERP did not deduct this carton					
2026-09-17	MR-2026-04668	MAT-STE-2026-21599	247775	L001-OWPALT-032A	CNWH69711	0	1	ERP_AUTO_PICKED_HERE	ERP deducted here but desktop did not pick this carton	bjb1r19e9m				
2026-09-17	MR-2026-04668	MAT-STE-2026-21599	247775	L001-OWPALT-074B	CNWH61873	1	0	DESKTOP_PICKED_NOT_IN_ERP	Desktop picked here but ERP did not deduct this carton					
2026-09-17	MR-2026-04668	MAT-STE-2026-21599	247782	L001-OWPALT-032A	CNWH69723	1	0	DESKTOP_PICKED_NOT_IN_ERP	Desktop picked here but ERP did not deduct this carton					
2026-09-17	MR-2026-04668	MAT-STE-2026-21599	247782	L001-OWPALT-049A	CNWH12844	0	1	ERP_AUTO_PICKED_HERE	ERP deducted here but desktop did not pick this carton	bjbo4gb6hh				
2026-09-17	MR-2026-04668	MAT-STE-2026-21599	267358	L002-OWPALT-026B	CNWH67858	0	1	ERP_AUTO_PICKED_HERE	ERP deducted here but desktop did not pick this carton	bjce8rcdio				
2026-09-17	MR-2026-04668	MAT-STE-2026-21599	267358	L002-OWPALT-032A	CNWH05713	0	1	ERP_AUTO_PICKED_HERE	ERP deducted here but desktop did not pick this carton	bjcbpmeu03				
2026-09-17	MR-2026-04668	MAT-STE-2026-21599	267358	L002-OWPALT-032A	CNWH25896	0	1	ERP_AUTO_PICKED_HERE	ERP deducted here but desktop did not pick this carton	bjcn0u4p2u				
2026-09-17	MR-2026-04668	MAT-STE-2026-21599	267358	L003-OWPALT-031B	CNWH05674	1	0	DESKTOP_PICKED_NOT_IN_ERP	Desktop picked here but ERP did not deduct this carton					
2026-09-17	MR-2026-04668	MAT-STE-2026-21599	267358	L003-OWPALT-031B	CNWH05676	1	0	DESKTOP_PICKED_NOT_IN_ERP	Desktop picked here but ERP did not deduct this carton					
2026-09-17	MR-2026-04668	MAT-STE-2026-21599	267358	L003-OWPALT-056A	CNWH15146	1	0	DESKTOP_PICKED_NOT_IN_ERP	Desktop picked here but ERP did not deduct this carton					
2026-09-17	MR-2026-04668	MAT-STE-2026-21599	279306	L001-OWPALT-032A	CNWH69711	1	0	DESKTOP_PICKED_NOT_IN_ERP	Desktop picked here but ERP did not deduct this carton					
2026-09-17	MR-2026-04668	MAT-STE-2026-21599	279306	L001-OWPALT-072A	CNWH12807	0	1	ERP_AUTO_PICKED_HERE	ERP deducted here but desktop did not pick this carton	bjcja9hkpa				
2026-09-17	MR-2026-04668	MAT-STE-2026-21599	287699	L001-OWPALT-025A	CNWH18151	0	1	ERP_AUTO_PICKED_HERE	ERP deducted here but desktop did not pick this carton	bjd18qfgaq				
2026-09-17	MR-2026-04668	MAT-STE-2026-21599	287699	L003-OWPALT-041A	CNWH18193	1	0	DESKTOP_PICKED_NOT_IN_ERP	Desktop picked here but ERP did not deduct this carton					
2026-09-17	MR-2026-04668	MAT-STE-2026-21599	306417	L001-OWPALT-032A	CNWH69723	1	0	DESKTOP_PICKED_NOT_IN_ERP	Desktop picked here but ERP did not deduct this carton					
2026-09-17	MR-2026-04668	MAT-STE-2026-21599	306417	L001-OWPALT-071B	CNWH42166	0	1	ERP_AUTO_PICKED_HERE	ERP deducted here but desktop did not pick this carton	bjd3llk3cc				
2026-09-17	MR-2026-04668	MAT-STE-2026-21599	312595	L001-OWPALT-057A	CNWH50788	0	1	ERP_AUTO_PICKED_HERE	ERP deducted here but desktop did not pick this carton	bjd4in0dm2				
2026-09-17	MR-2026-04668	MAT-STE-2026-21599	312595	L001-OWPALT-065A	CNWH55406	1	0	DESKTOP_PICKED_NOT_IN_ERP	Desktop picked here but ERP did not deduct this carton					
2026-09-17	MR-2026-04668	MAT-STE-2026-21599	320125	L001-OWPALT-057A	CNWH64587	4	6	QTY_MISMATCH	Desktop and ERP qty differ on same carton	bjeqtdeauk				
2026-09-17	MR-2026-04668	MAT-STE-2026-21599	320125	L001-OWPALT-064A	CNWH64586	2	0	DESKTOP_PICKED_NOT_IN_ERP	Desktop picked here but ERP did not deduct this carton					
2026-09-17	MR-2026-04668	MAT-STE-2026-21599	320126	L001-OWPALT-041A	CNWH64537	0	2	ERP_AUTO_PICKED_HERE	ERP deducted here but desktop did not pick this carton	bjemn1uf73				
2026-09-17	MR-2026-04668	MAT-STE-2026-21599	320126	L001-OWPALT-080A	CNWH64533	2	0	DESKTOP_PICKED_NOT_IN_ERP	Desktop picked here but ERP did not deduct this carton					
2026-09-17	MR-2026-04668	MAT-STE-2026-21599	320127	L001-OWPALT-049A	CNWH67848	1	0	DESKTOP_PICKED_NOT_IN_ERP	Desktop picked here but ERP did not deduct this carton					
2026-09-17	MR-2026-04668	MAT-STE-2026-21599	320127	L001-OWPALT-065A	CNWH63566	0	4	ERP_AUTO_PICKED_HERE	ERP deducted here but desktop did not pick this carton	bjem2g0v95				
2026-09-17	MR-2026-04668	MAT-STE-2026-21599	320127	L001-OWPALT-065A	CNWH63569	3	0	DESKTOP_PICKED_NOT_IN_ERP	Desktop picked here but ERP did not deduct this carton					
2026-09-17	MR-2026-04668	MAT-STE-2026-21599	320130	L001-OWPALT-057A	CNWH50788	2	0	DESKTOP_PICKED_NOT_IN_ERP	Desktop picked here but ERP did not deduct this carton					
2026-09-17	MR-2026-04668	MAT-STE-2026-21599	320130	L001-OWPALT-079B	CNWH63618	0	2	ERP_AUTO_PICKED_HERE	ERP deducted here but desktop did not pick this carton	bjefucsiv6				
2026-09-17	MR-2026-04668	MAT-STE-2026-21599	322769	L001-OWPALT-024A	CNWH69815	1	0	DESKTOP_PICKED_NOT_IN_ERP	Desktop picked here but ERP did not deduct this carton					
2026-09-17	MR-2026-04668	MAT-STE-2026-21599	322769	L001-OWPALT-039B	CNWH60284	0	1	ERP_AUTO_PICKED_HERE	ERP deducted here but desktop did not pick this carton	bjf4rnk5m8				
2026-09-17	MR-2026-04668	MAT-STE-2026-21599	322769	L001-OWPALT-039B	CNWH60287	0	1	ERP_AUTO_PICKED_HERE	ERP deducted here but desktop did not pick this carton	bjhq34c6ds				
2026-09-17	MR-2026-04668	MAT-STE-2026-21599	322769	L002-OWPALT-016A	CNWH60566	1	0	DESKTOP_PICKED_NOT_IN_ERP	Desktop picked here but ERP did not deduct this carton					
2026-09-17	MR-2026-04668	MAT-STE-2026-21599	322770	L001-OWPALT-039B	CNWH60287	0	1	ERP_AUTO_PICKED_HERE	ERP deducted here but desktop did not pick this carton	bjiuk7sv1b				
2026-09-17	MR-2026-04668	MAT-STE-2026-21599	322770	L002-OWPALT-033A	CNWH60585	1	0	DESKTOP_PICKED_NOT_IN_ERP	Desktop picked here but ERP did not deduct this carton					
2026-09-17	MR-2026-04668	MAT-STE-2026-21599	324245	L001-OWPALT-055B	CNWH62776	1	0	DESKTOP_PICKED_NOT_IN_ERP	Desktop picked here but ERP did not deduct this carton					
2026-09-17	MR-2026-04668	MAT-STE-2026-21599	324245	L001-OWPALT-055B	CNWH62985	0	1	ERP_AUTO_PICKED_HERE	ERP deducted here but desktop did not pick this carton	bjj80fgq80				
2026-09-17	MR-2026-04668	MAT-STE-2026-21599	324245	L001-OWPALT-066B	CNWH62794	0	1	ERP_AUTO_PICKED_HERE	ERP deducted here but desktop did not pick this carton	bjj6lidc89				
2026-09-17	MR-2026-04668	MAT-STE-2026-21599	324245	L001-OWPALT-067C	CNWH62793	0	1	ERP_AUTO_PICKED_HERE	ERP deducted here but desktop did not pick this carton	bjk2c8ccks				
2026-09-17	MR-2026-04668	MAT-STE-2026-21599	324245	L002-OWPALT-009A	CNWH67867	0	1	ERP_AUTO_PICKED_HERE	ERP deducted here but desktop did not pick this carton	bjkrtptqlr				
2026-09-17	MR-2026-04668	MAT-STE-2026-21599	324245	L002-OWPALT-031B	CNWH67849	0	1	ERP_AUTO_PICKED_HERE	ERP deducted here but desktop did not pick this carton	bjkdn3jrpc				
2026-09-17	MR-2026-04668	MAT-STE-2026-21599	324245	L002-OWPALT-031B	CNWH67872	0	1	ERP_AUTO_PICKED_HERE	ERP deducted here but desktop did not pick this carton	bjlrs1c5ou				
2026-09-17	MR-2026-04668	MAT-STE-2026-21599	324245	L002-OWPALT-051C	CNWH67841	0	1	ERP_AUTO_PICKED_HERE	ERP deducted here but desktop did not pick this carton	bjlvoc4k97				
2026-09-17	MR-2026-04668	MAT-STE-2026-21599	324245	L003-OWPALT-008A	CNWH62892	1	0	DESKTOP_PICKED_NOT_IN_ERP	Desktop picked here but ERP did not deduct this carton					
2026-09-17	MR-2026-04668	MAT-STE-2026-21599	324245	L003-OWPALT-008A	CNWH62899	1	0	DESKTOP_PICKED_NOT_IN_ERP	Desktop picked here but ERP did not deduct this carton					
2026-09-17	MR-2026-04668	MAT-STE-2026-21599	324245	L003-OWPALT-009A	CNWH62777	1	0	DESKTOP_PICKED_NOT_IN_ERP	Desktop picked here but ERP did not deduct this carton					
2026-09-17	MR-2026-04668	MAT-STE-2026-21599	324245	L003-OWPALT-009A	CNWH62954	1	0	DESKTOP_PICKED_NOT_IN_ERP	Desktop picked here but ERP did not deduct this carton					
2026-09-17	MR-2026-04668	MAT-STE-2026-21599	324245	L003-OWPALT-009A	CNWH62981	1	0	DESKTOP_PICKED_NOT_IN_ERP	Desktop picked here but ERP did not deduct this carton					
2026-09-17	MR-2026-04668	MAT-STE-2026-21599	324245	L003-OWPALT-048A	CNWH62851	1	0	DESKTOP_PICKED_NOT_IN_ERP	Desktop picked here but ERP did not deduct this carton					
2026-09-17	MR-2026-04670	MAT-STE-2026-21600	247782	L001-OWPALT-049A	CNWH12844	2	0	DESKTOP_PICKED_NOT_IN_ERP	Desktop picked here but ERP did not deduct this carton					
2026-09-17	MR-2026-04670	MAT-STE-2026-21600	247782	L001-OWPALT-071B	CNWH60756	2	4	QTY_MISMATCH	Desktop and ERP qty differ on same carton	c9hsdvh4bv				
2026-09-17	MR-2026-04670	MAT-STE-2026-21600	247787	L001-OWPALT-041A	CNWH42441	1	0	DESKTOP_PICKED_NOT_IN_ERP	Desktop picked here but ERP did not deduct this carton					
2026-09-17	MR-2026-04670	MAT-STE-2026-21600	247787	L001-OWPALT-049A	CNWH64898	0	1	ERP_AUTO_PICKED_HERE	ERP deducted here but desktop did not pick this carton	c9ho2pvndv				
2026-09-17	MR-2026-04670	MAT-STE-2026-21600	263315	L001-OWPALT-051C	CNWH10839	1	0	DESKTOP_PICKED_NOT_IN_ERP	Desktop picked here but ERP did not deduct this carton					
2026-09-17	MR-2026-04670	MAT-STE-2026-21600	263315	L002-OWPALT-009A	CNWH61260	0	1	ERP_AUTO_PICKED_HERE	ERP deducted here but desktop did not pick this carton	c9iov2fu0i				
2026-09-17	MR-2026-04670	MAT-STE-2026-21600	263315	L002-OWPALT-009A	CNWH61261	0	1	ERP_AUTO_PICKED_HERE	ERP deducted here but desktop did not pick this carton	c9i5rrv2i2				
2026-09-17	MR-2026-04670	MAT-STE-2026-21600	263315	L003-OWPALT-063B	CNWH10877	1	0	DESKTOP_PICKED_NOT_IN_ERP	Desktop picked here but ERP did not deduct this carton					
2026-09-17	MR-2026-04670	MAT-STE-2026-21600	267358	L002-OWPALT-032A	CNWH25899	0	1	ERP_AUTO_PICKED_HERE	ERP deducted here but desktop did not pick this carton	c9i9lj5mq1				
2026-09-17	MR-2026-04670	MAT-STE-2026-21600	267358	L002-OWPALT-051C	CNWH05700	0	1	ERP_AUTO_PICKED_HERE	ERP deducted here but desktop did not pick this carton	c9ihu5m5ba				
2026-09-17	MR-2026-04670	MAT-STE-2026-21600	267358	L002-OWPALT-058B	CNWH12695	0	1	ERP_AUTO_PICKED_HERE	ERP deducted here but desktop did not pick this carton	c9jfl03d3v				
2026-09-17	MR-2026-04670	MAT-STE-2026-21600	267358	L002-OWPALT-058B	CNWH42249	0	1	ERP_AUTO_PICKED_HERE	ERP deducted here but desktop did not pick this carton	c9j7a1t5dr				
2026-09-17	MR-2026-04670	MAT-STE-2026-21600	267358	L002-OWPALT-058B	CNWH63602	0	1	ERP_AUTO_PICKED_HERE	ERP deducted here but desktop did not pick this carton	c9jf0gekoa				
2026-09-17	MR-2026-04670	MAT-STE-2026-21600	267358	L002-OWPALT-064A	CNWH05711	0	1	ERP_AUTO_PICKED_HERE	ERP deducted here but desktop did not pick this carton	c9jmidbp6c				
2026-09-17	MR-2026-04670	MAT-STE-2026-21600	267358	L003-OWPALT-031B	CNWH05673	1	0	DESKTOP_PICKED_NOT_IN_ERP	Desktop picked here but ERP did not deduct this carton					
2026-09-17	MR-2026-04670	MAT-STE-2026-21600	267358	L003-OWPALT-031B	CNWH05677	1	0	DESKTOP_PICKED_NOT_IN_ERP	Desktop picked here but ERP did not deduct this carton					
2026-09-17	MR-2026-04670	MAT-STE-2026-21600	267358	L003-OWPALT-031B	CNWH05678	1	0	DESKTOP_PICKED_NOT_IN_ERP	Desktop picked here but ERP did not deduct this carton					
2026-09-17	MR-2026-04670	MAT-STE-2026-21600	267358	L003-OWPALT-031B	CNWH15147	1	0	DESKTOP_PICKED_NOT_IN_ERP	Desktop picked here but ERP did not deduct this carton					
2026-09-17	MR-2026-04670	MAT-STE-2026-21600	267358	L003-OWPALT-031B	CNWH15148	1	0	DESKTOP_PICKED_NOT_IN_ERP	Desktop picked here but ERP did not deduct this carton					
2026-09-17	MR-2026-04670	MAT-STE-2026-21600	267358	L003-OWPALT-031B	CNWH15151	1	0	DESKTOP_PICKED_NOT_IN_ERP	Desktop picked here but ERP did not deduct this carton					
2026-09-17	MR-2026-04670	MAT-STE-2026-21600	279306	L001-OWPALT-072A	CNWH12807	2	0	DESKTOP_PICKED_NOT_IN_ERP	Desktop picked here but ERP did not deduct this carton					
2026-09-17	MR-2026-04670	MAT-STE-2026-21600	279306	L001-OWPALT-076D	CNWH63578	0	2	ERP_AUTO_PICKED_HERE	ERP deducted here but desktop did not pick this carton	c9lq8hj85d				
2026-09-17	MR-2026-04670	MAT-STE-2026-21600	287705	L001-OWPALT-016A	CNWH15935	0	1	ERP_AUTO_PICKED_HERE	ERP deducted here but desktop did not pick this carton	c9l7r6r9ai				
2026-09-17	MR-2026-04670	MAT-STE-2026-21600	287705	L001-OWPALT-016A	CNWH15937	0	1	ERP_AUTO_PICKED_HERE	ERP deducted here but desktop did not pick this carton	c9moa1c17g				
2026-09-17	MR-2026-04670	MAT-STE-2026-21600	287705	L001-OWPALT-016A	CNWH15987	1	0	DESKTOP_PICKED_NOT_IN_ERP	Desktop picked here but ERP did not deduct this carton					
2026-09-17	MR-2026-04670	MAT-STE-2026-21600	287705	L001-OWPALT-016A	CNWH15988	1	0	DESKTOP_PICKED_NOT_IN_ERP	Desktop picked here but ERP did not deduct this carton					
2026-09-17	MR-2026-04670	MAT-STE-2026-21600	287708	L003-OWPALT-022C	CNWH69802	0	1	ERP_AUTO_PICKED_HERE	ERP deducted here but desktop did not pick this carton	c9m8goerfp				
2026-09-17	MR-2026-04670	MAT-STE-2026-21600	287708	L003-OWPALT-041A	CNWH69271	1	0	DESKTOP_PICKED_NOT_IN_ERP	Desktop picked here but ERP did not deduct this carton					
2026-09-17	MR-2026-04670	MAT-STE-2026-21600	303910	L002-OWPALT-049A	CNWH49432	0	1	ERP_AUTO_PICKED_HERE	ERP deducted here but desktop did not pick this carton	c9nc45v76b				
2026-09-17	MR-2026-04670	MAT-STE-2026-21600	303910	L002-OWPALT-049A	CNWH49563	1	0	DESKTOP_PICKED_NOT_IN_ERP	Desktop picked here but ERP did not deduct this carton					
2026-09-17	MR-2026-04670	MAT-STE-2026-21600	308318	L001-OWPALT-052D	CNWH44227	0	1	ERP_AUTO_PICKED_HERE	ERP deducted here but desktop did not pick this carton	c9o4i7qaps				
2026-09-17	MR-2026-04670	MAT-STE-2026-21600	308318	L001-OWPALT-052D	CNWH44270	0	1	ERP_AUTO_PICKED_HERE	ERP deducted here but desktop did not pick this carton	c9ojdab0br				
2026-09-17	MR-2026-04670	MAT-STE-2026-21600	308318	L001-OWPALT-054C	CNWH44206	0	1	ERP_AUTO_PICKED_HERE	ERP deducted here but desktop did not pick this carton	c9o3lu3u0d				
2026-09-17	MR-2026-04670	MAT-STE-2026-21600	308318	L002-OWPALT-001A	CNWH67845	1	0	DESKTOP_PICKED_NOT_IN_ERP	Desktop picked here but ERP did not deduct this carton					
2026-09-17	MR-2026-04670	MAT-STE-2026-21600	308318	L003-OWPALT-041A	CNWH44297	1	0	DESKTOP_PICKED_NOT_IN_ERP	Desktop picked here but ERP did not deduct this carton					
2026-09-17	MR-2026-04670	MAT-STE-2026-21600	308318	L003-OWPALT-041A	CNWH44303	1	0	DESKTOP_PICKED_NOT_IN_ERP	Desktop picked here but ERP did not deduct this carton					
2026-09-17	MR-2026-04670	MAT-STE-2026-21600	320123	L001-OWPALT-048A	CNWH64517	2	0	DESKTOP_PICKED_NOT_IN_ERP	Desktop picked here but ERP did not deduct this carton					
2026-09-17	MR-2026-04670	MAT-STE-2026-21600	320123	L001-OWPALT-048A	CNWH64518	0	2	ERP_AUTO_PICKED_HERE	ERP deducted here but desktop did not pick this carton	c9omg4mqt4				
2026-09-17	MR-2026-04670	MAT-STE-2026-21600	320125	L001-OWPALT-057A	CNWH64585	2	0	DESKTOP_PICKED_NOT_IN_ERP	Desktop picked here but ERP did not deduct this carton					
2026-09-17	MR-2026-04670	MAT-STE-2026-21600	320125	L001-OWPALT-057A	CNWH64591	4	8	QTY_MISMATCH	Desktop and ERP qty differ on same carton	c9o6p12rjq				
2026-09-17	MR-2026-04670	MAT-STE-2026-21600	320125	L001-OWPALT-057A	CNWH64595	0	4	ERP_AUTO_PICKED_HERE	ERP deducted here but desktop did not pick this carton	c9o8t419tj				
2026-09-17	MR-2026-04670	MAT-STE-2026-21600	320125	L001-OWPALT-064A	CNWH64575	6	0	DESKTOP_PICKED_NOT_IN_ERP	Desktop picked here but ERP did not deduct this carton					
2026-09-17	MR-2026-04670	MAT-STE-2026-21600	320126	L001-OWPALT-041A	CNWH64538	0	4	ERP_AUTO_PICKED_HERE	ERP deducted here but desktop did not pick this carton	c9phpcnj3m				
2026-09-17	MR-2026-04670	MAT-STE-2026-21600	320126	L001-OWPALT-041A	CNWH64553	4	0	DESKTOP_PICKED_NOT_IN_ERP	Desktop picked here but ERP did not deduct this carton					
2026-09-17	MR-2026-04670	MAT-STE-2026-21600	320127	L001-OWPALT-048A	CNWH53203	2	0	DESKTOP_PICKED_NOT_IN_ERP	Desktop picked here but ERP did not deduct this carton					
2026-09-17	MR-2026-04670	MAT-STE-2026-21600	320127	L001-OWPALT-065A	CNWH63569	0	2	ERP_AUTO_PICKED_HERE	ERP deducted here but desktop did not pick this carton	c9p5nb9ljd				
2026-09-17	MR-2026-04670	MAT-STE-2026-21600	320128	L001-OWPALT-064A	CNWH63597	2	0	DESKTOP_PICKED_NOT_IN_ERP	Desktop picked here but ERP did not deduct this carton					
2026-09-17	MR-2026-04670	MAT-STE-2026-21600	320128	L001-OWPALT-064A	CNWH63608	0	2	ERP_AUTO_PICKED_HERE	ERP deducted here but desktop did not pick this carton	c9pfu62610				
2026-09-17	MR-2026-04670	MAT-STE-2026-21600	320129	L001-OWPALT-057A	CNWH50788	2	0	DESKTOP_PICKED_NOT_IN_ERP	Desktop picked here but ERP did not deduct this carton					
2026-09-17	MR-2026-04670	MAT-STE-2026-21600	320129	L001-OWPALT-079B	CNWH63610	0	2	ERP_AUTO_PICKED_HERE	ERP deducted here but desktop did not pick this carton	c9pfagipda				
2026-09-17	MR-2026-04670	MAT-STE-2026-21600	324245	L003-OWPALT-001A	CNWH62887	0	1	ERP_AUTO_PICKED_HERE	ERP deducted here but desktop did not pick this carton	c9rh7171v5				
2026-09-17	MR-2026-04670	MAT-STE-2026-21600	324245	L003-OWPALT-001A	CNWH62888	0	1	ERP_AUTO_PICKED_HERE	ERP deducted here but desktop did not pick this carton	c9rq717gag				
2026-09-17	MR-2026-04670	MAT-STE-2026-21600	324245	L003-OWPALT-016A	CNWH62815	1	0	DESKTOP_PICKED_NOT_IN_ERP	Desktop picked here but ERP did not deduct this carton					
2026-09-17	MR-2026-04670	MAT-STE-2026-21600	324245	L003-OWPALT-016A	CNWH62997	1	0	DESKTOP_PICKED_NOT_IN_ERP	Desktop picked here but ERP did not deduct this carton					
2026-09-17	MR-2026-04670	MAT-STE-2026-21600	324250	L001-OWPALT-017A	CNWH63374	0	1	ERP_AUTO_PICKED_HERE	ERP deducted here but desktop did not pick this carton	c9t44f9pvp				
2026-09-17	MR-2026-04670	MAT-STE-2026-21600	324250	L001-OWPALT-017A	CNWH63376	1	0	DESKTOP_PICKED_NOT_IN_ERP	Desktop picked here but ERP did not deduct this carton					
2026-09-17	MR-2026-04671	MAT-STE-2026-21601	247775	L001-OWPALT-049A	CNWH67848	0	2	ERP_AUTO_PICKED_HERE	ERP deducted here but desktop did not pick this carton	cmi4tvl0a9				
2026-09-17	MR-2026-04671	MAT-STE-2026-21601	247775	L001-OWPALT-075C	CNWH15386	2	0	DESKTOP_PICKED_NOT_IN_ERP	Desktop picked here but ERP did not deduct this carton					
2026-09-17	MR-2026-04671	MAT-STE-2026-21601	247787	L001-OWPALT-057A	CNWH67894	0	1	ERP_AUTO_PICKED_HERE	ERP deducted here but desktop did not pick this carton	cmijd554id				
2026-09-17	MR-2026-04671	MAT-STE-2026-21601	247787	L001-OWPALT-072A	CNWH64551	1	0	DESKTOP_PICKED_NOT_IN_ERP	Desktop picked here but ERP did not deduct this carton					
2026-09-17	MR-2026-04671	MAT-STE-2026-21601	279306	L001-OWPALT-032A	CNWH69711	0	2	ERP_AUTO_PICKED_HERE	ERP deducted here but desktop did not pick this carton	cmiml4gbmq				
2026-09-17	MR-2026-04671	MAT-STE-2026-21601	279306	L001-OWPALT-076D	CNWH63578	2	0	DESKTOP_PICKED_NOT_IN_ERP	Desktop picked here but ERP did not deduct this carton					
2026-09-17	MR-2026-04671	MAT-STE-2026-21601	312595	L001-OWPALT-065A	CNWH55405	0	1	ERP_AUTO_PICKED_HERE	ERP deducted here but desktop did not pick this carton	cmij6bc60c				
2026-09-17	MR-2026-04671	MAT-STE-2026-21601	312595	L001-OWPALT-065A	CNWH55406	1	0	DESKTOP_PICKED_NOT_IN_ERP	Desktop picked here but ERP did not deduct this carton					
2026-09-17	MR-2026-04671	MAT-STE-2026-21601	320123	L001-OWPALT-048A	CNWH64517	1	0	DESKTOP_PICKED_NOT_IN_ERP	Desktop picked here but ERP did not deduct this carton					
2026-09-17	MR-2026-04671	MAT-STE-2026-21601	320123	L001-OWPALT-048A	CNWH64519	0	1	ERP_AUTO_PICKED_HERE	ERP deducted here but desktop did not pick this carton	cmjrfglr3h				
2026-09-17	MR-2026-04671	MAT-STE-2026-21601	320125	L001-OWPALT-057A	CNWH64585	5	0	DESKTOP_PICKED_NOT_IN_ERP	Desktop picked here but ERP did not deduct this carton					
2026-09-17	MR-2026-04671	MAT-STE-2026-21601	320125	L001-OWPALT-064A	CNWH64575	0	5	ERP_AUTO_PICKED_HERE	ERP deducted here but desktop did not pick this carton	cmjn0dmr50				
2026-09-17	MR-2026-04671	MAT-STE-2026-21601	320126	L001-OWPALT-041A	CNWH64553	0	1	ERP_AUTO_PICKED_HERE	ERP deducted here but desktop did not pick this carton	cmje3vmmpl				
2026-09-17	MR-2026-04671	MAT-STE-2026-21601	320126	L001-OWPALT-075C	CNWH64527	1	0	DESKTOP_PICKED_NOT_IN_ERP	Desktop picked here but ERP did not deduct this carton					
2026-09-17	MR-2026-04671	MAT-STE-2026-21601	320128	L001-OWPALT-064A	CNWH63597	1	0	DESKTOP_PICKED_NOT_IN_ERP	Desktop picked here but ERP did not deduct this carton					
2026-09-17	MR-2026-04671	MAT-STE-2026-21601	320128	L001-OWPALT-069D	CNWH63601	0	1	ERP_AUTO_PICKED_HERE	ERP deducted here but desktop did not pick this carton	cmk735vge2				
2026-09-17	MR-2026-04671	MAT-STE-2026-21601	320130	L001-OWPALT-079B	CNWH63616	4	0	DESKTOP_PICKED_NOT_IN_ERP	Desktop picked here but ERP did not deduct this carton					
2026-09-17	MR-2026-04671	MAT-STE-2026-21601	320130	L001-OWPALT-079B	CNWH63619	0	4	ERP_AUTO_PICKED_HERE	ERP deducted here but desktop did not pick this carton	cmkeoqcm2h				
2026-09-17	MR-2026-04671	MAT-STE-2026-21601	324251	L001-OWPALT-032A	CNWH69812	0	1	ERP_AUTO_PICKED_HERE	ERP deducted here but desktop did not pick this carton	cmkip0b9i3				
2026-09-17	MR-2026-04671	MAT-STE-2026-21601	324251	L003-OWPALT-015B	CNWH63485	1	0	DESKTOP_PICKED_NOT_IN_ERP	Desktop picked here but ERP did not deduct this carton					
2026-09-17	MR-2026-04672	MAT-STE-2026-21602	247782	L001-OWPALT-071B	CNWH60756	1	0	DESKTOP_PICKED_NOT_IN_ERP	Desktop picked here but ERP did not deduct this carton					
2026-09-17	MR-2026-04672	MAT-STE-2026-21602	247782	L001-OWPALT-072A	CNWH64551	0	1	ERP_AUTO_PICKED_HERE	ERP deducted here but desktop did not pick this carton	d9k5962ds7				
2026-09-17	MR-2026-04672	MAT-STE-2026-21602	247785	L001-OWPALT-072A	CNWH15443	1	0	DESKTOP_PICKED_NOT_IN_ERP	Desktop picked here but ERP did not deduct this carton					
2026-09-17	MR-2026-04672	MAT-STE-2026-21602	247785	L001-OWPALT-073A	CNWH12847	0	1	ERP_AUTO_PICKED_HERE	ERP deducted here but desktop did not pick this carton	d9kfaf67e4				
2026-09-17	MR-2026-04672	MAT-STE-2026-21602	247788	L001-OWPALT-071B	CNWH27072	1	0	DESKTOP_PICKED_NOT_IN_ERP	Desktop picked here but ERP did not deduct this carton					
2026-09-17	MR-2026-04672	MAT-STE-2026-21602	247788	L001-OWPALT-071B	CNWH53154	0	1	ERP_AUTO_PICKED_HERE	ERP deducted here but desktop did not pick this carton	d9lanrnmu1				
2026-09-17	MR-2026-04672	MAT-STE-2026-21602	267358	L002-OWPALT-010B	CNWH05636	1	0	DESKTOP_PICKED_NOT_IN_ERP	Desktop picked here but ERP did not deduct this carton					
2026-09-17	MR-2026-04672	MAT-STE-2026-21602	267358	L002-OWPALT-010B	CNWH51081	1	0	DESKTOP_PICKED_NOT_IN_ERP	Desktop picked here but ERP did not deduct this carton					
2026-09-17	MR-2026-04672	MAT-STE-2026-21602	267358	L002-OWPALT-016A	CNWH62428	1	0	DESKTOP_PICKED_NOT_IN_ERP	Desktop picked here but ERP did not deduct this carton					
2026-09-17	MR-2026-04672	MAT-STE-2026-21602	267358	L002-OWPALT-026B	CNWH67858	1	0	DESKTOP_PICKED_NOT_IN_ERP	Desktop picked here but ERP did not deduct this carton					
2026-09-17	MR-2026-04672	MAT-STE-2026-21602	267358	L002-OWPALT-058B	CNWH12695	1	0	DESKTOP_PICKED_NOT_IN_ERP	Desktop picked here but ERP did not deduct this carton					
2026-09-17	MR-2026-04672	MAT-STE-2026-21602	267358	L002-OWPALT-058B	CNWH42249	1	0	DESKTOP_PICKED_NOT_IN_ERP	Desktop picked here but ERP did not deduct this carton					
2026-09-17	MR-2026-04672	MAT-STE-2026-21602	267358	L002-OWPALT-058B	CNWH63602	1	0	DESKTOP_PICKED_NOT_IN_ERP	Desktop picked here but ERP did not deduct this carton					
2026-09-17	MR-2026-04672	MAT-STE-2026-21602	267358	L003-OWPALT-031B	CNWH05673	0	1	ERP_AUTO_PICKED_HERE	ERP deducted here but desktop did not pick this carton	d9lli8kc44				
2026-09-17	MR-2026-04672	MAT-STE-2026-21602	267358	L003-OWPALT-031B	CNWH05674	0	1	ERP_AUTO_PICKED_HERE	ERP deducted here but desktop did not pick this carton	d9llo38fdu				
2026-09-17	MR-2026-04672	MAT-STE-2026-21602	267358	L003-OWPALT-031B	CNWH05676	0	1	ERP_AUTO_PICKED_HERE	ERP deducted here but desktop did not pick this carton	d9ltup729b				
2026-09-17	MR-2026-04672	MAT-STE-2026-21602	267358	L003-OWPALT-031B	CNWH05677	0	1	ERP_AUTO_PICKED_HERE	ERP deducted here but desktop did not pick this carton	d9m3mn0mpn				
2026-09-17	MR-2026-04672	MAT-STE-2026-21602	267358	L003-OWPALT-031B	CNWH05678	0	1	ERP_AUTO_PICKED_HERE	ERP deducted here but desktop did not pick this carton	d9m7qda3jh				
2026-09-17	MR-2026-04672	MAT-STE-2026-21602	267358	L003-OWPALT-031B	CNWH15147	0	1	ERP_AUTO_PICKED_HERE	ERP deducted here but desktop did not pick this carton	d9mji6esvo				
2026-09-17	MR-2026-04672	MAT-STE-2026-21602	267358	L003-OWPALT-031B	CNWH15148	0	1	ERP_AUTO_PICKED_HERE	ERP deducted here but desktop did not pick this carton	d9mfkk7n6t				
2026-09-17	MR-2026-04672	MAT-STE-2026-21602	267358	L003-OWPALT-031B	CNWH15151	0	1	ERP_AUTO_PICKED_HERE	ERP deducted here but desktop did not pick this carton	d9mf0fmp6b				
2026-09-17	MR-2026-04672	MAT-STE-2026-21602	267358	L003-OWPALT-051C	CNWH05685	1	0	DESKTOP_PICKED_NOT_IN_ERP	Desktop picked here but ERP did not deduct this carton					
2026-09-17	MR-2026-04672	MAT-STE-2026-21602	287705	L001-OWPALT-016A	CNWH15935	1	0	DESKTOP_PICKED_NOT_IN_ERP	Desktop picked here but ERP did not deduct this carton					
2026-09-17	MR-2026-04672	MAT-STE-2026-21602	287705	L001-OWPALT-016A	CNWH15937	1	0	DESKTOP_PICKED_NOT_IN_ERP	Desktop picked here but ERP did not deduct this carton					
2026-09-17	MR-2026-04672	MAT-STE-2026-21602	287705	L001-OWPALT-016A	CNWH15984	0	1	ERP_AUTO_PICKED_HERE	ERP deducted here but desktop did not pick this carton	d9nm6itsab				
2026-09-17	MR-2026-04672	MAT-STE-2026-21602	287705	L001-OWPALT-016A	CNWH15986	0	1	ERP_AUTO_PICKED_HERE	ERP deducted here but desktop did not pick this carton	d9nqh0vpfh				
2026-09-17	MR-2026-04672	MAT-STE-2026-21602	306412	L001-OWPALT-064A	CNWH42238	0	2	ERP_AUTO_PICKED_HERE	ERP deducted here but desktop did not pick this carton	d9obvdhagn				
2026-09-17	MR-2026-04672	MAT-STE-2026-21602	306412	L001-OWPALT-064A	CNWH42242	2	0	DESKTOP_PICKED_NOT_IN_ERP	Desktop picked here but ERP did not deduct this carton					
2026-09-17	MR-2026-04672	MAT-STE-2026-21602	306417	L001-OWPALT-071B	CNWH42166	1	0	DESKTOP_PICKED_NOT_IN_ERP	Desktop picked here but ERP did not deduct this carton					
2026-09-17	MR-2026-04672	MAT-STE-2026-21602	306417	L001-OWPALT-071B	CNWH42167	0	1	ERP_AUTO_PICKED_HERE	ERP deducted here but desktop did not pick this carton	d9ouk64f3a				
2026-09-17	MR-2026-04672	MAT-STE-2026-21602	308315	L002-OWPALT-034B	CNWH44167	0	1	ERP_AUTO_PICKED_HERE	ERP deducted here but desktop did not pick this carton	d9ptm5sbgl				
2026-09-17	MR-2026-04672	MAT-STE-2026-21602	308315	L002-OWPALT-034B	CNWH44169	1	0	DESKTOP_PICKED_NOT_IN_ERP	Desktop picked here but ERP did not deduct this carton					
2026-09-17	MR-2026-04672	MAT-STE-2026-21602	320123	L001-OWPALT-049A	CNWH63547	0	4	ERP_AUTO_PICKED_HERE	ERP deducted here but desktop did not pick this carton	d9pdj8nas5				
2026-09-17	MR-2026-04672	MAT-STE-2026-21602	320123	L001-OWPALT-049A	CNWH64515	4	0	DESKTOP_PICKED_NOT_IN_ERP	Desktop picked here but ERP did not deduct this carton					
2026-09-17	MR-2026-04672	MAT-STE-2026-21602	320125	L001-OWPALT-064A	CNWH64586	0	1	ERP_AUTO_PICKED_HERE	ERP deducted here but desktop did not pick this carton	d9prh7tdqi				
2026-09-17	MR-2026-04672	MAT-STE-2026-21602	320125	L001-OWPALT-065A	CNWH55406	1	0	DESKTOP_PICKED_NOT_IN_ERP	Desktop picked here but ERP did not deduct this carton					
2026-09-17	MR-2026-04672	MAT-STE-2026-21602	320126	L001-OWPALT-041A	CNWH64553	4	0	DESKTOP_PICKED_NOT_IN_ERP	Desktop picked here but ERP did not deduct this carton					
2026-09-17	MR-2026-04672	MAT-STE-2026-21602	320126	L001-OWPALT-041A	CNWH64556	2	8	QTY_MISMATCH	Desktop and ERP qty differ on same carton	d9q42jj6b9				
2026-09-17	MR-2026-04672	MAT-STE-2026-21602	320126	L001-OWPALT-041A	CNWH64562	6	4	QTY_MISMATCH	Desktop and ERP qty differ on same carton	d9q3elg6b0				
2026-09-17	MR-2026-04672	MAT-STE-2026-21602	320127	L001-OWPALT-065A	CNWH63574	1	2	QTY_MISMATCH	Desktop and ERP qty differ on same carton	d9qb8lueqe				
2026-09-17	MR-2026-04672	MAT-STE-2026-21602	320127	L001-OWPALT-065A	CNWH64589	1	0	DESKTOP_PICKED_NOT_IN_ERP	Desktop picked here but ERP did not deduct this carton					
2026-09-17	MR-2026-04672	MAT-STE-2026-21602	320129	L001-OWPALT-040A	CNWH63609	1	0	DESKTOP_PICKED_NOT_IN_ERP	Desktop picked here but ERP did not deduct this carton					
2026-09-17	MR-2026-04672	MAT-STE-2026-21602	320129	L001-OWPALT-079B	CNWH63613	0	1	ERP_AUTO_PICKED_HERE	ERP deducted here but desktop did not pick this carton	d9qh4cbl1v				
2026-09-17	MR-2026-04672	MAT-STE-2026-21602	320130	L001-OWPALT-079B	CNWH63616	2	0	DESKTOP_PICKED_NOT_IN_ERP	Desktop picked here but ERP did not deduct this carton					
2026-09-17	MR-2026-04672	MAT-STE-2026-21602	320130	L001-OWPALT-079B	CNWH63620	0	2	ERP_AUTO_PICKED_HERE	ERP deducted here but desktop did not pick this carton	d9qkot16m4				
2026-09-17	MR-2026-04672	MAT-STE-2026-21602	322769	L001-OWPALT-039B	CNWH64503	0	1	ERP_AUTO_PICKED_HERE	ERP deducted here but desktop did not pick this carton	d9s2v791bc				
2026-09-17	MR-2026-04672	MAT-STE-2026-21602	322769	L001-OWPALT-039B	CNWH65365	0	1	ERP_AUTO_PICKED_HERE	ERP deducted here but desktop did not pick this carton	d9t91674n7				
2026-09-17	MR-2026-04672	MAT-STE-2026-21602	322769	L003-OWPALT-050B	CNWH60557	1	0	DESKTOP_PICKED_NOT_IN_ERP	Desktop picked here but ERP did not deduct this carton					
2026-09-17	MR-2026-04672	MAT-STE-2026-21602	322769	L003-OWPALT-050B	CNWH60559	1	0	DESKTOP_PICKED_NOT_IN_ERP	Desktop picked here but ERP did not deduct this carton					
2026-09-17	MR-2026-04672	MAT-STE-2026-21602	324245	L003-OWPALT-001A	CNWH62902	0	1	ERP_AUTO_PICKED_HERE	ERP deducted here but desktop did not pick this carton	d9t0b109ot				
2026-09-17	MR-2026-04672	MAT-STE-2026-21602	324245	L003-OWPALT-001A	CNWH62903	0	1	ERP_AUTO_PICKED_HERE	ERP deducted here but desktop did not pick this carton	d9uj2nvpkc				
2026-09-17	MR-2026-04672	MAT-STE-2026-21602	324245	L003-OWPALT-001A	CNWH62911	0	1	ERP_AUTO_PICKED_HERE	ERP deducted here but desktop did not pick this carton	d9u28nngs1				
2026-09-17	MR-2026-04672	MAT-STE-2026-21602	324245	L003-OWPALT-001A	CNWH62916	0	1	ERP_AUTO_PICKED_HERE	ERP deducted here but desktop did not pick this carton	d9u52hhuih				
2026-09-17	MR-2026-04672	MAT-STE-2026-21602	324245	L003-OWPALT-016A	CNWH62818	3	0	DESKTOP_PICKED_NOT_IN_ERP	Desktop picked here but ERP did not deduct this carton					
2026-09-17	MR-2026-04672	MAT-STE-2026-21602	324245	L003-OWPALT-017A	CNWH62739	1	0	DESKTOP_PICKED_NOT_IN_ERP	Desktop picked here but ERP did not deduct this carton					
2026-09-17	MR-2026-04672	MAT-STE-2026-21602	324249	L001-OWPALT-017A	CNWH63296	0	1	ERP_AUTO_PICKED_HERE	ERP deducted here but desktop did not pick this carton	da01ml0ss6				
2026-09-17	MR-2026-04672	MAT-STE-2026-21602	324249	L001-OWPALT-017A	CNWH63376	1	0	DESKTOP_PICKED_NOT_IN_ERP	Desktop picked here but ERP did not deduct this carton					
2026-09-17	MR-2026-04672	MAT-STE-2026-21602	324251	L002-OWPALT-031B	CNWH67834	0	1	ERP_AUTO_PICKED_HERE	ERP deducted here but desktop did not pick this carton	da1r8t2598				
2026-09-17	MR-2026-04672	MAT-STE-2026-21602	324251	L003-OWPALT-007B	CNWH63535	0	1	ERP_AUTO_PICKED_HERE	ERP deducted here but desktop did not pick this carton	da13qlnglr				
2026-09-17	MR-2026-04672	MAT-STE-2026-21602	324251	L003-OWPALT-015B	CNWH63505	1	0	DESKTOP_PICKED_NOT_IN_ERP	Desktop picked here but ERP did not deduct this carton					
2026-09-17	MR-2026-04672	MAT-STE-2026-21602	324251	L003-OWPALT-015B	CNWH63508	1	0	DESKTOP_PICKED_NOT_IN_ERP	Desktop picked here but ERP did not deduct this carton					
2026-09-17	MR-2026-04673	MAT-STE-2026-21603	247782	L001-OWPALT-032A	CNWH69723	0	1	ERP_AUTO_PICKED_HERE	ERP deducted here but desktop did not pick this carton	dir4aefgn8				
2026-09-17	MR-2026-04673	MAT-STE-2026-21603	247782	L001-OWPALT-049A	CNWH12844	0	2	ERP_AUTO_PICKED_HERE	ERP deducted here but desktop did not pick this carton	dir3t9r0ba				
2026-09-17	MR-2026-04673	MAT-STE-2026-21603	247782	L001-OWPALT-071B	CNWH60756	3	0	DESKTOP_PICKED_NOT_IN_ERP	Desktop picked here but ERP did not deduct this carton					
2026-09-17	MR-2026-04673	MAT-STE-2026-21603	267358	L002-OWPALT-032A	CNWH05713	1	0	DESKTOP_PICKED_NOT_IN_ERP	Desktop picked here but ERP did not deduct this carton					
2026-09-17	MR-2026-04673	MAT-STE-2026-21603	267358	L003-OWPALT-049A	CNWH05616	0	1	ERP_AUTO_PICKED_HERE	ERP deducted here but desktop did not pick this carton	disbg32j8q				
2026-09-17	MR-2026-04673	MAT-STE-2026-21603	287703	L001-OWPALT-050B	CNWH15857	0	1	ERP_AUTO_PICKED_HERE	ERP deducted here but desktop did not pick this carton	dis83kccuo				
2026-09-17	MR-2026-04673	MAT-STE-2026-21603	287703	L002-OWPALT-064A	CNWH15895	1	0	DESKTOP_PICKED_NOT_IN_ERP	Desktop picked here but ERP did not deduct this carton					
2026-09-17	MR-2026-04673	MAT-STE-2026-21603	303910	L002-OWPALT-049A	CNWH49561	0	1	ERP_AUTO_PICKED_HERE	ERP deducted here but desktop did not pick this carton	ditoqq01jc				
2026-09-17	MR-2026-04673	MAT-STE-2026-21603	303910	L002-OWPALT-049A	CNWH49562	0	1	ERP_AUTO_PICKED_HERE	ERP deducted here but desktop did not pick this carton	ditrk3qtg7				
2026-09-17	MR-2026-04673	MAT-STE-2026-21603	303910	L002-OWPALT-049A	CNWH49564	1	0	DESKTOP_PICKED_NOT_IN_ERP	Desktop picked here but ERP did not deduct this carton					
2026-09-17	MR-2026-04673	MAT-STE-2026-21603	303910	L002-OWPALT-049A	CNWH49565	1	0	DESKTOP_PICKED_NOT_IN_ERP	Desktop picked here but ERP did not deduct this carton					
2026-09-17	MR-2026-04673	MAT-STE-2026-21603	306412	L001-OWPALT-064A	CNWH42238	1	0	DESKTOP_PICKED_NOT_IN_ERP	Desktop picked here but ERP did not deduct this carton					
2026-09-17	MR-2026-04673	MAT-STE-2026-21603	306412	L001-OWPALT-064A	CNWH42242	0	1	ERP_AUTO_PICKED_HERE	ERP deducted here but desktop did not pick this carton	ditb39bb9s				
2026-09-17	MR-2026-04673	MAT-STE-2026-21603	312595	L001-OWPALT-065A	CNWH55406	2	5	QTY_MISMATCH	Desktop and ERP qty differ on same carton	diurs5h9k5				
2026-09-17	MR-2026-04673	MAT-STE-2026-21603	312595	L001-OWPALT-065A	CNWH64589	7	0	DESKTOP_PICKED_NOT_IN_ERP	Desktop picked here but ERP did not deduct this carton					
2026-09-17	MR-2026-04673	MAT-STE-2026-21603	320123	L001-OWPALT-048A	CNWH64518	2	0	DESKTOP_PICKED_NOT_IN_ERP	Desktop picked here but ERP did not deduct this carton					
2026-09-17	MR-2026-04673	MAT-STE-2026-21603	320123	L001-OWPALT-049A	CNWH64515	0	2	ERP_AUTO_PICKED_HERE	ERP deducted here but desktop did not pick this carton	diujaktsm3				
2026-09-17	MR-2026-04673	MAT-STE-2026-21603	320125	L001-OWPALT-065A	CNWH55406	0	1	ERP_AUTO_PICKED_HERE	ERP deducted here but desktop did not pick this carton	diud5n29k3				
2026-09-17	MR-2026-04673	MAT-STE-2026-21603	320125	L001-OWPALT-065A	CNWH64580	6	5	QTY_MISMATCH	Desktop and ERP qty differ on same carton	divpqqq8o8				
2026-09-17	MR-2026-04673	MAT-STE-2026-21603	320126	L001-OWPALT-041A	CNWH64538	2	0	DESKTOP_PICKED_NOT_IN_ERP	Desktop picked here but ERP did not deduct this carton					
2026-09-17	MR-2026-04673	MAT-STE-2026-21603	320126	L001-OWPALT-041A	CNWH64562	2	0	DESKTOP_PICKED_NOT_IN_ERP	Desktop picked here but ERP did not deduct this carton					
2026-09-17	MR-2026-04673	MAT-STE-2026-21603	320126	L001-OWPALT-049A	CNWH67848	0	4	ERP_AUTO_PICKED_HERE	ERP deducted here but desktop did not pick this carton	divlt2veu0				
2026-09-17	MR-2026-04673	MAT-STE-2026-21603	320127	L001-OWPALT-065A	CNWH60147	4	0	DESKTOP_PICKED_NOT_IN_ERP	Desktop picked here but ERP did not deduct this carton					
2026-09-17	MR-2026-04673	MAT-STE-2026-21603	320127	L001-OWPALT-065A	CNWH64589	0	1	ERP_AUTO_PICKED_HERE	ERP deducted here but desktop did not pick this carton	div86ccapn				
2026-09-17	MR-2026-04673	MAT-STE-2026-21603	320127	L001-OWPALT-069D	CNWH63564	0	3	ERP_AUTO_PICKED_HERE	ERP deducted here but desktop did not pick this carton	dj04bqnbpp				
2026-09-17	MR-2026-04673	MAT-STE-2026-21603	320128	L001-OWPALT-064A	CNWH63595	2	0	DESKTOP_PICKED_NOT_IN_ERP	Desktop picked here but ERP did not deduct this carton					
2026-09-17	MR-2026-04673	MAT-STE-2026-21603	320128	L001-OWPALT-072A	CNWH63590	0	2	ERP_AUTO_PICKED_HERE	ERP deducted here but desktop did not pick this carton	dj0o6h59tn				
2026-09-17	MR-2026-04673	MAT-STE-2026-21603	320130	L001-OWPALT-079B	CNWH63616	1	0	DESKTOP_PICKED_NOT_IN_ERP	Desktop picked here but ERP did not deduct this carton					
2026-09-17	MR-2026-04673	MAT-STE-2026-21603	320130	L001-OWPALT-079B	CNWH63621	0	1	ERP_AUTO_PICKED_HERE	ERP deducted here but desktop did not pick this carton	dj0gi6ojkm				
2026-09-17	MR-2026-04673	MAT-STE-2026-21603	322769	L001-OWPALT-039B	CNWH69649	0	1	ERP_AUTO_PICKED_HERE	ERP deducted here but desktop did not pick this carton	dj2iavvo25				
2026-09-17	MR-2026-04673	MAT-STE-2026-21603	322769	L001-OWPALT-055B	CNWH60064	1	0	DESKTOP_PICKED_NOT_IN_ERP	Desktop picked here but ERP did not deduct this carton					
2026-09-17	MR-2026-04673	MAT-STE-2026-21603	324250	L001-OWPALT-017A	CNWH63374	1	0	DESKTOP_PICKED_NOT_IN_ERP	Desktop picked here but ERP did not deduct this carton					
2026-09-17	MR-2026-04673	MAT-STE-2026-21603	324250	L001-OWPALT-017A	CNWH63376	0	1	ERP_AUTO_PICKED_HERE	ERP deducted here but desktop did not pick this carton	dj3jcajbgu				
2026-09-17	MR-2026-04674	MAT-STE-2026-21604	247775	L001-OWPALT-040A	CNWH12858	2	0	DESKTOP_PICKED_NOT_IN_ERP	Desktop picked here but ERP did not deduct this carton					
2026-09-17	MR-2026-04674	MAT-STE-2026-21604	247775	L001-OWPALT-049A	CNWH67877	0	2	ERP_AUTO_PICKED_HERE	ERP deducted here but desktop did not pick this carton	dsbts793kc				
2026-09-17	MR-2026-04674	MAT-STE-2026-21604	247782	L001-OWPALT-049A	CNWH12844	9	3	QTY_MISMATCH	Desktop and ERP qty differ on same carton	dscqs0om99				
2026-09-17	MR-2026-04674	MAT-STE-2026-21604	247782	L001-OWPALT-071B	CNWH60756	0	6	ERP_AUTO_PICKED_HERE	ERP deducted here but desktop did not pick this carton	dscuagi7dh				
2026-09-17	MR-2026-04674	MAT-STE-2026-21604	247787	L001-OWPALT-041A	CNWH42441	1	0	DESKTOP_PICKED_NOT_IN_ERP	Desktop picked here but ERP did not deduct this carton					
2026-09-17	MR-2026-04674	MAT-STE-2026-21604	247787	L001-OWPALT-064A	CNWH63608	0	1	ERP_AUTO_PICKED_HERE	ERP deducted here but desktop did not pick this carton	dsc3vfqkfn				
2026-09-17	MR-2026-04674	MAT-STE-2026-21604	256098	L001-OWPALT-032A	CNWH69711	0	1	ERP_AUTO_PICKED_HERE	ERP deducted here but desktop did not pick this carton	dsc94qvs8v				
2026-09-17	MR-2026-04674	MAT-STE-2026-21604	256098	L001-OWPALT-049A	CNWH15360	1	0	DESKTOP_PICKED_NOT_IN_ERP	Desktop picked here but ERP did not deduct this carton					
2026-09-17	MR-2026-04674	MAT-STE-2026-21604	263315	L001-OWPALT-033A	CNWH69814	1	0	DESKTOP_PICKED_NOT_IN_ERP	Desktop picked here but ERP did not deduct this carton					
2026-09-17	MR-2026-04674	MAT-STE-2026-21604	263315	L003-OWPALT-049A	CNWH69293	0	1	ERP_AUTO_PICKED_HERE	ERP deducted here but desktop did not pick this carton	dsc87t3te2				
2026-09-17	MR-2026-04674	MAT-STE-2026-21604	263315	L003-OWPALT-049A	CNWH69296	0	1	ERP_AUTO_PICKED_HERE	ERP deducted here but desktop did not pick this carton	dsd6oighm8				
2026-09-17	MR-2026-04674	MAT-STE-2026-21604	263315	L003-OWPALT-054C	CNWH69300	0	1	ERP_AUTO_PICKED_HERE	ERP deducted here but desktop did not pick this carton	dsdsvbs4kq				
2026-09-17	MR-2026-04674	MAT-STE-2026-21604	263315	L006-OWPALT-001A	CNWH10905	1	0	DESKTOP_PICKED_NOT_IN_ERP	Desktop picked here but ERP did not deduct this carton					
2026-09-17	MR-2026-04674	MAT-STE-2026-21604	263315	L006-OWPALT-001A	CNWH10906	1	0	DESKTOP_PICKED_NOT_IN_ERP	Desktop picked here but ERP did not deduct this carton					
2026-09-17	MR-2026-04674	MAT-STE-2026-21604	267358	L002-OWPALT-032A	CNWH25896	1	0	DESKTOP_PICKED_NOT_IN_ERP	Desktop picked here but ERP did not deduct this carton					
2026-09-17	MR-2026-04674	MAT-STE-2026-21604	267358	L003-OWPALT-049A	CNWH69273	0	1	ERP_AUTO_PICKED_HERE	ERP deducted here but desktop did not pick this carton	dsdmpchlju				
2026-09-17	MR-2026-04674	MAT-STE-2026-21604	269152	L001-OWPALT-041A	CNWH42441	2	0	DESKTOP_PICKED_NOT_IN_ERP	Desktop picked here but ERP did not deduct this carton					
2026-09-17	MR-2026-04674	MAT-STE-2026-21604	269152	L001-OWPALT-057A	CNWH50788	0	2	ERP_AUTO_PICKED_HERE	ERP deducted here but desktop did not pick this carton	dsd18sjs9e				
2026-09-17	MR-2026-04674	MAT-STE-2026-21604	279306	L001-OWPALT-069D	CNWH67876	0	4	ERP_AUTO_PICKED_HERE	ERP deducted here but desktop did not pick this carton	dsedgs4vnn				
2026-09-17	MR-2026-04674	MAT-STE-2026-21604	279306	L001-OWPALT-072A	CNWH12807	4	0	DESKTOP_PICKED_NOT_IN_ERP	Desktop picked here but ERP did not deduct this carton					
2026-09-17	MR-2026-04674	MAT-STE-2026-21604	303910	L002-OWPALT-049A	CNWH49561	1	0	DESKTOP_PICKED_NOT_IN_ERP	Desktop picked here but ERP did not deduct this carton					
2026-09-17	MR-2026-04674	MAT-STE-2026-21604	303910	L002-OWPALT-049A	CNWH49563	0	1	ERP_AUTO_PICKED_HERE	ERP deducted here but desktop did not pick this carton	dsee5b4kh0				
2026-09-17	MR-2026-04674	MAT-STE-2026-21604	320123	L001-OWPALT-048A	CNWH64519	1	0	DESKTOP_PICKED_NOT_IN_ERP	Desktop picked here but ERP did not deduct this carton					
2026-09-17	MR-2026-04674	MAT-STE-2026-21604	320123	L001-OWPALT-056A	CNWH63548	0	1	ERP_AUTO_PICKED_HERE	ERP deducted here but desktop did not pick this carton	dseoo0pcb8				
2026-09-17	MR-2026-04674	MAT-STE-2026-21604	320125	L001-OWPALT-057A	CNWH64591	4	0	DESKTOP_PICKED_NOT_IN_ERP	Desktop picked here but ERP did not deduct this carton					
2026-09-17	MR-2026-04674	MAT-STE-2026-21604	320125	L001-OWPALT-069D	CNWH64588	0	1	ERP_AUTO_PICKED_HERE	ERP deducted here but desktop did not pick this carton	dsf68uva7m				
2026-09-17	MR-2026-04674	MAT-STE-2026-21604	320125	L001-OWPALT-069D	CNWH64590	0	3	ERP_AUTO_PICKED_HERE	ERP deducted here but desktop did not pick this carton	dsful4mieq				
2026-09-17	MR-2026-04674	MAT-STE-2026-21604	320126	L001-OWPALT-041A	CNWH64556	6	0	DESKTOP_PICKED_NOT_IN_ERP	Desktop picked here but ERP did not deduct this carton					
2026-09-17	MR-2026-04674	MAT-STE-2026-21604	320126	L001-OWPALT-071B	CNWH64544	0	6	ERP_AUTO_PICKED_HERE	ERP deducted here but desktop did not pick this carton	dsfa3nkpb9				
2026-09-17	MR-2026-04674	MAT-STE-2026-21604	320127	L001-OWPALT-057A	CNWH67894	2	0	DESKTOP_PICKED_NOT_IN_ERP	Desktop picked here but ERP did not deduct this carton					
2026-09-17	MR-2026-04674	MAT-STE-2026-21604	320127	L001-OWPALT-070C	CNWH63554	0	2	ERP_AUTO_PICKED_HERE	ERP deducted here but desktop did not pick this carton	dsgostvc2k				
2026-09-17	MR-2026-04674	MAT-STE-2026-21604	320129	L001-OWPALT-057A	CNWH50788	1	0	DESKTOP_PICKED_NOT_IN_ERP	Desktop picked here but ERP did not deduct this carton					
2026-09-17	MR-2026-04674	MAT-STE-2026-21604	320129	L001-OWPALT-079B	CNWH63614	0	1	ERP_AUTO_PICKED_HERE	ERP deducted here but desktop did not pick this carton	dsgqr29d50				
2026-09-17	MR-2026-04674	MAT-STE-2026-21604	324245	L003-OWPALT-001A	CNWH62919	0	1	ERP_AUTO_PICKED_HERE	ERP deducted here but desktop did not pick this carton	dsgggjuji4				
2026-09-17	MR-2026-04674	MAT-STE-2026-21604	324245	L003-OWPALT-001A	CNWH62920	0	1	ERP_AUTO_PICKED_HERE	ERP deducted here but desktop did not pick this carton	dshud7bct4				
2026-09-17	MR-2026-04674	MAT-STE-2026-21604	324245	L003-OWPALT-008A	CNWH62891	0	1	ERP_AUTO_PICKED_HERE	ERP deducted here but desktop did not pick this carton	dshkvvuhsq				
2026-09-17	MR-2026-04674	MAT-STE-2026-21604	324245	L003-OWPALT-016A	CNWH62819	1	0	DESKTOP_PICKED_NOT_IN_ERP	Desktop picked here but ERP did not deduct this carton					
2026-09-17	MR-2026-04674	MAT-STE-2026-21604	324245	L003-OWPALT-016A	CNWH62820	1	0	DESKTOP_PICKED_NOT_IN_ERP	Desktop picked here but ERP did not deduct this carton					
2026-09-17	MR-2026-04674	MAT-STE-2026-21604	324245	L003-OWPALT-016A	CNWH62822	1	0	DESKTOP_PICKED_NOT_IN_ERP	Desktop picked here but ERP did not deduct this carton					
2026-09-17	MR-2026-04676	MAT-STE-2026-21605	247780	L001-OWPALT-049A	CNWH67877	0	1	ERP_AUTO_PICKED_HERE	ERP deducted here but desktop did not pick this carton	e9c526dnr8				
2026-09-17	MR-2026-04676	MAT-STE-2026-21605	247780	L001-OWPALT-072A	CNWH42359	1	0	DESKTOP_PICKED_NOT_IN_ERP	Desktop picked here but ERP did not deduct this carton					
2026-09-17	MR-2026-04676	MAT-STE-2026-21605	247785	L001-OWPALT-072A	CNWH15443	2	0	DESKTOP_PICKED_NOT_IN_ERP	Desktop picked here but ERP did not deduct this carton					
2026-09-17	MR-2026-04676	MAT-STE-2026-21605	247785	L001-OWPALT-074B	CNWH15446	0	2	ERP_AUTO_PICKED_HERE	ERP deducted here but desktop did not pick this carton	e9ctt0t6rl				
2026-09-17	MR-2026-04676	MAT-STE-2026-21605	247788	L001-OWPALT-049A	CNWH67877	0	1	ERP_AUTO_PICKED_HERE	ERP deducted here but desktop did not pick this carton	e9cgrmu80e				
2026-09-17	MR-2026-04676	MAT-STE-2026-21605	247788	L001-OWPALT-071B	CNWH27072	1	0	DESKTOP_PICKED_NOT_IN_ERP	Desktop picked here but ERP did not deduct this carton					
2026-09-17	MR-2026-04676	MAT-STE-2026-21605	267358	L002-OWPALT-051C	CNWH05700	1	0	DESKTOP_PICKED_NOT_IN_ERP	Desktop picked here but ERP did not deduct this carton					
2026-09-17	MR-2026-04676	MAT-STE-2026-21605	267358	L003-OWPALT-051C	CNWH05685	0	1	ERP_AUTO_PICKED_HERE	ERP deducted here but desktop did not pick this carton	e9dhs9elav				
2026-09-17	MR-2026-04676	MAT-STE-2026-21605	267358	L003-OWPALT-054C	CNWH15144	0	1	ERP_AUTO_PICKED_HERE	ERP deducted here but desktop did not pick this carton	e9d5elg45o				
2026-09-17	MR-2026-04676	MAT-STE-2026-21605	267358	L003-OWPALT-056A	CNWH15146	0	1	ERP_AUTO_PICKED_HERE	ERP deducted here but desktop did not pick this carton	e9ecd5qatt				
2026-09-17	MR-2026-04676	MAT-STE-2026-21605	267358	L003-OWPALT-056A	CNWH15152	1	0	DESKTOP_PICKED_NOT_IN_ERP	Desktop picked here but ERP did not deduct this carton					
2026-09-17	MR-2026-04676	MAT-STE-2026-21605	267358	L003-OWPALT-056A	CNWH15153	1	0	DESKTOP_PICKED_NOT_IN_ERP	Desktop picked here but ERP did not deduct this carton					
2026-09-17	MR-2026-04676	MAT-STE-2026-21605	269151	L001-OWPALT-041A	CNWH15390	2	0	DESKTOP_PICKED_NOT_IN_ERP	Desktop picked here but ERP did not deduct this carton					
2026-09-17	MR-2026-04676	MAT-STE-2026-21605	269151	L001-OWPALT-048A	CNWH64584	0	2	ERP_AUTO_PICKED_HERE	ERP deducted here but desktop did not pick this carton	e9er1stbof				
2026-09-17	MR-2026-04676	MAT-STE-2026-21605	306412	L001-OWPALT-064A	CNWH42238	4	0	DESKTOP_PICKED_NOT_IN_ERP	Desktop picked here but ERP did not deduct this carton					
2026-09-17	MR-2026-04676	MAT-STE-2026-21605	306412	L001-OWPALT-064A	CNWH42245	0	4	ERP_AUTO_PICKED_HERE	ERP deducted here but desktop did not pick this carton	e9e4efsgg9				
2026-09-17	MR-2026-04676	MAT-STE-2026-21605	306417	L001-OWPALT-071B	CNWH42166	2	0	DESKTOP_PICKED_NOT_IN_ERP	Desktop picked here but ERP did not deduct this carton					
2026-09-17	MR-2026-04676	MAT-STE-2026-21605	306417	L001-OWPALT-071B	CNWH42170	0	2	ERP_AUTO_PICKED_HERE	ERP deducted here but desktop did not pick this carton	e9emtdneuk				
2026-09-17	MR-2026-04676	MAT-STE-2026-21605	320123	L001-OWPALT-048A	CNWH64518	1	0	DESKTOP_PICKED_NOT_IN_ERP	Desktop picked here but ERP did not deduct this carton					
2026-09-17	MR-2026-04676	MAT-STE-2026-21605	320123	L001-OWPALT-057A	CNWH64512	0	1	ERP_AUTO_PICKED_HERE	ERP deducted here but desktop did not pick this carton	e9f85jfqak				
2026-09-17	MR-2026-04676	MAT-STE-2026-21605	320124	L001-OWPALT-057A	CNWH50788	1	3	QTY_MISMATCH	Desktop and ERP qty differ on same carton	e9f40h7mni				
2026-09-17	MR-2026-04676	MAT-STE-2026-21605	320124	L001-OWPALT-069D	CNWH64588	2	0	DESKTOP_PICKED_NOT_IN_ERP	Desktop picked here but ERP did not deduct this carton					
2026-09-17	MR-2026-04676	MAT-STE-2026-21605	320125	L001-OWPALT-057A	CNWH64595	16	0	DESKTOP_PICKED_NOT_IN_ERP	Desktop picked here but ERP did not deduct this carton					
2026-09-17	MR-2026-04676	MAT-STE-2026-21605	320125	L001-OWPALT-069D	CNWH64594	0	8	ERP_AUTO_PICKED_HERE	ERP deducted here but desktop did not pick this carton	e9fkpkaasr				
2026-09-17	MR-2026-04676	MAT-STE-2026-21605	320127	L001-OWPALT-065A	CNWH63574	2	0	DESKTOP_PICKED_NOT_IN_ERP	Desktop picked here but ERP did not deduct this carton					
2026-09-17	MR-2026-04676	MAT-STE-2026-21605	320127	L001-OWPALT-070C	CNWH63555	0	2	ERP_AUTO_PICKED_HERE	ERP deducted here but desktop did not pick this carton	e9fh58ccer				
2026-09-17	MR-2026-04676	MAT-STE-2026-21605	320129	L001-OWPALT-080A	CNWH63612	0	1	ERP_AUTO_PICKED_HERE	ERP deducted here but desktop did not pick this carton	e9frqbp282				
2026-09-17	MR-2026-04676	MAT-STE-2026-21605	320129	L001-OWPALT-080A	CNWH63615	1	0	DESKTOP_PICKED_NOT_IN_ERP	Desktop picked here but ERP did not deduct this carton					
2026-09-17	MR-2026-04676	MAT-STE-2026-21605	322769	L001-OWPALT-039B	CNWH65365	1	0	DESKTOP_PICKED_NOT_IN_ERP	Desktop picked here but ERP did not deduct this carton					
2026-09-17	MR-2026-04676	MAT-STE-2026-21605	322769	L001-OWPALT-055B	CNWH60034	0	1	ERP_AUTO_PICKED_HERE	ERP deducted here but desktop did not pick this carton	e9h44s5jrt				
2026-09-17	MR-2026-04676	MAT-STE-2026-21605	324250	L001-OWPALT-031B	CNWH63298	0	1	ERP_AUTO_PICKED_HERE	ERP deducted here but desktop did not pick this carton	e9jacaun25				
2026-09-17	MR-2026-04676	MAT-STE-2026-21605	324250	L001-OWPALT-031B	CNWH63301	1	0	DESKTOP_PICKED_NOT_IN_ERP	Desktop picked here but ERP did not deduct this carton					
2026-09-17	MR-2026-04730	MAT-STE-2026-21606	326840	L009-OWSHEL-023B	CNWH66463	1	0	DESKTOP_PICKED_NOT_IN_ERP	Desktop picked here but ERP did not deduct this carton					
2026-09-17	MR-2026-04730	MAT-STE-2026-21606	326840	L016-OWPALT-015B	CNWH50787	0	1	ERP_AUTO_PICKED_HERE	ERP deducted here but desktop did not pick this carton	ntmb4bh86f				
2026-09-17	MR-2026-04730	MAT-STE-2026-21606	326846	L009-OWSHEL-010C	CNWH66421	0	1	ERP_AUTO_PICKED_HERE	ERP deducted here but desktop did not pick this carton	ntm4uc63uc				
2026-09-17	MR-2026-04730	MAT-STE-2026-21606	326846	L009-OWSHEL-023B	CNWH66463	1	0	DESKTOP_PICKED_NOT_IN_ERP	Desktop picked here but ERP did not deduct this carton					
2026-09-17	MR-2026-04730	MAT-STE-2026-21606	326851	L009-OWSHEL-002B	CNWH66391	1	0	DESKTOP_PICKED_NOT_IN_ERP	Desktop picked here but ERP did not deduct this carton					
2026-09-17	MR-2026-04730	MAT-STE-2026-21606	326851	L009-OWSHEL-010C	CNWH66423	0	1	ERP_AUTO_PICKED_HERE	ERP deducted here but desktop did not pick this carton	ntm3fpnkmf				
2026-09-17	MR-2026-04730	MAT-STE-2026-21606	326859	L009-OWSHEL-001A	CNWH66410	0	1	ERP_AUTO_PICKED_HERE	ERP deducted here but desktop did not pick this carton	ntnt0g1bal				
2026-09-17	MR-2026-04730	MAT-STE-2026-21606	326859	L009-OWSHEL-002B	CNWH66398	1	0	DESKTOP_PICKED_NOT_IN_ERP	Desktop picked here but ERP did not deduct this carton					
2026-09-17	MR-2026-04730	MAT-STE-2026-21606	326866	L009-OWSHEL-001A	CNWH66387	0	1	ERP_AUTO_PICKED_HERE	ERP deducted here but desktop did not pick this carton	ntnc513b4a				
2026-09-17	MR-2026-04730	MAT-STE-2026-21606	326866	L009-OWSHEL-011B	CNWH66419	1	0	DESKTOP_PICKED_NOT_IN_ERP	Desktop picked here but ERP did not deduct this carton					
2026-09-17	MR-2026-04730	MAT-STE-2026-21606	326870	L009-OWSHEL-011B	CNWH66428	0	2	ERP_AUTO_PICKED_HERE	ERP deducted here but desktop did not pick this carton	ntom96pskj				
2026-09-17	MR-2026-04730	MAT-STE-2026-21606	326870	L009-OWSHEL-014B	CNWH66444	2	0	DESKTOP_PICKED_NOT_IN_ERP	Desktop picked here but ERP did not deduct this carton					
2026-09-17	MR-2026-04730	MAT-STE-2026-21606	327941	L017-OWPALT-038C	CNWH54660	0	1	ERP_AUTO_PICKED_HERE	ERP deducted here but desktop did not pick this carton	ntptcm5qnq				
2026-09-17	MR-2026-04730	MAT-STE-2026-21606	327941	L017-OWPALT-038C	CNWH67024	1	0	DESKTOP_PICKED_NOT_IN_ERP	Desktop picked here but ERP did not deduct this carton					
2026-09-17	MR-2026-04730	MAT-STE-2026-21606	327945	L017-OWPALT-038C	CNWH53607	1	0	DESKTOP_PICKED_NOT_IN_ERP	Desktop picked here but ERP did not deduct this carton					
2026-09-17	MR-2026-04730	MAT-STE-2026-21606	327945	L017-OWPALT-038C	CNWH56181	0	1	ERP_AUTO_PICKED_HERE	ERP deducted here but desktop did not pick this carton	ntpd1v7cmq				
2026-09-17	MR-2026-04730	MAT-STE-2026-21606	329420	L017-OWPALT-038C	CNWH26525	1	0	DESKTOP_PICKED_NOT_IN_ERP	Desktop picked here but ERP did not deduct this carton					
2026-09-17	MR-2026-04730	MAT-STE-2026-21606	329420	L017-OWPALT-038C	CNWH56296	0	1	ERP_AUTO_PICKED_HERE	ERP deducted here but desktop did not pick this carton	ntqgol7p5s				
2026-09-17	MR-2026-04730	MAT-STE-2026-21606	329675	L017-OWPALT-015B	CNWH67049	0	1	ERP_AUTO_PICKED_HERE	ERP deducted here but desktop did not pick this carton	ntqi01qili				
2026-09-17	MR-2026-04730	MAT-STE-2026-21606	329675	L017-OWPALT-027C	CNWH67045	1	0	DESKTOP_PICKED_NOT_IN_ERP	Desktop picked here but ERP did not deduct this carton					
2026-09-17	MR-2026-04730	MAT-STE-2026-21606	329688	L017-OWPALT-015B	CNWH67029	0	1	ERP_AUTO_PICKED_HERE	ERP deducted here but desktop did not pick this carton	ntrqsijih7				
2026-09-17	MR-2026-04730	MAT-STE-2026-21606	329688	L017-OWPALT-038C	CNWH53607	1	0	DESKTOP_PICKED_NOT_IN_ERP	Desktop picked here but ERP did not deduct this carton					
2026-09-17	MR-2026-04730	MAT-STE-2026-21606	329706	L017-OWPALT-027C	CNWH60593	1	0	DESKTOP_PICKED_NOT_IN_ERP	Desktop picked here but ERP did not deduct this carton					
2026-09-17	MR-2026-04730	MAT-STE-2026-21606	329706	L017-OWPALT-027C	CNWH60628	0	1	ERP_AUTO_PICKED_HERE	ERP deducted here but desktop did not pick this carton	ntrvltm1am				
2026-09-17	MR-2026-04730	MAT-STE-2026-21606	329853	L017-OWPALT-011C	CNWH59759	0	1	ERP_AUTO_PICKED_HERE	ERP deducted here but desktop did not pick this carton	ntskedhed3				
2026-09-17	MR-2026-04730	MAT-STE-2026-21606	329853	L017-OWPALT-039B	CNWH02068	1	0	DESKTOP_PICKED_NOT_IN_ERP	Desktop picked here but ERP did not deduct this carton					
2026-09-17	MR-2026-04730	MAT-STE-2026-21606	329957	L017-OWPALT-022C	CNWH61956	1	0	DESKTOP_PICKED_NOT_IN_ERP	Desktop picked here but ERP did not deduct this carton					
2026-09-17	MR-2026-04730	MAT-STE-2026-21606	329957	L017-OWPALT-039B	CNWH65822	0	1	ERP_AUTO_PICKED_HERE	ERP deducted here but desktop did not pick this carton	ntt5902f78				
2026-09-17	MR-2026-04731	MAT-STE-2026-21607	326840	L009-OWSHEL-002B	CNWH66384	0	1	ERP_AUTO_PICKED_HERE	ERP deducted here but desktop did not pick this carton	oe4cfiiceh				
2026-09-17	MR-2026-04731	MAT-STE-2026-21607	326840	L009-OWSHEL-023B	CNWH66463	1	0	DESKTOP_PICKED_NOT_IN_ERP	Desktop picked here but ERP did not deduct this carton					
2026-09-17	MR-2026-04731	MAT-STE-2026-21607	326847	L009-OWSHEL-011B	CNWH66424	1	0	DESKTOP_PICKED_NOT_IN_ERP	Desktop picked here but ERP did not deduct this carton					
2026-09-17	MR-2026-04731	MAT-STE-2026-21607	326847	L009-OWSHEL-024A	CNWH66453	0	1	ERP_AUTO_PICKED_HERE	ERP deducted here but desktop did not pick this carton	oe4t533050				
2026-09-17	MR-2026-04731	MAT-STE-2026-21607	326876	L009-OWSHEL-001A	CNWH66395	0	1	ERP_AUTO_PICKED_HERE	ERP deducted here but desktop did not pick this carton	oe5tj0etcq				
2026-09-17	MR-2026-04731	MAT-STE-2026-21607	326876	L009-OWSHEL-009D	CNWH66414	1	0	DESKTOP_PICKED_NOT_IN_ERP	Desktop picked here but ERP did not deduct this carton					
2026-09-17	MR-2026-04731	MAT-STE-2026-21607	327933	L017-OWPALT-038C	CNWH53607	0	1	ERP_AUTO_PICKED_HERE	ERP deducted here but desktop did not pick this carton	oe8btao5f1				
2026-09-17	MR-2026-04731	MAT-STE-2026-21607	327933	L017-OWPALT-038C	CNWH54660	0	1	ERP_AUTO_PICKED_HERE	ERP deducted here but desktop did not pick this carton	oe8l8cdgfe				
2026-09-17	MR-2026-04731	MAT-STE-2026-21607	327933	L017-OWPALT-038C	CNWH56181	2	0	DESKTOP_PICKED_NOT_IN_ERP	Desktop picked here but ERP did not deduct this carton					
2026-09-17	MR-2026-04731	MAT-STE-2026-21607	327940	L017-OWPALT-038C	CNWH54660	1	0	DESKTOP_PICKED_NOT_IN_ERP	Desktop picked here but ERP did not deduct this carton					
2026-09-17	MR-2026-04731	MAT-STE-2026-21607	327940	L017-OWPALT-038C	CNWH67024	1	2	QTY_MISMATCH	Desktop and ERP qty differ on same carton	oe962aiu38				
2026-09-17	MR-2026-04731	MAT-STE-2026-21607	329706	L017-OWPALT-015B	CNWH67034	2	3	QTY_MISMATCH	Desktop and ERP qty differ on same carton	oe9f175lc4				
2026-09-17	MR-2026-04731	MAT-STE-2026-21607	329706	L017-OWPALT-027C	CNWH60593	1	0	DESKTOP_PICKED_NOT_IN_ERP	Desktop picked here but ERP did not deduct this carton					
2026-09-17	MR-2026-04731	MAT-STE-2026-21607	329802	L009-OWSHEL-018F	CNWH67038	0	2	ERP_AUTO_PICKED_HERE	ERP deducted here but desktop did not pick this carton	oea08nddv3				
2026-09-17	MR-2026-04731	MAT-STE-2026-21607	329802	L010-OWSHEL-003C	CNWH67042	2	0	DESKTOP_PICKED_NOT_IN_ERP	Desktop picked here but ERP did not deduct this carton					
2026-09-17	MR-2026-04732	MAT-STE-2026-21608	326839	L009-OWSHEL-001A	CNWH66385	0	1	ERP_AUTO_PICKED_HERE	ERP deducted here but desktop did not pick this carton	outt0s9cen				
2026-09-17	MR-2026-04732	MAT-STE-2026-21608	326839	L009-OWSHEL-013A	CNWH66437	1	0	DESKTOP_PICKED_NOT_IN_ERP	Desktop picked here but ERP did not deduct this carton					
2026-09-17	MR-2026-04732	MAT-STE-2026-21608	326858	L009-OWSHEL-001A	CNWH66387	1	0	DESKTOP_PICKED_NOT_IN_ERP	Desktop picked here but ERP did not deduct this carton					
2026-09-17	MR-2026-04732	MAT-STE-2026-21608	326858	L009-OWSHEL-001A	CNWH66410	0	1	ERP_AUTO_PICKED_HERE	ERP deducted here but desktop did not pick this carton	out489rviv				
2026-09-17	MR-2026-04732	MAT-STE-2026-21608	326865	L009-OWSHEL-002B	CNWH66384	0	1	ERP_AUTO_PICKED_HERE	ERP deducted here but desktop did not pick this carton	ouunl0u0el				
2026-09-17	MR-2026-04732	MAT-STE-2026-21608	326865	L009-OWSHEL-012A	CNWH66403	1	0	DESKTOP_PICKED_NOT_IN_ERP	Desktop picked here but ERP did not deduct this carton					
2026-09-17	MR-2026-04732	MAT-STE-2026-21608	327934	L017-OWPALT-038C	CNWH54660	0	3	ERP_AUTO_PICKED_HERE	ERP deducted here but desktop did not pick this carton	ouvsvmuknc				
2026-09-17	MR-2026-04732	MAT-STE-2026-21608	327934	L017-OWPALT-038C	CNWH56181	3	0	DESKTOP_PICKED_NOT_IN_ERP	Desktop picked here but ERP did not deduct this carton					
2026-09-17	MR-2026-04732	MAT-STE-2026-21608	327945	L017-OWPALT-038C	CNWH53607	1	3	QTY_MISMATCH	Desktop and ERP qty differ on same carton	ouvkq2nmmk				
2026-09-17	MR-2026-04732	MAT-STE-2026-21608	327945	L017-OWPALT-038C	CNWH56181	2	0	DESKTOP_PICKED_NOT_IN_ERP	Desktop picked here but ERP did not deduct this carton					
2026-09-17	MR-2026-04732	MAT-STE-2026-21608	327946	L017-OWPALT-038C	CNWH50783	0	3	ERP_AUTO_PICKED_HERE	ERP deducted here but desktop did not pick this carton	ouvbaiqhta				
2026-09-17	MR-2026-04732	MAT-STE-2026-21608	327946	L017-OWPALT-038C	CNWH56181	3	0	DESKTOP_PICKED_NOT_IN_ERP	Desktop picked here but ERP did not deduct this carton					
2026-09-17	MR-2026-04732	MAT-STE-2026-21608	329417	L017-OWPALT-038C	CNWH56296	1	0	DESKTOP_PICKED_NOT_IN_ERP	Desktop picked here but ERP did not deduct this carton					
2026-09-17	MR-2026-04732	MAT-STE-2026-21608	329417	L017-OWPALT-038C	CNWH66659	0	1	ERP_AUTO_PICKED_HERE	ERP deducted here but desktop did not pick this carton	ouv1lve0n0				
2026-09-17	MR-2026-04732	MAT-STE-2026-21608	329676	L017-OWPALT-015B	CNWH67049	0	1	ERP_AUTO_PICKED_HERE	ERP deducted here but desktop did not pick this carton	ov0sj0baai				
2026-09-17	MR-2026-04732	MAT-STE-2026-21608	329676	L017-OWPALT-038C	CNWH50783	1	0	DESKTOP_PICKED_NOT_IN_ERP	Desktop picked here but ERP did not deduct this carton					
2026-09-17	MR-2026-04732	MAT-STE-2026-21608	329682	L017-OWPALT-027C	CNWH60628	1	0	DESKTOP_PICKED_NOT_IN_ERP	Desktop picked here but ERP did not deduct this carton					
2026-09-17	MR-2026-04732	MAT-STE-2026-21608	329682	L017-OWPALT-038C	CNWH56296	0	1	ERP_AUTO_PICKED_HERE	ERP deducted here but desktop did not pick this carton	ov07cc5p0p				
2026-09-17	MR-2026-04732	MAT-STE-2026-21608	329687	L017-OWPALT-015B	CNWH67029	0	1	ERP_AUTO_PICKED_HERE	ERP deducted here but desktop did not pick this carton	ov0e3jnev3				
2026-09-17	MR-2026-04732	MAT-STE-2026-21608	329687	L017-OWPALT-038C	CNWH53607	1	0	DESKTOP_PICKED_NOT_IN_ERP	Desktop picked here but ERP did not deduct this carton					
2026-09-17	MR-2026-04732	MAT-STE-2026-21608	329693	L017-OWPALT-015B	CNWH67030	1	0	DESKTOP_PICKED_NOT_IN_ERP	Desktop picked here but ERP did not deduct this carton					
2026-09-17	MR-2026-04732	MAT-STE-2026-21608	329693	L017-OWPALT-015B	CNWH67034	0	1	ERP_AUTO_PICKED_HERE	ERP deducted here but desktop did not pick this carton	ov1bm82k4b				
2026-09-17	MR-2026-04732	MAT-STE-2026-21608	329705	L017-OWPALT-015B	CNWH67034	1	0	DESKTOP_PICKED_NOT_IN_ERP	Desktop picked here but ERP did not deduct this carton					
2026-09-17	MR-2026-04732	MAT-STE-2026-21608	329705	L017-OWPALT-015B	CNWH67049	0	1	ERP_AUTO_PICKED_HERE	ERP deducted here but desktop did not pick this carton	ov1e6kl5e7				
2026-09-17	MR-2026-04732	MAT-STE-2026-21608	329857	L017-OWPALT-039B	CNWH02068	2	1	QTY_MISMATCH	Desktop and ERP qty differ on same carton	ov2ca0ldu7				
2026-09-17	MR-2026-04732	MAT-STE-2026-21608	329857	L017-OWPALT-039B	CNWH62488	0	1	ERP_AUTO_PICKED_HERE	ERP deducted here but desktop did not pick this carton	ov292ljfmn				
2026-09-17	MR-2026-04732	MAT-STE-2026-21608	329889	L016-OWPALT-014C	CNWH58174	1	0	DESKTOP_PICKED_NOT_IN_ERP	Desktop picked here but ERP did not deduct this carton					
2026-09-17	MR-2026-04732	MAT-STE-2026-21608	329889	L017-OWPALT-011C	CNWH65810	0	1	ERP_AUTO_PICKED_HERE	ERP deducted here but desktop did not pick this carton	ov2gjk7mc9				
2026-09-17	MR-2026-04733	MAT-STE-2026-21609	326846	L009-OWSHEL-011B	CNWH66422	1	0	DESKTOP_PICKED_NOT_IN_ERP	Desktop picked here but ERP did not deduct this carton					
2026-09-17	MR-2026-04733	MAT-STE-2026-21609	326846	L009-OWSHEL-011B	CNWH66424	0	1	ERP_AUTO_PICKED_HERE	ERP deducted here but desktop did not pick this carton	p919na55vn				
2026-09-17	MR-2026-04733	MAT-STE-2026-21609	326860	L009-OWSHEL-001A	CNWH66410	1	0	DESKTOP_PICKED_NOT_IN_ERP	Desktop picked here but ERP did not deduct this carton					
2026-09-17	MR-2026-04733	MAT-STE-2026-21609	326860	L009-OWSHEL-002B	CNWH66398	0	1	ERP_AUTO_PICKED_HERE	ERP deducted here but desktop did not pick this carton	p91pq87tut				
2026-09-17	MR-2026-04733	MAT-STE-2026-21609	326875	L009-OWSHEL-001A	CNWH66392	1	0	DESKTOP_PICKED_NOT_IN_ERP	Desktop picked here but ERP did not deduct this carton					
2026-09-17	MR-2026-04733	MAT-STE-2026-21609	326875	L009-OWSHEL-001A	CNWH66405	0	1	ERP_AUTO_PICKED_HERE	ERP deducted here but desktop did not pick this carton	p92e21a183				
2026-09-17	MR-2026-04733	MAT-STE-2026-21609	326876	L009-OWSHEL-001A	CNWH66392	1	0	DESKTOP_PICKED_NOT_IN_ERP	Desktop picked here but ERP did not deduct this carton					
2026-09-17	MR-2026-04733	MAT-STE-2026-21609	326876	L009-OWSHEL-009D	CNWH66414	0	1	ERP_AUTO_PICKED_HERE	ERP deducted here but desktop did not pick this carton	p92el96al7				
2026-09-17	MR-2026-04733	MAT-STE-2026-21609	329409	L017-OWPALT-038C	CNWH26525	2	1	QTY_MISMATCH	Desktop and ERP qty differ on same carton	p935i3i5mr				
2026-09-17	MR-2026-04733	MAT-STE-2026-21609	329409	L017-OWPALT-038C	CNWH67024	0	1	ERP_AUTO_PICKED_HERE	ERP deducted here but desktop did not pick this carton	p93nnko0o3				
2026-09-17	MR-2026-04733	MAT-STE-2026-21609	329659	L017-OWPALT-015B	CNWH60597	1	0	DESKTOP_PICKED_NOT_IN_ERP	Desktop picked here but ERP did not deduct this carton					
2026-09-17	MR-2026-04733	MAT-STE-2026-21609	329659	L017-OWPALT-015B	CNWH67033	0	1	ERP_AUTO_PICKED_HERE	ERP deducted here but desktop did not pick this carton	p93fe1mi1a				
2026-09-17	MR-2026-04733	MAT-STE-2026-21609	329803	L009-OWSHEL-018F	CNWH67038	2	0	DESKTOP_PICKED_NOT_IN_ERP	Desktop picked here but ERP did not deduct this carton					
2026-09-17	MR-2026-04733	MAT-STE-2026-21609	329803	L009-OWSHEL-018F	CNWH67041	0	2	ERP_AUTO_PICKED_HERE	ERP deducted here but desktop did not pick this carton	p94go5cqjn				
2026-09-17	MR-2026-04733	MAT-STE-2026-21609	329894	L016-OWPALT-014C	CNWH58174	1	0	DESKTOP_PICKED_NOT_IN_ERP	Desktop picked here but ERP did not deduct this carton					
2026-09-17	MR-2026-04733	MAT-STE-2026-21609	329894	L017-OWPALT-011C	CNWH65810	0	1	ERP_AUTO_PICKED_HERE	ERP deducted here but desktop did not pick this carton	p9581pp762				
2026-09-17	MR-2026-04734	MAT-STE-2026-21610	326833	L009-OWSHEL-013A	CNWH66437	1	0	DESKTOP_PICKED_NOT_IN_ERP	Desktop picked here but ERP did not deduct this carton					
2026-09-17	MR-2026-04734	MAT-STE-2026-21610	326833	L009-OWSHEL-024A	CNWH66452	0	1	ERP_AUTO_PICKED_HERE	ERP deducted here but desktop did not pick this carton	pcljh66cv8				
2026-09-17	MR-2026-04734	MAT-STE-2026-21610	326847	L009-OWSHEL-011B	CNWH66424	1	0	DESKTOP_PICKED_NOT_IN_ERP	Desktop picked here but ERP did not deduct this carton					
2026-09-17	MR-2026-04734	MAT-STE-2026-21610	326847	L009-OWSHEL-024A	CNWH66470	0	1	ERP_AUTO_PICKED_HERE	ERP deducted here but desktop did not pick this carton	pcl4d2i7cq				
2026-09-17	MR-2026-04734	MAT-STE-2026-21610	327934	L017-OWPALT-038C	CNWH54660	1	0	DESKTOP_PICKED_NOT_IN_ERP	Desktop picked here but ERP did not deduct this carton					
2026-09-17	MR-2026-04734	MAT-STE-2026-21610	327934	L017-OWPALT-038C	CNWH56181	0	1	ERP_AUTO_PICKED_HERE	ERP deducted here but desktop did not pick this carton	pcmm9lig73				
2026-09-17	MR-2026-04734	MAT-STE-2026-21610	327939	L017-OWPALT-038C	CNWH50783	1	0	DESKTOP_PICKED_NOT_IN_ERP	Desktop picked here but ERP did not deduct this carton					
2026-09-17	MR-2026-04734	MAT-STE-2026-21610	327939	L017-OWPALT-038C	CNWH56296	0	1	ERP_AUTO_PICKED_HERE	ERP deducted here but desktop did not pick this carton	pcn4slgltv				
2026-09-17	MR-2026-04734	MAT-STE-2026-21610	327945	L017-OWPALT-038C	CNWH53607	1	0	DESKTOP_PICKED_NOT_IN_ERP	Desktop picked here but ERP did not deduct this carton					
2026-09-17	MR-2026-04734	MAT-STE-2026-21610	327945	L017-OWPALT-038C	CNWH56181	0	1	ERP_AUTO_PICKED_HERE	ERP deducted here but desktop did not pick this carton	pcnnune4a0				
2026-09-17	MR-2026-04734	MAT-STE-2026-21610	327946	L017-OWPALT-038C	CNWH50783	1	0	DESKTOP_PICKED_NOT_IN_ERP	Desktop picked here but ERP did not deduct this carton					
2026-09-17	MR-2026-04734	MAT-STE-2026-21610	327946	L017-OWPALT-038C	CNWH53607	0	1	ERP_AUTO_PICKED_HERE	ERP deducted here but desktop did not pick this carton	pcn0lce2av				
2026-09-17	MR-2026-04734	MAT-STE-2026-21610	329665	L017-OWPALT-015B	CNWH67049	0	1	ERP_AUTO_PICKED_HERE	ERP deducted here but desktop did not pick this carton	pcop7mnc5e				
2026-09-17	MR-2026-04734	MAT-STE-2026-21610	329665	L017-OWPALT-027C	CNWH60628	1	0	DESKTOP_PICKED_NOT_IN_ERP	Desktop picked here but ERP did not deduct this carton					
2026-09-17	MR-2026-04734	MAT-STE-2026-21610	329676	L017-OWPALT-027C	CNWH67045	0	1	ERP_AUTO_PICKED_HERE	ERP deducted here but desktop did not pick this carton	pcot7hh17l				
2026-09-17	MR-2026-04734	MAT-STE-2026-21610	329676	L017-OWPALT-038C	CNWH50783	1	0	DESKTOP_PICKED_NOT_IN_ERP	Desktop picked here but ERP did not deduct this carton					
2026-09-17	MR-2026-04734	MAT-STE-2026-21610	329873	L016-OWPALT-014C	CNWH58174	1	0	DESKTOP_PICKED_NOT_IN_ERP	Desktop picked here but ERP did not deduct this carton					
2026-09-17	MR-2026-04734	MAT-STE-2026-21610	329873	L017-OWPALT-039B	CNWH62488	0	1	ERP_AUTO_PICKED_HERE	ERP deducted here but desktop did not pick this carton	pcp6vrnbur				
2026-09-17	MR-2026-04734	MAT-STE-2026-21610	329976	L017-OWPALT-039B	CNWH02068	1	0	DESKTOP_PICKED_NOT_IN_ERP	Desktop picked here but ERP did not deduct this carton					
2026-09-17	MR-2026-04734	MAT-STE-2026-21610	329976	L017-OWPALT-039B	CNWH65822	0	1	ERP_AUTO_PICKED_HERE	ERP deducted here but desktop did not pick this carton	pcp14rbn22				
2026-09-17	MR-2026-04735	MAT-STE-2026-21611	326866	L009-OWSHEL-001A	CNWH66387	1	0	DESKTOP_PICKED_NOT_IN_ERP	Desktop picked here but ERP did not deduct this carton					
2026-09-17	MR-2026-04735	MAT-STE-2026-21611	326866	L009-OWSHEL-011B	CNWH66419	0	1	ERP_AUTO_PICKED_HERE	ERP deducted here but desktop did not pick this carton	pgtour8mhk				
2026-09-17	MR-2026-04735	MAT-STE-2026-21611	326876	L009-OWSHEL-009D	CNWH66414	1	0	DESKTOP_PICKED_NOT_IN_ERP	Desktop picked here but ERP did not deduct this carton					
2026-09-17	MR-2026-04735	MAT-STE-2026-21611	326876	L009-OWSHEL-009D	CNWH66416	0	1	ERP_AUTO_PICKED_HERE	ERP deducted here but desktop did not pick this carton	pgudtjidnm				
2026-09-17	MR-2026-04735	MAT-STE-2026-21611	327825	L009-OWSHEL-025A	CNWH66495	1	0	DESKTOP_PICKED_NOT_IN_ERP	Desktop picked here but ERP did not deduct this carton					
2026-09-17	MR-2026-04735	MAT-STE-2026-21611	327825	L009-OWSHEL-026B	CNWH66517	0	1	ERP_AUTO_PICKED_HERE	ERP deducted here but desktop did not pick this carton	pguqm1j0uf				
2026-09-17	MR-2026-04735	MAT-STE-2026-21611	327874	L009-OWSHEL-036A	CNWH66506	0	1	ERP_AUTO_PICKED_HERE	ERP deducted here but desktop did not pick this carton	pgvfrb86h5				
2026-09-17	MR-2026-04735	MAT-STE-2026-21611	327874	L016-OWPALT-018B	CNWH54245	1	0	DESKTOP_PICKED_NOT_IN_ERP	Desktop picked here but ERP did not deduct this carton					
2026-09-17	MR-2026-04735	MAT-STE-2026-21611	327939	L017-OWPALT-038C	CNWH50783	1	0	DESKTOP_PICKED_NOT_IN_ERP	Desktop picked here but ERP did not deduct this carton					
2026-09-17	MR-2026-04735	MAT-STE-2026-21611	327939	L017-OWPALT-038C	CNWH67024	0	1	ERP_AUTO_PICKED_HERE	ERP deducted here but desktop did not pick this carton	pgvv6a71lp				
2026-09-17	MR-2026-04735	MAT-STE-2026-21611	329420	L017-OWPALT-038C	CNWH26525	1	0	DESKTOP_PICKED_NOT_IN_ERP	Desktop picked here but ERP did not deduct this carton					
2026-09-17	MR-2026-04735	MAT-STE-2026-21611	329420	L017-OWPALT-038C	CNWH66659	0	1	ERP_AUTO_PICKED_HERE	ERP deducted here but desktop did not pick this carton	pgvcm4belo				
2026-09-17	MR-2026-04735	MAT-STE-2026-21611	329705	L017-OWPALT-015B	CNWH67034	2	0	DESKTOP_PICKED_NOT_IN_ERP	Desktop picked here but ERP did not deduct this carton					
2026-09-17	MR-2026-04735	MAT-STE-2026-21611	329705	L017-OWPALT-027C	CNWH60593	0	2	ERP_AUTO_PICKED_HERE	ERP deducted here but desktop did not pick this carton	ph0fnfoill				
2026-09-17	MR-2026-04736	MAT-STE-2026-21612	326847	L009-OWSHEL-011B	CNWH66424	0	1	ERP_AUTO_PICKED_HERE	ERP deducted here but desktop did not pick this carton	pmrapcqh43				
2026-09-17	MR-2026-04736	MAT-STE-2026-21612	326847	L009-OWSHEL-013A	CNWH66437	1	0	DESKTOP_PICKED_NOT_IN_ERP	Desktop picked here but ERP did not deduct this carton					
2026-09-17	MR-2026-04736	MAT-STE-2026-21612	326869	L009-OWSHEL-001A	CNWH66385	1	0	DESKTOP_PICKED_NOT_IN_ERP	Desktop picked here but ERP did not deduct this carton					
2026-09-17	MR-2026-04736	MAT-STE-2026-21612	326869	L009-OWSHEL-011B	CNWH66428	0	1	ERP_AUTO_PICKED_HERE	ERP deducted here but desktop did not pick this carton	pmri1i5ech				
2026-09-17	MR-2026-04736	MAT-STE-2026-21612	326876	L009-OWSHEL-009D	CNWH66414	1	0	DESKTOP_PICKED_NOT_IN_ERP	Desktop picked here but ERP did not deduct this carton					
2026-09-17	MR-2026-04736	MAT-STE-2026-21612	326876	L009-OWSHEL-012A	CNWH66411	0	1	ERP_AUTO_PICKED_HERE	ERP deducted here but desktop did not pick this carton	pmrk5q5eml				
2026-09-17	MR-2026-04736	MAT-STE-2026-21612	327826	L009-OWSHEL-025A	CNWH66495	1	0	DESKTOP_PICKED_NOT_IN_ERP	Desktop picked here but ERP did not deduct this carton					
2026-09-17	MR-2026-04736	MAT-STE-2026-21612	327826	L009-OWSHEL-026B	CNWH66517	0	1	ERP_AUTO_PICKED_HERE	ERP deducted here but desktop did not pick this carton	pmsqsc9179				
2026-09-17	MR-2026-04736	MAT-STE-2026-21612	329870	L017-OWPALT-011C	CNWH65823	0	1	ERP_AUTO_PICKED_HERE	ERP deducted here but desktop did not pick this carton	pmt6b96ru4				
2026-09-17	MR-2026-04736	MAT-STE-2026-21612	329870	L017-OWPALT-030C	CNWH63888	1	0	DESKTOP_PICKED_NOT_IN_ERP	Desktop picked here but ERP did not deduct this carton					
2026-09-17	MR-2026-04736	MAT-STE-2026-21612	329877	L016-OWPALT-014C	CNWH12299	1	0	DESKTOP_PICKED_NOT_IN_ERP	Desktop picked here but ERP did not deduct this carton					
2026-09-17	MR-2026-04736	MAT-STE-2026-21612	329877	L017-OWPALT-030C	CNWH63920	0	1	ERP_AUTO_PICKED_HERE	ERP deducted here but desktop did not pick this carton	pmt0eqojgr				
2026-09-17	MR-2026-04736	MAT-STE-2026-21612	329890	L016-OWPALT-014C	CNWH58174	1	0	DESKTOP_PICKED_NOT_IN_ERP	Desktop picked here but ERP did not deduct this carton					
2026-09-17	MR-2026-04736	MAT-STE-2026-21612	329890	L017-OWPALT-011C	CNWH65810	1	2	QTY_MISMATCH	Desktop and ERP qty differ on same carton	pmucq6fkog				
2026-09-19	MR-2026-04699	MAT-STE-2026-21656	239439	L015-OWPALT-049A	CNWH52430	2	1	QTY_MISMATCH	Desktop and ERP qty differ on same carton	b7aoo0qq4j				
2026-09-19	MR-2026-04699	MAT-STE-2026-21656	239439	L015-OWPALT-049A	CNWH66172	0	1	ERP_AUTO_PICKED_HERE	ERP deducted here but desktop did not pick this carton	b7ae2tst4d				
2026-09-19	MR-2026-04699	MAT-STE-2026-21656	239441	L015-OWPALT-049A	CNWH52430	5	2	QTY_MISMATCH	Desktop and ERP qty differ on same carton	b7ba56rhs9				
2026-09-19	MR-2026-04699	MAT-STE-2026-21656	239441	L015-OWPALT-049A	CNWH66172	0	3	ERP_AUTO_PICKED_HERE	ERP deducted here but desktop did not pick this carton	b7bjalhp0q				
2026-09-19	MR-2026-04699	MAT-STE-2026-21656	265751	L008-OWSHEL-018F	CNWH62359	0	1	ERP_AUTO_PICKED_HERE	ERP deducted here but desktop did not pick this carton	b7f1pmj9kl				
2026-09-19	MR-2026-04699	MAT-STE-2026-21656	265751	L015-OWPALT-049A	CNWH52430	1	0	DESKTOP_PICKED_NOT_IN_ERP	Desktop picked here but ERP did not deduct this carton					
2026-09-19	MR-2026-04699	MAT-STE-2026-21656	265752	L008-OWSHEL-027C	CNWH62640	0	2	ERP_AUTO_PICKED_HERE	ERP deducted here but desktop did not pick this carton	b7ff1086kn				
2026-09-19	MR-2026-04699	MAT-STE-2026-21656	265752	L015-OWPALT-003C	CNWH66201	0	1	ERP_AUTO_PICKED_HERE	ERP deducted here but desktop did not pick this carton	b7f257b8hc				
2026-09-19	MR-2026-04699	MAT-STE-2026-21656	265752	L015-OWPALT-049A	CNWH52430	1	0	DESKTOP_PICKED_NOT_IN_ERP	Desktop picked here but ERP did not deduct this carton					
2026-09-19	MR-2026-04699	MAT-STE-2026-21656	265752	L015-OWPALT-049A	CNWH66172	2	0	DESKTOP_PICKED_NOT_IN_ERP	Desktop picked here but ERP did not deduct this carton					
2026-09-19	MR-2026-04699	MAT-STE-2026-21656	265753	L015-OWPALT-003C	CNWH66201	0	1	ERP_AUTO_PICKED_HERE	ERP deducted here but desktop did not pick this carton	b7ggtjucsb				
2026-09-19	MR-2026-04699	MAT-STE-2026-21656	265753	L015-OWPALT-049A	CNWH52430	1	0	DESKTOP_PICKED_NOT_IN_ERP	Desktop picked here but ERP did not deduct this carton					
2026-09-19	MR-2026-04699	MAT-STE-2026-21656	265754	L015-OWPALT-003C	CNWH66201	0	2	ERP_AUTO_PICKED_HERE	ERP deducted here but desktop did not pick this carton	b7g8t7tjgd				
2026-09-19	MR-2026-04699	MAT-STE-2026-21656	265754	L015-OWPALT-049A	CNWH52430	1	0	DESKTOP_PICKED_NOT_IN_ERP	Desktop picked here but ERP did not deduct this carton					
2026-09-19	MR-2026-04699	MAT-STE-2026-21656	265754	L015-OWPALT-056A	CNWH45145	1	0	DESKTOP_PICKED_NOT_IN_ERP	Desktop picked here but ERP did not deduct this carton					
2026-09-19	MR-2026-04699	MAT-STE-2026-21656	265756	L015-OWPALT-015B	CNWH66098	0	3	ERP_AUTO_PICKED_HERE	ERP deducted here but desktop did not pick this carton	b7gril0kvr				
2026-09-19	MR-2026-04699	MAT-STE-2026-21656	265756	L015-OWPALT-049A	CNWH52430	3	0	DESKTOP_PICKED_NOT_IN_ERP	Desktop picked here but ERP did not deduct this carton					
2026-09-19	MR-2026-04699	MAT-STE-2026-21656	265757	L008-OWSHEL-027C	CNWH62640	0	1	ERP_AUTO_PICKED_HERE	ERP deducted here but desktop did not pick this carton	b7ginaiisv				
2026-09-19	MR-2026-04699	MAT-STE-2026-21656	265757	L015-OWPALT-003C	CNWH66201	0	1	ERP_AUTO_PICKED_HERE	ERP deducted here but desktop did not pick this carton	b7hkk26pi1				
2026-09-19	MR-2026-04699	MAT-STE-2026-21656	265757	L015-OWPALT-049A	CNWH52430	3	0	DESKTOP_PICKED_NOT_IN_ERP	Desktop picked here but ERP did not deduct this carton					
2026-09-19	MR-2026-04699	MAT-STE-2026-21656	265757	L015-OWPALT-056A	CNWH45145	0	1	ERP_AUTO_PICKED_HERE	ERP deducted here but desktop did not pick this carton	b7hv8e1c79				
2026-09-19	MR-2026-04699	MAT-STE-2026-21656	265799	L015-OWPALT-039B	CNWH61380	0	2	ERP_AUTO_PICKED_HERE	ERP deducted here but desktop did not pick this carton	b7hvsh09t5				
2026-09-19	MR-2026-04699	MAT-STE-2026-21656	265799	L015-OWPALT-039B	CNWH66341	7	5	QTY_MISMATCH	Desktop and ERP qty differ on same carton	b7hee9lqp0				
2026-09-19	MR-2026-04699	MAT-STE-2026-21656	276033	L008-OWSHEL-007F	CNWH64093	0	1	ERP_AUTO_PICKED_HERE	ERP deducted here but desktop did not pick this carton	b7itq19f3b				
2026-09-19	MR-2026-04699	MAT-STE-2026-21656	276033	L008-OWSHEL-013A	CNWH46205	1	0	DESKTOP_PICKED_NOT_IN_ERP	Desktop picked here but ERP did not deduct this carton					
2026-09-19	MR-2026-04699	MAT-STE-2026-21656	276034	L008-OWSHEL-007F	CNWH61329	0	1	ERP_AUTO_PICKED_HERE	ERP deducted here but desktop did not pick this carton	b7iepmdror				
2026-09-19	MR-2026-04699	MAT-STE-2026-21656	276034	L008-OWSHEL-013A	CNWH46205	2	0	DESKTOP_PICKED_NOT_IN_ERP	Desktop picked here but ERP did not deduct this carton					
2026-09-19	MR-2026-04699	MAT-STE-2026-21656	276034	L009-OWSHEL-007F	CNWH61484	0	1	ERP_AUTO_PICKED_HERE	ERP deducted here but desktop did not pick this carton	b7iprrhm3r				
2026-09-19	MR-2026-04699	MAT-STE-2026-21656	276035	L008-OWSHEL-007F	CNWH64093	0	2	ERP_AUTO_PICKED_HERE	ERP deducted here but desktop did not pick this carton	b7if5veufk				
2026-09-19	MR-2026-04699	MAT-STE-2026-21656	276035	L015-OWPALT-016A	CNWH66019	2	0	DESKTOP_PICKED_NOT_IN_ERP	Desktop picked here but ERP did not deduct this carton					
2026-09-19	MR-2026-04699	MAT-STE-2026-21656	276036	L008-OWSHEL-007F	CNWH61329	0	1	ERP_AUTO_PICKED_HERE	ERP deducted here but desktop did not pick this carton	b7ji0gqn2n				
2026-09-19	MR-2026-04699	MAT-STE-2026-21656	276036	L008-OWSHEL-007F	CNWH64093	0	1	ERP_AUTO_PICKED_HERE	ERP deducted here but desktop did not pick this carton	b7j1c4nd4l				
2026-09-19	MR-2026-04699	MAT-STE-2026-21656	276036	L008-OWSHEL-013A	CNWH46205	2	0	DESKTOP_PICKED_NOT_IN_ERP	Desktop picked here but ERP did not deduct this carton					
2026-09-19	MR-2026-04699	MAT-STE-2026-21656	276037	L008-OWSHEL-007F	CNWH64093	0	1	ERP_AUTO_PICKED_HERE	ERP deducted here but desktop did not pick this carton	b7jb1mtveo				
2026-09-19	MR-2026-04699	MAT-STE-2026-21656	276037	L015-OWPALT-016A	CNWH66019	1	0	DESKTOP_PICKED_NOT_IN_ERP	Desktop picked here but ERP did not deduct this carton					
2026-09-19	MR-2026-04699	MAT-STE-2026-21656	287109	L008-OWSHEL-007F	CNWH66356	0	1	ERP_AUTO_PICKED_HERE	ERP deducted here but desktop did not pick this carton	b7jhesp6kj				
2026-09-19	MR-2026-04699	MAT-STE-2026-21656	287109	L015-OWPALT-009A	CNWH66069	1	0	DESKTOP_PICKED_NOT_IN_ERP	Desktop picked here but ERP did not deduct this carton					
2026-09-19	MR-2026-04699	MAT-STE-2026-21656	287110	L008-OWSHEL-007F	CNWH66356	0	1	ERP_AUTO_PICKED_HERE	ERP deducted here but desktop did not pick this carton	b7kcc761k9				
2026-09-19	MR-2026-04699	MAT-STE-2026-21656	287110	L015-OWPALT-009A	CNWH66069	1	0	DESKTOP_PICKED_NOT_IN_ERP	Desktop picked here but ERP did not deduct this carton					
2026-09-19	MR-2026-04699	MAT-STE-2026-21656	287111	L008-OWSHEL-007F	CNWH66361	0	1	ERP_AUTO_PICKED_HERE	ERP deducted here but desktop did not pick this carton	b7k3ub3u7m				
2026-09-19	MR-2026-04699	MAT-STE-2026-21656	287111	L008-OWSHEL-007F	CNWH66381	0	1	ERP_AUTO_PICKED_HERE	ERP deducted here but desktop did not pick this carton	b7k7fmrdia				
2026-09-19	MR-2026-04699	MAT-STE-2026-21656	287111	L008-OWSHEL-023B	CNWH66569	1	0	DESKTOP_PICKED_NOT_IN_ERP	Desktop picked here but ERP did not deduct this carton					
2026-09-19	MR-2026-04699	MAT-STE-2026-21656	287111	L015-OWPALT-033A	CNWH66636	1	0	DESKTOP_PICKED_NOT_IN_ERP	Desktop picked here but ERP did not deduct this carton					
2026-09-19	MR-2026-04699	MAT-STE-2026-21656	287112	L008-OWSHEL-007F	CNWH66356	0	1	ERP_AUTO_PICKED_HERE	ERP deducted here but desktop did not pick this carton	b7klqv5mvd				
2026-09-19	MR-2026-04699	MAT-STE-2026-21656	287112	L015-OWPALT-009A	CNWH66069	1	0	DESKTOP_PICKED_NOT_IN_ERP	Desktop picked here but ERP did not deduct this carton					
2026-09-19	MR-2026-04699	MAT-STE-2026-21656	287113	L008-OWSHEL-007F	CNWH66356	0	1	ERP_AUTO_PICKED_HERE	ERP deducted here but desktop did not pick this carton	b7k3ap4bff				
2026-09-19	MR-2026-04699	MAT-STE-2026-21656	287113	L008-OWSHEL-023B	CNWH66569	1	0	DESKTOP_PICKED_NOT_IN_ERP	Desktop picked here but ERP did not deduct this carton					
2026-09-19	MR-2026-04699	MAT-STE-2026-21656	287114	L008-OWSHEL-007F	CNWH64093	0	1	ERP_AUTO_PICKED_HERE	ERP deducted here but desktop did not pick this carton	b7lsbk8qlf				
2026-09-19	MR-2026-04699	MAT-STE-2026-21656	287114	L015-OWPALT-041A	CNWH66258	1	0	DESKTOP_PICKED_NOT_IN_ERP	Desktop picked here but ERP did not deduct this carton					
2026-09-19	MR-2026-04699	MAT-STE-2026-21656	287115	L008-OWSHEL-007F	CNWH64093	0	1	ERP_AUTO_PICKED_HERE	ERP deducted here but desktop did not pick this carton	b7llj6gblj				
2026-09-19	MR-2026-04699	MAT-STE-2026-21656	287115	L008-OWSHEL-031F	CNWH65900	0	1	ERP_AUTO_PICKED_HERE	ERP deducted here but desktop did not pick this carton	b7lsruakh1				
2026-09-19	MR-2026-04699	MAT-STE-2026-21656	287115	L015-OWPALT-016A	CNWH66019	1	0	DESKTOP_PICKED_NOT_IN_ERP	Desktop picked here but ERP did not deduct this carton					
2026-09-19	MR-2026-04699	MAT-STE-2026-21656	287115	L015-OWPALT-041A	CNWH66258	1	0	DESKTOP_PICKED_NOT_IN_ERP	Desktop picked here but ERP did not deduct this carton					
2026-09-19	MR-2026-04699	MAT-STE-2026-21656	287116	L015-OWPALT-010B	CNWH66132	0	1	ERP_AUTO_PICKED_HERE	ERP deducted here but desktop did not pick this carton	b7le6fgbgh				
2026-09-19	MR-2026-04699	MAT-STE-2026-21656	287116	L015-OWPALT-041A	CNWH66258	1	0	DESKTOP_PICKED_NOT_IN_ERP	Desktop picked here but ERP did not deduct this carton					
2026-09-19	MR-2026-04699	MAT-STE-2026-21656	287117	L008-OWSHEL-031F	CNWH65900	0	1	ERP_AUTO_PICKED_HERE	ERP deducted here but desktop did not pick this carton	b7m4qt73js				
2026-09-19	MR-2026-04699	MAT-STE-2026-21656	287117	L015-OWPALT-041A	CNWH66258	1	0	DESKTOP_PICKED_NOT_IN_ERP	Desktop picked here but ERP did not deduct this carton					
2026-09-19	MR-2026-04699	MAT-STE-2026-21656	287118	L008-OWSHEL-031F	CNWH65900	0	1	ERP_AUTO_PICKED_HERE	ERP deducted here but desktop did not pick this carton	b7mk6n6mfh				
2026-09-19	MR-2026-04699	MAT-STE-2026-21656	287118	L015-OWPALT-041A	CNWH66258	1	0	DESKTOP_PICKED_NOT_IN_ERP	Desktop picked here but ERP did not deduct this carton					
2026-09-19	MR-2026-04699	MAT-STE-2026-21656	287124	L008-OWSHEL-031F	CNWH65900	0	1	ERP_AUTO_PICKED_HERE	ERP deducted here but desktop did not pick this carton	b7nme0qlnu				
2026-09-19	MR-2026-04699	MAT-STE-2026-21656	287124	L015-OWPALT-041A	CNWH66258	1	0	DESKTOP_PICKED_NOT_IN_ERP	Desktop picked here but ERP did not deduct this carton					
2026-09-19	MR-2026-04699	MAT-STE-2026-21656	287125	L008-OWSHEL-007F	CNWH64093	0	2	ERP_AUTO_PICKED_HERE	ERP deducted here but desktop did not pick this carton	b7nm300svh				
2026-09-19	MR-2026-04699	MAT-STE-2026-21656	287125	L015-OWPALT-041A	CNWH66258	2	0	DESKTOP_PICKED_NOT_IN_ERP	Desktop picked here but ERP did not deduct this carton					
2026-09-19	MR-2026-04699	MAT-STE-2026-21656	287126	L008-OWSHEL-031F	CNWH65900	0	1	ERP_AUTO_PICKED_HERE	ERP deducted here but desktop did not pick this carton	b7ntjhdt61				
2026-09-19	MR-2026-04699	MAT-STE-2026-21656	287126	L015-OWPALT-041A	CNWH66258	1	0	DESKTOP_PICKED_NOT_IN_ERP	Desktop picked here but ERP did not deduct this carton					
2026-09-19	MR-2026-04699	MAT-STE-2026-21656	287127	L008-OWSHEL-007F	CNWH64093	0	2	ERP_AUTO_PICKED_HERE	ERP deducted here but desktop did not pick this carton	b7o9tvln2m				
2026-09-19	MR-2026-04699	MAT-STE-2026-21656	287127	L015-OWPALT-041A	CNWH66258	2	0	DESKTOP_PICKED_NOT_IN_ERP	Desktop picked here but ERP did not deduct this carton					
2026-09-19	MR-2026-04699	MAT-STE-2026-21656	287128	L008-OWSHEL-007F	CNWH64093	0	1	ERP_AUTO_PICKED_HERE	ERP deducted here but desktop did not pick this carton	b7oe9h5l7g				
2026-09-19	MR-2026-04699	MAT-STE-2026-21656	287128	L015-OWPALT-041A	CNWH66258	1	0	DESKTOP_PICKED_NOT_IN_ERP	Desktop picked here but ERP did not deduct this carton					
2026-09-19	MR-2026-04699	MAT-STE-2026-21656	287132	L008-OWSHEL-005E	CNWH67054	0	2	ERP_AUTO_PICKED_HERE	ERP deducted here but desktop did not pick this carton	b7pnhcfvba				
2026-09-19	MR-2026-04699	MAT-STE-2026-21656	287132	L008-OWSHEL-009D	CNWH66050	2	0	DESKTOP_PICKED_NOT_IN_ERP	Desktop picked here but ERP did not deduct this carton					
2026-09-19	MR-2026-04699	MAT-STE-2026-21656	287133	L008-OWSHEL-005E	CNWH67054	0	1	ERP_AUTO_PICKED_HERE	ERP deducted here but desktop did not pick this carton	b7p4lovep2				
2026-09-19	MR-2026-04699	MAT-STE-2026-21656	287133	L008-OWSHEL-009D	CNWH66050	1	0	DESKTOP_PICKED_NOT_IN_ERP	Desktop picked here but ERP did not deduct this carton					
2026-09-19	MR-2026-04699	MAT-STE-2026-21656	287138	L008-OWSHEL-009D	CNWH66050	0	1	ERP_AUTO_PICKED_HERE	ERP deducted here but desktop did not pick this carton	b7qnmhtvts				
2026-09-19	MR-2026-04699	MAT-STE-2026-21656	287138	L008-OWSHEL-013A	CNWH46205	1	0	DESKTOP_PICKED_NOT_IN_ERP	Desktop picked here but ERP did not deduct this carton					
2026-09-19	MR-2026-04699	MAT-STE-2026-21656	287141	L015-OWPALT-042B	CNWH52209	1	0	DESKTOP_PICKED_NOT_IN_ERP	Desktop picked here but ERP did not deduct this carton					
2026-09-19	MR-2026-04699	MAT-STE-2026-21656	287141	L015-OWPALT-042B	CNWH63662	0	1	ERP_AUTO_PICKED_HERE	ERP deducted here but desktop did not pick this carton	b7qbg9bhet				
2026-09-19	MR-2026-04699	MAT-STE-2026-21656	287144	L008-OWSHEL-006F	CNWH69751	0	1	ERP_AUTO_PICKED_HERE	ERP deducted here but desktop did not pick this carton	b7ri42rose				
2026-09-19	MR-2026-04699	MAT-STE-2026-21656	287144	L015-OWPALT-009A	CNWH66069	1	0	DESKTOP_PICKED_NOT_IN_ERP	Desktop picked here but ERP did not deduct this carton					
2026-09-19	MR-2026-04700	MAT-STE-2026-21657	265752	L015-OWPALT-003C	CNWH66201	1	0	DESKTOP_PICKED_NOT_IN_ERP	Desktop picked here but ERP did not deduct this carton					
2026-09-19	MR-2026-04700	MAT-STE-2026-21657	265752	L015-OWPALT-011C	CNWH66099	0	2	ERP_AUTO_PICKED_HERE	ERP deducted here but desktop did not pick this carton	bip7tdkgkf				
2026-09-19	MR-2026-04700	MAT-STE-2026-21657	265752	L015-OWPALT-015B	CNWH66098	0	1	ERP_AUTO_PICKED_HERE	ERP deducted here but desktop did not pick this carton	biqislh75a				
2026-09-19	MR-2026-04700	MAT-STE-2026-21657	265752	L015-OWPALT-056A	CNWH45145	2	0	DESKTOP_PICKED_NOT_IN_ERP	Desktop picked here but ERP did not deduct this carton					
2026-09-19	MR-2026-04700	MAT-STE-2026-21657	265753	L015-OWPALT-003C	CNWH66201	1	0	DESKTOP_PICKED_NOT_IN_ERP	Desktop picked here but ERP did not deduct this carton					
2026-09-19	MR-2026-04700	MAT-STE-2026-21657	265753	L015-OWPALT-015B	CNWH66098	0	1	ERP_AUTO_PICKED_HERE	ERP deducted here but desktop did not pick this carton	biq5ff62kk				
2026-09-19	MR-2026-04700	MAT-STE-2026-21657	265753	L015-OWPALT-049A	CNWH52430	1	0	DESKTOP_PICKED_NOT_IN_ERP	Desktop picked here but ERP did not deduct this carton					
2026-09-19	MR-2026-04700	MAT-STE-2026-21657	265753	L015-OWPALT-049A	CNWH66172	0	1	ERP_AUTO_PICKED_HERE	ERP deducted here but desktop did not pick this carton	biqebjeqba				
2026-09-19	MR-2026-04700	MAT-STE-2026-21657	265754	L015-OWPALT-003C	CNWH66201	2	0	DESKTOP_PICKED_NOT_IN_ERP	Desktop picked here but ERP did not deduct this carton					
2026-09-19	MR-2026-04700	MAT-STE-2026-21657	265754	L015-OWPALT-033A	CNWH61307	0	2	ERP_AUTO_PICKED_HERE	ERP deducted here but desktop did not pick this carton	birb8j560l				
2026-09-19	MR-2026-04700	MAT-STE-2026-21657	276033	L008-OWSHEL-013A	CNWH46205	1	0	DESKTOP_PICKED_NOT_IN_ERP	Desktop picked here but ERP did not deduct this carton					
2026-09-19	MR-2026-04700	MAT-STE-2026-21657	276033	L009-OWSHEL-007F	CNWH61484	0	1	ERP_AUTO_PICKED_HERE	ERP deducted here but desktop did not pick this carton	birp9u6kfr				
2026-09-19	MR-2026-04700	MAT-STE-2026-21657	276034	L008-OWSHEL-013A	CNWH46205	2	0	DESKTOP_PICKED_NOT_IN_ERP	Desktop picked here but ERP did not deduct this carton					
2026-09-19	MR-2026-04700	MAT-STE-2026-21657	276034	L015-OWPALT-010B	CNWH65893	0	2	ERP_AUTO_PICKED_HERE	ERP deducted here but desktop did not pick this carton	bir4rauaai				
2026-09-19	MR-2026-04700	MAT-STE-2026-21657	276035	L008-OWSHEL-013A	CNWH53599	2	0	DESKTOP_PICKED_NOT_IN_ERP	Desktop picked here but ERP did not deduct this carton					
2026-09-19	MR-2026-04700	MAT-STE-2026-21657	276035	L009-OWSHEL-007F	CNWH61484	0	2	ERP_AUTO_PICKED_HERE	ERP deducted here but desktop did not pick this carton	bisss64btq				
2026-09-19	MR-2026-04700	MAT-STE-2026-21657	276036	L008-OWSHEL-025A	CNWH53649	2	0	DESKTOP_PICKED_NOT_IN_ERP	Desktop picked here but ERP did not deduct this carton					
2026-09-19	MR-2026-04700	MAT-STE-2026-21657	276036	L009-OWSHEL-007F	CNWH61484	0	2	ERP_AUTO_PICKED_HERE	ERP deducted here but desktop did not pick this carton	bisj343ek1				
2026-09-19	MR-2026-04700	MAT-STE-2026-21657	276037	L015-OWPALT-010B	CNWH65893	0	1	ERP_AUTO_PICKED_HERE	ERP deducted here but desktop did not pick this carton	bisl72ej6i				
2026-09-19	MR-2026-04700	MAT-STE-2026-21657	276037	L015-OWPALT-016A	CNWH66019	1	0	DESKTOP_PICKED_NOT_IN_ERP	Desktop picked here but ERP did not deduct this carton					
2026-09-19	MR-2026-04700	MAT-STE-2026-21657	287109	L008-OWSHEL-020E	CNWH66374	0	1	ERP_AUTO_PICKED_HERE	ERP deducted here but desktop did not pick this carton	bit5kh26uj				
2026-09-19	MR-2026-04700	MAT-STE-2026-21657	287109	L008-OWSHEL-023B	CNWH66569	1	0	DESKTOP_PICKED_NOT_IN_ERP	Desktop picked here but ERP did not deduct this carton					
2026-09-19	MR-2026-04700	MAT-STE-2026-21657	287110	L008-OWSHEL-007F	CNWH66381	0	1	ERP_AUTO_PICKED_HERE	ERP deducted here but desktop did not pick this carton	bitfa8tfmq				
2026-09-19	MR-2026-04700	MAT-STE-2026-21657	287110	L008-OWSHEL-020E	CNWH66374	0	1	ERP_AUTO_PICKED_HERE	ERP deducted here but desktop did not pick this carton	bit4vcf99k				
2026-09-19	MR-2026-04700	MAT-STE-2026-21657	287110	L008-OWSHEL-023B	CNWH66569	2	0	DESKTOP_PICKED_NOT_IN_ERP	Desktop picked here but ERP did not deduct this carton					
2026-09-19	MR-2026-04700	MAT-STE-2026-21657	287111	L008-OWSHEL-020E	CNWH66374	0	1	ERP_AUTO_PICKED_HERE	ERP deducted here but desktop did not pick this carton	biu0im0ee9				
2026-09-19	MR-2026-04700	MAT-STE-2026-21657	287111	L008-OWSHEL-023B	CNWH66569	1	0	DESKTOP_PICKED_NOT_IN_ERP	Desktop picked here but ERP did not deduct this carton					
2026-09-19	MR-2026-04700	MAT-STE-2026-21657	287112	L008-OWSHEL-007F	CNWH66381	0	1	ERP_AUTO_PICKED_HERE	ERP deducted here but desktop did not pick this carton	biu235q8rr				
2026-09-19	MR-2026-04700	MAT-STE-2026-21657	287112	L008-OWSHEL-023B	CNWH66569	1	0	DESKTOP_PICKED_NOT_IN_ERP	Desktop picked here but ERP did not deduct this carton					
2026-09-19	MR-2026-04700	MAT-STE-2026-21657	287129	L008-OWSHEL-018F	CNWH66499	0	1	ERP_AUTO_PICKED_HERE	ERP deducted here but desktop did not pick this carton	biuhkvobq1				
2026-09-19	MR-2026-04700	MAT-STE-2026-21657	287129	L015-OWPALT-055B	CNWH66212	1	0	DESKTOP_PICKED_NOT_IN_ERP	Desktop picked here but ERP did not deduct this carton					
2026-09-19	MR-2026-04700	MAT-STE-2026-21657	287130	L008-OWSHEL-029E	CNWH59935	0	1	ERP_AUTO_PICKED_HERE	ERP deducted here but desktop did not pick this carton	biv6q6fvoh				
2026-09-19	MR-2026-04700	MAT-STE-2026-21657	287130	L008-OWSHEL-029E	CNWH61495	0	1	ERP_AUTO_PICKED_HERE	ERP deducted here but desktop did not pick this carton	bivn0g65vc				
2026-09-19	MR-2026-04700	MAT-STE-2026-21657	287130	L015-OWPALT-025A	CNWH66085	2	0	DESKTOP_PICKED_NOT_IN_ERP	Desktop picked here but ERP did not deduct this carton					
2026-09-19	MR-2026-04700	MAT-STE-2026-21657	287131	L008-OWSHEL-018F	CNWH59001	0	1	ERP_AUTO_PICKED_HERE	ERP deducted here but desktop did not pick this carton	bivtk3d30v				
2026-09-19	MR-2026-04700	MAT-STE-2026-21657	287131	L008-OWSHEL-018F	CNWH66499	0	1	ERP_AUTO_PICKED_HERE	ERP deducted here but desktop did not pick this carton	bivffqtf2l				
2026-09-19	MR-2026-04700	MAT-STE-2026-21657	287131	L015-OWPALT-055B	CNWH66212	2	0	DESKTOP_PICKED_NOT_IN_ERP	Desktop picked here but ERP did not deduct this carton					
2026-09-19	MR-2026-04700	MAT-STE-2026-21657	287132	L008-OWSHEL-009D	CNWH66050	0	2	ERP_AUTO_PICKED_HERE	ERP deducted here but desktop did not pick this carton	bj0etnqtg9				
2026-09-19	MR-2026-04700	MAT-STE-2026-21657	287132	L015-OWPALT-025A	CNWH66085	2	0	DESKTOP_PICKED_NOT_IN_ERP	Desktop picked here but ERP did not deduct this carton					
2026-09-19	MR-2026-04700	MAT-STE-2026-21657	287133	L008-OWSHEL-009D	CNWH66050	0	1	ERP_AUTO_PICKED_HERE	ERP deducted here but desktop did not pick this carton	bj0cn23228				
2026-09-19	MR-2026-04700	MAT-STE-2026-21657	287133	L015-OWPALT-025A	CNWH66085	1	0	DESKTOP_PICKED_NOT_IN_ERP	Desktop picked here but ERP did not deduct this carton					
2026-09-19	MR-2026-04700	MAT-STE-2026-21657	287134	L008-OWSHEL-013A	CNWH46205	1	0	DESKTOP_PICKED_NOT_IN_ERP	Desktop picked here but ERP did not deduct this carton					
2026-09-19	MR-2026-04700	MAT-STE-2026-21657	287134	L008-OWSHEL-020E	CNWH65974	0	1	ERP_AUTO_PICKED_HERE	ERP deducted here but desktop did not pick this carton	bj0cj939rs				
2026-09-19	MR-2026-04700	MAT-STE-2026-21657	287135	L008-OWSHEL-013A	CNWH46205	1	0	DESKTOP_PICKED_NOT_IN_ERP	Desktop picked here but ERP did not deduct this carton					
2026-09-19	MR-2026-04700	MAT-STE-2026-21657	287135	L008-OWSHEL-020E	CNWH65974	0	2	ERP_AUTO_PICKED_HERE	ERP deducted here but desktop did not pick this carton	bj04b5r4td				
2026-09-19	MR-2026-04700	MAT-STE-2026-21657	287135	L015-OWPALT-025A	CNWH66085	1	0	DESKTOP_PICKED_NOT_IN_ERP	Desktop picked here but ERP did not deduct this carton					
2026-09-19	MR-2026-04700	MAT-STE-2026-21657	287136	L008-OWSHEL-013A	CNWH46205	2	0	DESKTOP_PICKED_NOT_IN_ERP	Desktop picked here but ERP did not deduct this carton					
2026-09-19	MR-2026-04700	MAT-STE-2026-21657	287136	L008-OWSHEL-018F	CNWH66499	0	1	ERP_AUTO_PICKED_HERE	ERP deducted here but desktop did not pick this carton	bj1s38evur				
2026-09-19	MR-2026-04700	MAT-STE-2026-21657	287136	L008-OWSHEL-020E	CNWH65974	0	1	ERP_AUTO_PICKED_HERE	ERP deducted here but desktop did not pick this carton	bj19m1tfpn				
2026-09-19	MR-2026-04700	MAT-STE-2026-21657	287137	L008-OWSHEL-018F	CNWH66499	0	1	ERP_AUTO_PICKED_HERE	ERP deducted here but desktop did not pick this carton	bj17imkmd0				
2026-09-19	MR-2026-04700	MAT-STE-2026-21657	287137	L008-OWSHEL-020E	CNWH65974	0	1	ERP_AUTO_PICKED_HERE	ERP deducted here but desktop did not pick this carton	bj19eb1a1n				
2026-09-19	MR-2026-04700	MAT-STE-2026-21657	287137	L015-OWPALT-025A	CNWH66085	2	0	DESKTOP_PICKED_NOT_IN_ERP	Desktop picked here but ERP did not deduct this carton					
2026-09-19	MR-2026-04700	MAT-STE-2026-21657	287138	L008-OWSHEL-018F	CNWH66499	0	1	ERP_AUTO_PICKED_HERE	ERP deducted here but desktop did not pick this carton	bj2dgbajig				
2026-09-19	MR-2026-04700	MAT-STE-2026-21657	287138	L015-OWPALT-025A	CNWH66085	1	0	DESKTOP_PICKED_NOT_IN_ERP	Desktop picked here but ERP did not deduct this carton					
2026-09-19	MR-2026-04700	MAT-STE-2026-21657	287144	L008-OWSHEL-007F	CNWH66356	0	1	ERP_AUTO_PICKED_HERE	ERP deducted here but desktop did not pick this carton	bj2797btsn				
2026-09-19	MR-2026-04700	MAT-STE-2026-21657	287144	L015-OWPALT-049A	CNWH61906	1	0	DESKTOP_PICKED_NOT_IN_ERP	Desktop picked here but ERP did not deduct this carton					
2026-09-19	MR-2026-04700	MAT-STE-2026-21657	287145	L008-OWSHEL-005E	CNWH67054	0	2	ERP_AUTO_PICKED_HERE	ERP deducted here but desktop did not pick this carton	bj2klm3ign				
2026-09-19	MR-2026-04700	MAT-STE-2026-21657	287145	L008-OWSHEL-023B	CNWH66569	2	0	DESKTOP_PICKED_NOT_IN_ERP	Desktop picked here but ERP did not deduct this carton					
2026-09-19	MR-2026-04700	MAT-STE-2026-21657	287146	L008-OWSHEL-005E	CNWH67054	0	2	ERP_AUTO_PICKED_HERE	ERP deducted here but desktop did not pick this carton	bj2gbcu0ni				
2026-09-19	MR-2026-04700	MAT-STE-2026-21657	287146	L008-OWSHEL-023B	CNWH66569	2	0	DESKTOP_PICKED_NOT_IN_ERP	Desktop picked here but ERP did not deduct this carton					
2026-09-19	MR-2026-04700	MAT-STE-2026-21657	287147	L008-OWSHEL-005E	CNWH67054	0	2	ERP_AUTO_PICKED_HERE	ERP deducted here but desktop did not pick this carton	bj2mr67soi				
2026-09-19	MR-2026-04700	MAT-STE-2026-21657	287147	L008-OWSHEL-023B	CNWH66569	2	0	DESKTOP_PICKED_NOT_IN_ERP	Desktop picked here but ERP did not deduct this carton					
2026-09-19	MR-2026-04700	MAT-STE-2026-21657	287148	L008-OWSHEL-007F	CNWH66356	0	1	ERP_AUTO_PICKED_HERE	ERP deducted here but desktop did not pick this carton	bj3nqfs8o1				
2026-09-19	MR-2026-04700	MAT-STE-2026-21657	287148	L008-OWSHEL-023B	CNWH66569	1	0	DESKTOP_PICKED_NOT_IN_ERP	Desktop picked here but ERP did not deduct this carton					
2026-09-19	MR-2026-04700	MAT-STE-2026-21657	290067	L015-OWPALT-010B	CNWH65893	0	1	ERP_AUTO_PICKED_HERE	ERP deducted here but desktop did not pick this carton	bj3s3vfl28				
2026-09-19	MR-2026-04700	MAT-STE-2026-21657	290067	L015-OWPALT-040A	CNWH61468	1	0	DESKTOP_PICKED_NOT_IN_ERP	Desktop picked here but ERP did not deduct this carton					
2026-09-19	MR-2026-04700	MAT-STE-2026-21657	290068	L008-OWSHEL-007F	CNWH69746	0	1	ERP_AUTO_PICKED_HERE	ERP deducted here but desktop did not pick this carton	bj3d1m5aav				
2026-09-19	MR-2026-04700	MAT-STE-2026-21657	290068	L015-OWPALT-010B	CNWH65893	0	1	ERP_AUTO_PICKED_HERE	ERP deducted here but desktop did not pick this carton	bj3jkrhvbi				
2026-09-19	MR-2026-04700	MAT-STE-2026-21657	290068	L015-OWPALT-040A	CNWH61468	2	0	DESKTOP_PICKED_NOT_IN_ERP	Desktop picked here but ERP did not deduct this carton					
2026-09-19	MR-2026-04700	MAT-STE-2026-21657	290069	L015-OWPALT-003C	CNWH65990	0	1	ERP_AUTO_PICKED_HERE	ERP deducted here but desktop did not pick this carton	bj4h5bbdii				
2026-09-19	MR-2026-04700	MAT-STE-2026-21657	290069	L015-OWPALT-010B	CNWH65893	0	1	ERP_AUTO_PICKED_HERE	ERP deducted here but desktop did not pick this carton	bj4hkdvl4t				
2026-09-19	MR-2026-04700	MAT-STE-2026-21657	290069	L015-OWPALT-040A	CNWH61468	2	0	DESKTOP_PICKED_NOT_IN_ERP	Desktop picked here but ERP did not deduct this carton					
2026-09-19	MR-2026-04700	MAT-STE-2026-21657	290070	L008-OWSHEL-006F	CNWH69751	0	2	ERP_AUTO_PICKED_HERE	ERP deducted here but desktop did not pick this carton	bj41putlgu				
2026-09-19	MR-2026-04700	MAT-STE-2026-21657	290070	L015-OWPALT-040A	CNWH61468	2	0	DESKTOP_PICKED_NOT_IN_ERP	Desktop picked here but ERP did not deduct this carton					
2026-09-19	MR-2026-04700	MAT-STE-2026-21657	290071	L008-OWSHEL-029E	CNWH59935	0	1	ERP_AUTO_PICKED_HERE	ERP deducted here but desktop did not pick this carton	bj4lneqg19				
2026-09-19	MR-2026-04700	MAT-STE-2026-21657	290071	L015-OWPALT-040A	CNWH61468	1	0	DESKTOP_PICKED_NOT_IN_ERP	Desktop picked here but ERP did not deduct this carton					
2026-09-19	MR-2026-04700	MAT-STE-2026-21657	290072	L015-OWPALT-011C	CNWH65956	0	1	ERP_AUTO_PICKED_HERE	ERP deducted here but desktop did not pick this carton	bj5lkspm0h				
2026-09-19	MR-2026-04700	MAT-STE-2026-21657	290072	L015-OWPALT-051C	CNWH61361	1	0	DESKTOP_PICKED_NOT_IN_ERP	Desktop picked here but ERP did not deduct this carton					
2026-09-19	MR-2026-04700	MAT-STE-2026-21657	290073	L008-OWSHEL-039C	CNWH65640	0	1	ERP_AUTO_PICKED_HERE	ERP deducted here but desktop did not pick this carton	bj5h58gbc5				
2026-09-19	MR-2026-04700	MAT-STE-2026-21657	290073	L015-OWPALT-051C	CNWH61361	1	0	DESKTOP_PICKED_NOT_IN_ERP	Desktop picked here but ERP did not deduct this carton					
2026-09-19	MR-2026-04700	MAT-STE-2026-21657	290074	L015-OWPALT-002B	CNWH61466	0	1	ERP_AUTO_PICKED_HERE	ERP deducted here but desktop did not pick this carton	bj6rflchd8				
2026-09-19	MR-2026-04700	MAT-STE-2026-21657	290074	L015-OWPALT-051C	CNWH61361	1	0	DESKTOP_PICKED_NOT_IN_ERP	Desktop picked here but ERP did not deduct this carton					
2026-09-19	MR-2026-04700	MAT-STE-2026-21657	290082	L008-OWSHEL-006F	CNWH69748	0	2	ERP_AUTO_PICKED_HERE	ERP deducted here but desktop did not pick this carton	bj6rh6pjon				
2026-09-19	MR-2026-04700	MAT-STE-2026-21657	290082	L008-OWSHEL-024A	CNWH66232	2	0	DESKTOP_PICKED_NOT_IN_ERP	Desktop picked here but ERP did not deduct this carton					
2026-09-19	MR-2026-04700	MAT-STE-2026-21657	290083	L008-OWSHEL-006F	CNWH69747	0	2	ERP_AUTO_PICKED_HERE	ERP deducted here but desktop did not pick this carton	bj6au7hcir				
2026-09-19	MR-2026-04700	MAT-STE-2026-21657	290083	L008-OWSHEL-024A	CNWH66232	2	0	DESKTOP_PICKED_NOT_IN_ERP	Desktop picked here but ERP did not deduct this carton					
2026-09-19	MR-2026-04700	MAT-STE-2026-21657	290084	L008-OWSHEL-006F	CNWH69747	0	1	ERP_AUTO_PICKED_HERE	ERP deducted here but desktop did not pick this carton	bj747hskeq				
2026-09-19	MR-2026-04700	MAT-STE-2026-21657	290084	L008-OWSHEL-024A	CNWH66232	1	0	DESKTOP_PICKED_NOT_IN_ERP	Desktop picked here but ERP did not deduct this carton					
2026-09-19	MR-2026-04700	MAT-STE-2026-21657	290085	L008-OWSHEL-005E	CNWH61427	0	1	ERP_AUTO_PICKED_HERE	ERP deducted here but desktop did not pick this carton	bj7ob2n7b4				
2026-09-19	MR-2026-04700	MAT-STE-2026-21657	290085	L015-OWPALT-051C	CNWH61361	1	0	DESKTOP_PICKED_NOT_IN_ERP	Desktop picked here but ERP did not deduct this carton					
2026-09-19	MR-2026-04700	MAT-STE-2026-21657	290086	L008-OWSHEL-033D	CNWH66113	0	1	ERP_AUTO_PICKED_HERE	ERP deducted here but desktop did not pick this carton	bj7sod484l				
2026-09-19	MR-2026-04700	MAT-STE-2026-21657	290086	L015-OWPALT-002B	CNWH61466	0	1	ERP_AUTO_PICKED_HERE	ERP deducted here but desktop did not pick this carton	bj8cl4flfd				
2026-09-19	MR-2026-04700	MAT-STE-2026-21657	290086	L015-OWPALT-051C	CNWH61361	2	0	DESKTOP_PICKED_NOT_IN_ERP	Desktop picked here but ERP did not deduct this carton					
2026-09-19	MR-2026-04700	MAT-STE-2026-21657	290087	L008-OWSHEL-006F	CNWH69747	0	1	ERP_AUTO_PICKED_HERE	ERP deducted here but desktop did not pick this carton	bj855thvri				
2026-09-19	MR-2026-04700	MAT-STE-2026-21657	290087	L008-OWSHEL-033D	CNWH66113	0	1	ERP_AUTO_PICKED_HERE	ERP deducted here but desktop did not pick this carton	bj8k9c4n86				
2026-09-19	MR-2026-04700	MAT-STE-2026-21657	290087	L015-OWPALT-051C	CNWH61361	2	0	DESKTOP_PICKED_NOT_IN_ERP	Desktop picked here but ERP did not deduct this carton					
2026-09-19	MR-2026-04700	MAT-STE-2026-21657	290088	L008-OWSHEL-005E	CNWH61427	0	1	ERP_AUTO_PICKED_HERE	ERP deducted here but desktop did not pick this carton	bj9vk3c5er				
2026-09-19	MR-2026-04700	MAT-STE-2026-21657	290088	L008-OWSHEL-006F	CNWH69747	0	1	ERP_AUTO_PICKED_HERE	ERP deducted here but desktop did not pick this carton	bj9sqlj0i0				
2026-09-19	MR-2026-04700	MAT-STE-2026-21657	290088	L015-OWPALT-051C	CNWH61361	2	0	DESKTOP_PICKED_NOT_IN_ERP	Desktop picked here but ERP did not deduct this carton					
2026-09-19	MR-2026-04700	MAT-STE-2026-21657	290089	L008-OWSHEL-005E	CNWH61427	0	1	ERP_AUTO_PICKED_HERE	ERP deducted here but desktop did not pick this carton	bj91f2oiia				
2026-09-19	MR-2026-04700	MAT-STE-2026-21657	290089	L015-OWPALT-051C	CNWH61361	1	0	DESKTOP_PICKED_NOT_IN_ERP	Desktop picked here but ERP did not deduct this carton					
2026-09-19	MR-2026-04700	MAT-STE-2026-21657	302633	L008-OWSHEL-007F	CNWH69746	0	2	ERP_AUTO_PICKED_HERE	ERP deducted here but desktop did not pick this carton	bja5psiks4				
2026-09-19	MR-2026-04700	MAT-STE-2026-21657	302633	L015-OWPALT-015B	CNWH65624	1	0	DESKTOP_PICKED_NOT_IN_ERP	Desktop picked here but ERP did not deduct this carton					
2026-09-19	MR-2026-04700	MAT-STE-2026-21657	302633	L015-OWPALT-040A	CNWH61468	1	0	DESKTOP_PICKED_NOT_IN_ERP	Desktop picked here but ERP did not deduct this carton					
2026-09-19	MR-2026-04700	MAT-STE-2026-21657	302634	L008-OWSHEL-007F	CNWH69746	0	1	ERP_AUTO_PICKED_HERE	ERP deducted here but desktop did not pick this carton	bjan82qgud				
2026-09-19	MR-2026-04700	MAT-STE-2026-21657	302634	L015-OWPALT-040A	CNWH61468	1	0	DESKTOP_PICKED_NOT_IN_ERP	Desktop picked here but ERP did not deduct this carton					
2026-09-19	MR-2026-04700	MAT-STE-2026-21657	302635	L008-OWSHEL-031F	CNWH65900	0	1	ERP_AUTO_PICKED_HERE	ERP deducted here but desktop did not pick this carton	bja7k6iu5f				
2026-09-19	MR-2026-04700	MAT-STE-2026-21657	302635	L015-OWPALT-040A	CNWH61468	1	0	DESKTOP_PICKED_NOT_IN_ERP	Desktop picked here but ERP did not deduct this carton					
2026-09-19	MR-2026-04700	MAT-STE-2026-21657	302636	L008-OWSHEL-031F	CNWH65900	0	2	ERP_AUTO_PICKED_HERE	ERP deducted here but desktop did not pick this carton	bjbm492g0p				
2026-09-19	MR-2026-04700	MAT-STE-2026-21657	302636	L015-OWPALT-015B	CNWH65624	1	0	DESKTOP_PICKED_NOT_IN_ERP	Desktop picked here but ERP did not deduct this carton					
2026-09-19	MR-2026-04700	MAT-STE-2026-21657	302636	L015-OWPALT-040A	CNWH61468	1	0	DESKTOP_PICKED_NOT_IN_ERP	Desktop picked here but ERP did not deduct this carton					
2026-09-19	MR-2026-04700	MAT-STE-2026-21657	302637	L008-OWSHEL-005E	CNWH61427	0	1	ERP_AUTO_PICKED_HERE	ERP deducted here but desktop did not pick this carton	bjb30duvn3				
2026-09-19	MR-2026-04700	MAT-STE-2026-21657	302637	L015-OWPALT-015B	CNWH65623	1	0	DESKTOP_PICKED_NOT_IN_ERP	Desktop picked here but ERP did not deduct this carton					
2026-09-19	MR-2026-04700	MAT-STE-2026-21657	302638	L008-OWSHEL-005E	CNWH61427	0	2	ERP_AUTO_PICKED_HERE	ERP deducted here but desktop did not pick this carton	bjbmf2jgo0				
2026-09-19	MR-2026-04700	MAT-STE-2026-21657	302638	L015-OWPALT-015B	CNWH65623	2	0	DESKTOP_PICKED_NOT_IN_ERP	Desktop picked here but ERP did not deduct this carton					
2026-09-19	MR-2026-04700	MAT-STE-2026-21657	302639	L008-OWSHEL-005E	CNWH61427	0	1	ERP_AUTO_PICKED_HERE	ERP deducted here but desktop did not pick this carton	bjc6veplet				
2026-09-19	MR-2026-04700	MAT-STE-2026-21657	302639	L015-OWPALT-002B	CNWH61469	0	1	ERP_AUTO_PICKED_HERE	ERP deducted here but desktop did not pick this carton	bjcur3gphi				
2026-09-19	MR-2026-04700	MAT-STE-2026-21657	302639	L015-OWPALT-015B	CNWH65623	2	0	DESKTOP_PICKED_NOT_IN_ERP	Desktop picked here but ERP did not deduct this carton					
2026-09-19	MR-2026-04700	MAT-STE-2026-21657	302640	L008-OWSHEL-005E	CNWH61427	0	2	ERP_AUTO_PICKED_HERE	ERP deducted here but desktop did not pick this carton	bjccphfmrl				
2026-09-19	MR-2026-04700	MAT-STE-2026-21657	302640	L015-OWPALT-015B	CNWH65623	2	0	DESKTOP_PICKED_NOT_IN_ERP	Desktop picked here but ERP did not deduct this carton					
2026-09-19	MR-2026-04700	MAT-STE-2026-21657	302641	L008-OWSHEL-005E	CNWH61427	0	1	ERP_AUTO_PICKED_HERE	ERP deducted here but desktop did not pick this carton	bjdettnns6				
2026-09-19	MR-2026-04700	MAT-STE-2026-21657	302641	L015-OWPALT-015B	CNWH65623	1	0	DESKTOP_PICKED_NOT_IN_ERP	Desktop picked here but ERP did not deduct this carton					
2026-09-19	MR-2026-04700	MAT-STE-2026-21657	302642	L015-OWPALT-010B	CNWH65893	0	1	ERP_AUTO_PICKED_HERE	ERP deducted here but desktop did not pick this carton	bjdcsfj4pg				
2026-09-19	MR-2026-04700	MAT-STE-2026-21657	302642	L015-OWPALT-040A	CNWH61468	1	0	DESKTOP_PICKED_NOT_IN_ERP	Desktop picked here but ERP did not deduct this carton					
2026-09-19	MR-2026-04700	MAT-STE-2026-21657	302643	L008-OWSHEL-027C	CNWH62640	0	1	ERP_AUTO_PICKED_HERE	ERP deducted here but desktop did not pick this carton	bje11rj1vd				
2026-09-19	MR-2026-04700	MAT-STE-2026-21657	302643	L015-OWPALT-010B	CNWH65893	0	1	ERP_AUTO_PICKED_HERE	ERP deducted here but desktop did not pick this carton	bjee9h2rul				
2026-09-19	MR-2026-04700	MAT-STE-2026-21657	302643	L015-OWPALT-016A	CNWH66019	1	0	DESKTOP_PICKED_NOT_IN_ERP	Desktop picked here but ERP did not deduct this carton					
2026-09-19	MR-2026-04700	MAT-STE-2026-21657	302643	L015-OWPALT-040A	CNWH61468	1	0	DESKTOP_PICKED_NOT_IN_ERP	Desktop picked here but ERP did not deduct this carton					
2026-09-19	MR-2026-04700	MAT-STE-2026-21657	302644	L008-OWSHEL-007F	CNWH69746	0	1	ERP_AUTO_PICKED_HERE	ERP deducted here but desktop did not pick this carton	bjf0cj4kof				
2026-09-19	MR-2026-04700	MAT-STE-2026-21657	302644	L015-OWPALT-010B	CNWH65893	0	1	ERP_AUTO_PICKED_HERE	ERP deducted here but desktop did not pick this carton	bjfrgmeskr				
2026-09-19	MR-2026-04700	MAT-STE-2026-21657	302644	L015-OWPALT-015B	CNWH65624	1	0	DESKTOP_PICKED_NOT_IN_ERP	Desktop picked here but ERP did not deduct this carton					
2026-09-19	MR-2026-04700	MAT-STE-2026-21657	302644	L015-OWPALT-016A	CNWH66019	1	0	DESKTOP_PICKED_NOT_IN_ERP	Desktop picked here but ERP did not deduct this carton					
2026-09-19	MR-2026-04700	MAT-STE-2026-21657	302645	L015-OWPALT-010B	CNWH65893	0	1	ERP_AUTO_PICKED_HERE	ERP deducted here but desktop did not pick this carton	bjfaov6v87				
2026-09-19	MR-2026-04700	MAT-STE-2026-21657	302645	L015-OWPALT-016A	CNWH66019	1	0	DESKTOP_PICKED_NOT_IN_ERP	Desktop picked here but ERP did not deduct this carton					
2026-09-19	MR-2026-04700	MAT-STE-2026-21657	305673	L008-OWSHEL-007F	CNWH61428	0	1	ERP_AUTO_PICKED_HERE	ERP deducted here but desktop did not pick this carton	bjfbjbb61g				
2026-09-19	MR-2026-04700	MAT-STE-2026-21657	305673	L008-OWSHEL-017E	CNWH51072	1	0	DESKTOP_PICKED_NOT_IN_ERP	Desktop picked here but ERP did not deduct this carton					
2026-09-19	MR-2026-04700	MAT-STE-2026-21657	305674	L008-OWSHEL-007F	CNWH61428	0	2	ERP_AUTO_PICKED_HERE	ERP deducted here but desktop did not pick this carton	bjgrlhfgic				
2026-09-19	MR-2026-04700	MAT-STE-2026-21657	305674	L008-OWSHEL-017E	CNWH55947	1	0	DESKTOP_PICKED_NOT_IN_ERP	Desktop picked here but ERP did not deduct this carton					
2026-09-19	MR-2026-04700	MAT-STE-2026-21657	305674	L008-OWSHEL-017E	CNWH58661	1	0	DESKTOP_PICKED_NOT_IN_ERP	Desktop picked here but ERP did not deduct this carton					
2026-09-19	MR-2026-04700	MAT-STE-2026-21657	305675	L008-OWSHEL-007F	CNWH61428	0	1	ERP_AUTO_PICKED_HERE	ERP deducted here but desktop did not pick this carton	bjgod5cptg				
2026-09-19	MR-2026-04700	MAT-STE-2026-21657	305675	L008-OWSHEL-007F	CNWH61519	0	1	ERP_AUTO_PICKED_HERE	ERP deducted here but desktop did not pick this carton	bjhrb87c39				
2026-09-19	MR-2026-04700	MAT-STE-2026-21657	305675	L008-OWSHEL-017E	CNWH58661	2	0	DESKTOP_PICKED_NOT_IN_ERP	Desktop picked here but ERP did not deduct this carton					
2026-09-19	MR-2026-04700	MAT-STE-2026-21657	305676	L008-OWSHEL-007F	CNWH61428	0	1	ERP_AUTO_PICKED_HERE	ERP deducted here but desktop did not pick this carton	bjhgr8cn75				
2026-09-19	MR-2026-04700	MAT-STE-2026-21657	305676	L008-OWSHEL-007F	CNWH69746	0	1	ERP_AUTO_PICKED_HERE	ERP deducted here but desktop did not pick this carton	bjh3maig24				
2026-09-19	MR-2026-04700	MAT-STE-2026-21657	305676	L008-OWSHEL-017E	CNWH58661	2	0	DESKTOP_PICKED_NOT_IN_ERP	Desktop picked here but ERP did not deduct this carton					
2026-09-19	MR-2026-04700	MAT-STE-2026-21657	305677	L008-OWSHEL-017E	CNWH58661	1	0	DESKTOP_PICKED_NOT_IN_ERP	Desktop picked here but ERP did not deduct this carton					
2026-09-19	MR-2026-04700	MAT-STE-2026-21657	305677	L015-OWPALT-019C	CNWH68920	0	1	ERP_AUTO_PICKED_HERE	ERP deducted here but desktop did not pick this carton	bji385k9dt				
2026-09-19	MR-2026-04700	MAT-STE-2026-21657	305678	L008-OWSHEL-007F	CNWH61428	0	1	ERP_AUTO_PICKED_HERE	ERP deducted here but desktop did not pick this carton	bjiss0l748				
2026-09-19	MR-2026-04700	MAT-STE-2026-21657	305678	L008-OWSHEL-017E	CNWH55947	1	0	DESKTOP_PICKED_NOT_IN_ERP	Desktop picked here but ERP did not deduct this carton					
2026-09-19	MR-2026-04700	MAT-STE-2026-21657	305679	L008-OWSHEL-007F	CNWH61428	0	2	ERP_AUTO_PICKED_HERE	ERP deducted here but desktop did not pick this carton	bjil7p5l2j				
2026-09-19	MR-2026-04700	MAT-STE-2026-21657	305679	L008-OWSHEL-017E	CNWH55947	2	0	DESKTOP_PICKED_NOT_IN_ERP	Desktop picked here but ERP did not deduct this carton					
2026-09-19	MR-2026-04700	MAT-STE-2026-21657	305680	L008-OWSHEL-007F	CNWH61428	0	1	ERP_AUTO_PICKED_HERE	ERP deducted here but desktop did not pick this carton	bjj3cuk0c3				
2026-09-19	MR-2026-04700	MAT-STE-2026-21657	305680	L008-OWSHEL-017E	CNWH55947	1	0	DESKTOP_PICKED_NOT_IN_ERP	Desktop picked here but ERP did not deduct this carton					
2026-09-19	MR-2026-04700	MAT-STE-2026-21657	305681	L008-OWSHEL-007F	CNWH61428	0	2	ERP_AUTO_PICKED_HERE	ERP deducted here but desktop did not pick this carton	bjj0o1lo6u				
2026-09-19	MR-2026-04700	MAT-STE-2026-21657	305681	L008-OWSHEL-017E	CNWH55947	1	0	DESKTOP_PICKED_NOT_IN_ERP	Desktop picked here but ERP did not deduct this carton					
2026-09-19	MR-2026-04700	MAT-STE-2026-21657	305681	L015-OWPALT-016A	CNWH28234	1	0	DESKTOP_PICKED_NOT_IN_ERP	Desktop picked here but ERP did not deduct this carton					
2026-09-19	MR-2026-04700	MAT-STE-2026-21657	305682	L008-OWSHEL-017E	CNWH55947	1	0	DESKTOP_PICKED_NOT_IN_ERP	Desktop picked here but ERP did not deduct this carton					
2026-09-19	MR-2026-04700	MAT-STE-2026-21657	305682	L008-OWSHEL-022C	CNWH64796	0	1	ERP_AUTO_PICKED_HERE	ERP deducted here but desktop did not pick this carton	bjjr0vpvhp				
2026-09-19	MR-2026-04700	MAT-STE-2026-21657	305683	L008-OWSHEL-007F	CNWH61428	0	1	ERP_AUTO_PICKED_HERE	ERP deducted here but desktop did not pick this carton	bjkg6o7f16				
2026-09-19	MR-2026-04700	MAT-STE-2026-21657	305683	L008-OWSHEL-017E	CNWH58661	1	0	DESKTOP_PICKED_NOT_IN_ERP	Desktop picked here but ERP did not deduct this carton					
2026-09-19	MR-2026-04700	MAT-STE-2026-21657	305684	L008-OWSHEL-007F	CNWH61428	0	1	ERP_AUTO_PICKED_HERE	ERP deducted here but desktop did not pick this carton	bjk3h0r3dv				
2026-09-19	MR-2026-04700	MAT-STE-2026-21657	305684	L008-OWSHEL-017E	CNWH55947	1	0	DESKTOP_PICKED_NOT_IN_ERP	Desktop picked here but ERP did not deduct this carton					
2026-09-19	MR-2026-04700	MAT-STE-2026-21657	305686	L008-OWSHEL-007F	CNWH61428	0	2	ERP_AUTO_PICKED_HERE	ERP deducted here but desktop did not pick this carton	bjkr2384js				
2026-09-19	MR-2026-04700	MAT-STE-2026-21657	305686	L008-OWSHEL-017E	CNWH55947	2	0	DESKTOP_PICKED_NOT_IN_ERP	Desktop picked here but ERP did not deduct this carton					
2026-09-19	MR-2026-04700	MAT-STE-2026-21657	305687	L008-OWSHEL-007F	CNWH61428	0	1	ERP_AUTO_PICKED_HERE	ERP deducted here but desktop did not pick this carton	bjk4raepot				
2026-09-19	MR-2026-04700	MAT-STE-2026-21657	305687	L008-OWSHEL-017E	CNWH58661	1	0	DESKTOP_PICKED_NOT_IN_ERP	Desktop picked here but ERP did not deduct this carton					
2026-09-19	MR-2026-04700	MAT-STE-2026-21657	305688	L008-OWSHEL-005E	CNWH65016	0	1	ERP_AUTO_PICKED_HERE	ERP deducted here but desktop did not pick this carton	bjl03htle4				
2026-09-19	MR-2026-04700	MAT-STE-2026-21657	305688	L008-OWSHEL-024A	CNWH66232	1	0	DESKTOP_PICKED_NOT_IN_ERP	Desktop picked here but ERP did not deduct this carton					
2026-09-19	MR-2026-04700	MAT-STE-2026-21657	305689	L008-OWSHEL-005E	CNWH65016	0	2	ERP_AUTO_PICKED_HERE	ERP deducted here but desktop did not pick this carton	bjl5csfeo7				
2026-09-19	MR-2026-04700	MAT-STE-2026-21657	305689	L015-OWPALT-002B	CNWH61471	2	0	DESKTOP_PICKED_NOT_IN_ERP	Desktop picked here but ERP did not deduct this carton					
2026-09-19	MR-2026-04700	MAT-STE-2026-21657	305690	L008-OWSHEL-005E	CNWH61422	0	1	ERP_AUTO_PICKED_HERE	ERP deducted here but desktop did not pick this carton	bjl633u53m				
2026-09-19	MR-2026-04700	MAT-STE-2026-21657	305690	L008-OWSHEL-005E	CNWH65016	0	1	ERP_AUTO_PICKED_HERE	ERP deducted here but desktop did not pick this carton	bjlr31v3dc				
2026-09-19	MR-2026-04700	MAT-STE-2026-21657	305690	L015-OWPALT-002B	CNWH61471	2	0	DESKTOP_PICKED_NOT_IN_ERP	Desktop picked here but ERP did not deduct this carton					
2026-09-19	MR-2026-04700	MAT-STE-2026-21657	305691	L008-OWSHEL-005E	CNWH61422	0	1	ERP_AUTO_PICKED_HERE	ERP deducted here but desktop did not pick this carton	bjm65fko7r				
2026-09-19	MR-2026-04700	MAT-STE-2026-21657	305691	L008-OWSHEL-024A	CNWH66232	1	0	DESKTOP_PICKED_NOT_IN_ERP	Desktop picked here but ERP did not deduct this carton					
2026-09-19	MR-2026-04700	MAT-STE-2026-21657	305692	L008-OWSHEL-005E	CNWH61427	0	1	ERP_AUTO_PICKED_HERE	ERP deducted here but desktop did not pick this carton	bjm9odl49u				
2026-09-19	MR-2026-04700	MAT-STE-2026-21657	305692	L015-OWPALT-002B	CNWH61471	1	0	DESKTOP_PICKED_NOT_IN_ERP	Desktop picked here but ERP did not deduct this carton					
2026-09-19	MR-2026-04700	MAT-STE-2026-21657	305693	L008-OWSHEL-005E	CNWH61427	0	2	ERP_AUTO_PICKED_HERE	ERP deducted here but desktop did not pick this carton	bjmn4jfc8i				
2026-09-19	MR-2026-04700	MAT-STE-2026-21657	305693	L008-OWSHEL-017E	CNWH51072	1	0	DESKTOP_PICKED_NOT_IN_ERP	Desktop picked here but ERP did not deduct this carton					
2026-09-19	MR-2026-04700	MAT-STE-2026-21657	305693	L015-OWPALT-002B	CNWH61471	1	0	DESKTOP_PICKED_NOT_IN_ERP	Desktop picked here but ERP did not deduct this carton					
2026-09-19	MR-2026-04700	MAT-STE-2026-21657	305694	L008-OWSHEL-005E	CNWH61427	0	1	ERP_AUTO_PICKED_HERE	ERP deducted here but desktop did not pick this carton	bjmlikuc9k				
2026-09-19	MR-2026-04700	MAT-STE-2026-21657	305694	L015-OWPALT-015B	CNWH65638	1	0	DESKTOP_PICKED_NOT_IN_ERP	Desktop picked here but ERP did not deduct this carton					
2026-09-19	MR-2026-04700	MAT-STE-2026-21657	305695	L008-OWSHEL-005E	CNWH61427	0	1	ERP_AUTO_PICKED_HERE	ERP deducted here but desktop did not pick this carton	bjnvs5g195				
2026-09-19	MR-2026-04700	MAT-STE-2026-21657	305695	L008-OWSHEL-018F	CNWH66499	0	1	ERP_AUTO_PICKED_HERE	ERP deducted here but desktop did not pick this carton	bjn9g821op				
2026-09-19	MR-2026-04700	MAT-STE-2026-21657	305695	L015-OWPALT-002B	CNWH61471	2	0	DESKTOP_PICKED_NOT_IN_ERP	Desktop picked here but ERP did not deduct this carton					
2026-09-19	MR-2026-04700	MAT-STE-2026-21657	305696	L008-OWSHEL-005E	CNWH61427	0	1	ERP_AUTO_PICKED_HERE	ERP deducted here but desktop did not pick this carton	bjnouekf7k				
2026-09-19	MR-2026-04700	MAT-STE-2026-21657	305696	L015-OWPALT-039B	CNWH66183	1	0	DESKTOP_PICKED_NOT_IN_ERP	Desktop picked here but ERP did not deduct this carton					
2026-09-19	MR-2026-04700	MAT-STE-2026-21657	305698	L008-OWSHEL-005E	CNWH61427	0	1	ERP_AUTO_PICKED_HERE	ERP deducted here but desktop did not pick this carton	bjorfuanr8				
2026-09-19	MR-2026-04700	MAT-STE-2026-21657	305698	L015-OWPALT-051C	CNWH61361	1	0	DESKTOP_PICKED_NOT_IN_ERP	Desktop picked here but ERP did not deduct this carton					
2026-09-19	MR-2026-04700	MAT-STE-2026-21657	305699	L008-OWSHEL-005E	CNWH61427	0	1	ERP_AUTO_PICKED_HERE	ERP deducted here but desktop did not pick this carton	bjosq7o4fr				
2026-09-19	MR-2026-04700	MAT-STE-2026-21657	305699	L015-OWPALT-002B	CNWH61471	1	0	DESKTOP_PICKED_NOT_IN_ERP	Desktop picked here but ERP did not deduct this carton					
2026-09-19	MR-2026-04700	MAT-STE-2026-21657	305700	L008-OWSHEL-005E	CNWH61427	0	2	ERP_AUTO_PICKED_HERE	ERP deducted here but desktop did not pick this carton	bjop36s32d				
2026-09-19	MR-2026-04700	MAT-STE-2026-21657	305700	L015-OWPALT-002B	CNWH61471	1	0	DESKTOP_PICKED_NOT_IN_ERP	Desktop picked here but ERP did not deduct this carton					
2026-09-19	MR-2026-04700	MAT-STE-2026-21657	305700	L015-OWPALT-015B	CNWH65638	1	0	DESKTOP_PICKED_NOT_IN_ERP	Desktop picked here but ERP did not deduct this carton					
2026-09-19	MR-2026-04700	MAT-STE-2026-21657	305701	L015-OWPALT-003C	CNWH63760	0	1	ERP_AUTO_PICKED_HERE	ERP deducted here but desktop did not pick this carton	bjpbsc034l				
2026-09-19	MR-2026-04700	MAT-STE-2026-21657	305701	L015-OWPALT-051C	CNWH61361	1	0	DESKTOP_PICKED_NOT_IN_ERP	Desktop picked here but ERP did not deduct this carton					
2026-09-19	MR-2026-04700	MAT-STE-2026-21657	305703	L015-OWPALT-003C	CNWH66308	0	1	ERP_AUTO_PICKED_HERE	ERP deducted here but desktop did not pick this carton	bjqqpionj5				
2026-09-19	MR-2026-04700	MAT-STE-2026-21657	305703	L015-OWPALT-015B	CNWH65638	1	0	DESKTOP_PICKED_NOT_IN_ERP	Desktop picked here but ERP did not deduct this carton					
2026-09-19	MR-2026-04700	MAT-STE-2026-21657	308638	L008-OWSHEL-001A	CNWH65946	0	1	ERP_AUTO_PICKED_HERE	ERP deducted here but desktop did not pick this carton	bjqh2pucnc				
2026-09-19	MR-2026-04700	MAT-STE-2026-21657	308638	L015-OWPALT-026B	CNWH66615	1	0	DESKTOP_PICKED_NOT_IN_ERP	Desktop picked here but ERP did not deduct this carton					
2026-09-19	MR-2026-04700	MAT-STE-2026-21657	308639	L008-OWSHEL-001A	CNWH65946	0	1	ERP_AUTO_PICKED_HERE	ERP deducted here but desktop did not pick this carton	bjqv6h3ht4				
2026-09-19	MR-2026-04700	MAT-STE-2026-21657	308639	L008-OWSHEL-007F	CNWH61428	0	1	ERP_AUTO_PICKED_HERE	ERP deducted here but desktop did not pick this carton	bjq2lug3d8				
2026-09-19	MR-2026-04700	MAT-STE-2026-21657	308639	L008-OWSHEL-009D	CNWH66054	0	1	ERP_AUTO_PICKED_HERE	ERP deducted here but desktop did not pick this carton	bjq50qq8gk				
2026-09-19	MR-2026-04700	MAT-STE-2026-21657	308639	L015-OWPALT-026B	CNWH66615	2	0	DESKTOP_PICKED_NOT_IN_ERP	Desktop picked here but ERP did not deduct this carton					
2026-09-19	MR-2026-04700	MAT-STE-2026-21657	308639	L015-OWPALT-051C	CNWH61361	1	0	DESKTOP_PICKED_NOT_IN_ERP	Desktop picked here but ERP did not deduct this carton					
2026-09-19	MR-2026-04700	MAT-STE-2026-21657	308640	L008-OWSHEL-007F	CNWH61428	0	1	ERP_AUTO_PICKED_HERE	ERP deducted here but desktop did not pick this carton	bjr31r3g6c				
2026-09-19	MR-2026-04700	MAT-STE-2026-21657	308640	L008-OWSHEL-009D	CNWH66054	1	0	DESKTOP_PICKED_NOT_IN_ERP	Desktop picked here but ERP did not deduct this carton					
2026-09-19	MR-2026-04700	MAT-STE-2026-21657	308641	L008-OWSHEL-001A	CNWH65946	0	1	ERP_AUTO_PICKED_HERE	ERP deducted here but desktop did not pick this carton	bjrsu13210				
2026-09-19	MR-2026-04700	MAT-STE-2026-21657	308641	L008-OWSHEL-009D	CNWH66054	0	1	ERP_AUTO_PICKED_HERE	ERP deducted here but desktop did not pick this carton	bjrnlk5uen				
2026-09-19	MR-2026-04700	MAT-STE-2026-21657	308641	L008-OWSHEL-029E	CNWH61477	0	1	ERP_AUTO_PICKED_HERE	ERP deducted here but desktop did not pick this carton	bjrmh87i76				
2026-09-19	MR-2026-04700	MAT-STE-2026-21657	308641	L015-OWPALT-026B	CNWH66615	2	0	DESKTOP_PICKED_NOT_IN_ERP	Desktop picked here but ERP did not deduct this carton					
2026-09-19	MR-2026-04700	MAT-STE-2026-21657	308641	L015-OWPALT-051C	CNWH61361	1	0	DESKTOP_PICKED_NOT_IN_ERP	Desktop picked here but ERP did not deduct this carton					
2026-09-19	MR-2026-04700	MAT-STE-2026-21657	308642	L008-OWSHEL-009D	CNWH66054	0	1	ERP_AUTO_PICKED_HERE	ERP deducted here but desktop did not pick this carton	bjroq2hn05				
2026-09-19	MR-2026-04700	MAT-STE-2026-21657	308642	L015-OWPALT-051C	CNWH61361	1	0	DESKTOP_PICKED_NOT_IN_ERP	Desktop picked here but ERP did not deduct this carton					
2026-09-19	MR-2026-04700	MAT-STE-2026-21657	319019	L008-OWSHEL-003C	CNWH65980	0	1	ERP_AUTO_PICKED_HERE	ERP deducted here but desktop did not pick this carton	bjse97t23d				
2026-09-19	MR-2026-04700	MAT-STE-2026-21657	319019	L015-OWPALT-051C	CNWH64430	1	0	DESKTOP_PICKED_NOT_IN_ERP	Desktop picked here but ERP did not deduct this carton					
2026-09-19	MR-2026-04700	MAT-STE-2026-21657	319020	L008-OWSHEL-020E	CNWH66374	0	1	ERP_AUTO_PICKED_HERE	ERP deducted here but desktop did not pick this carton	bjs93epkgc				
2026-09-19	MR-2026-04700	MAT-STE-2026-21657	319020	L015-OWPALT-026B	CNWH66546	0	1	ERP_AUTO_PICKED_HERE	ERP deducted here but desktop did not pick this carton	bjsi83rpnf				
2026-09-19	MR-2026-04700	MAT-STE-2026-21657	319020	L015-OWPALT-051C	CNWH64430	2	0	DESKTOP_PICKED_NOT_IN_ERP	Desktop picked here but ERP did not deduct this carton					
2026-09-19	MR-2026-04700	MAT-STE-2026-21657	319021	L015-OWPALT-026B	CNWH66615	0	1	ERP_AUTO_PICKED_HERE	ERP deducted here but desktop did not pick this carton	bjsa00gtlf				
2026-09-19	MR-2026-04700	MAT-STE-2026-21657	319021	L015-OWPALT-049A	CNWH61906	1	0	DESKTOP_PICKED_NOT_IN_ERP	Desktop picked here but ERP did not deduct this carton					
2026-09-19	MR-2026-04700	MAT-STE-2026-21657	319022	L008-OWSHEL-009D	CNWH66052	0	2	ERP_AUTO_PICKED_HERE	ERP deducted here but desktop did not pick this carton	bjsm912tqf				
2026-09-19	MR-2026-04700	MAT-STE-2026-21657	319022	L015-OWPALT-026B	CNWH66546	1	0	DESKTOP_PICKED_NOT_IN_ERP	Desktop picked here but ERP did not deduct this carton					
2026-09-19	MR-2026-04700	MAT-STE-2026-21657	319022	L015-OWPALT-051C	CNWH64430	1	0	DESKTOP_PICKED_NOT_IN_ERP	Desktop picked here but ERP did not deduct this carton					
2026-09-19	MR-2026-04700	MAT-STE-2026-21657	319023	L008-OWSHEL-009D	CNWH66052	0	1	ERP_AUTO_PICKED_HERE	ERP deducted here but desktop did not pick this carton	bjt4od2e3b				
2026-09-19	MR-2026-04700	MAT-STE-2026-21657	319023	L015-OWPALT-051C	CNWH64430	1	0	DESKTOP_PICKED_NOT_IN_ERP	Desktop picked here but ERP did not deduct this carton					
2026-09-19	MR-2026-04700	MAT-STE-2026-21657	319045	L008-OWSHEL-001A	CNWH65946	0	2	ERP_AUTO_PICKED_HERE	ERP deducted here but desktop did not pick this carton	bjte95gs58				
2026-09-19	MR-2026-04700	MAT-STE-2026-21657	319045	L015-OWPALT-015B	CNWH65638	1	0	DESKTOP_PICKED_NOT_IN_ERP	Desktop picked here but ERP did not deduct this carton					
2026-09-19	MR-2026-04700	MAT-STE-2026-21657	319045	L015-OWPALT-026B	CNWH66615	1	0	DESKTOP_PICKED_NOT_IN_ERP	Desktop picked here but ERP did not deduct this carton					
2026-09-19	MR-2026-04700	MAT-STE-2026-21657	319046	L008-OWSHEL-001A	CNWH65946	0	2	ERP_AUTO_PICKED_HERE	ERP deducted here but desktop did not pick this carton	bjtbfih1hu				
2026-09-19	MR-2026-04700	MAT-STE-2026-21657	319046	L015-OWPALT-015B	CNWH65638	2	0	DESKTOP_PICKED_NOT_IN_ERP	Desktop picked here but ERP did not deduct this carton					
2026-09-19	MR-2026-04700	MAT-STE-2026-21657	319047	L008-OWSHEL-001A	CNWH65946	0	2	ERP_AUTO_PICKED_HERE	ERP deducted here but desktop did not pick this carton	bju1dpef2m				
2026-09-19	MR-2026-04700	MAT-STE-2026-21657	319047	L008-OWSHEL-007F	CNWH61423	0	1	ERP_AUTO_PICKED_HERE	ERP deducted here but desktop did not pick this carton	bjusaqvsfr				
2026-09-19	MR-2026-04700	MAT-STE-2026-21657	319047	L015-OWPALT-015B	CNWH65638	2	0	DESKTOP_PICKED_NOT_IN_ERP	Desktop picked here but ERP did not deduct this carton					
2026-09-19	MR-2026-04700	MAT-STE-2026-21657	319047	L015-OWPALT-040A	CNWH66719	1	0	DESKTOP_PICKED_NOT_IN_ERP	Desktop picked here but ERP did not deduct this carton					
2026-09-19	MR-2026-04833	MAT-STE-2026-21671	315136	L022-OWPALT-002B	CNWH65673	0	1	ERP_AUTO_PICKED_HERE	ERP deducted here but desktop did not pick this carton	u63qsbqj2j				
2026-09-19	MR-2026-04833	MAT-STE-2026-21671	315136	L022-OWPALT-003C	CNWH65750	0	1	ERP_AUTO_PICKED_HERE	ERP deducted here but desktop did not pick this carton	u64elgijqj				
2026-09-19	MR-2026-04833	MAT-STE-2026-21671	315136	L022-OWPALT-007B	CNWH65727	0	3	ERP_AUTO_PICKED_HERE	ERP deducted here but desktop did not pick this carton	u647vrhff9				
2026-09-19	MR-2026-04833	MAT-STE-2026-21671	315136	L022-OWPALT-007B	CNWH65761	0	25	ERP_AUTO_PICKED_HERE	ERP deducted here but desktop did not pick this carton	u64iq896e0				
2026-09-19	MR-2026-04833	MAT-STE-2026-21671	315136	L022-OWPALT-008A	CNWH65486	30	0	DESKTOP_PICKED_NOT_IN_ERP	Desktop picked here but ERP did not deduct this carton					
2026-09-19	MR-2026-04833	MAT-STE-2026-21671	315137	L022-OWPALT-002B	CNWH64776	0	15	ERP_AUTO_PICKED_HERE	ERP deducted here but desktop did not pick this carton	u64426cda6				
2026-09-19	MR-2026-04833	MAT-STE-2026-21671	315137	L022-OWPALT-008A	CNWH65756	15	0	DESKTOP_PICKED_NOT_IN_ERP	Desktop picked here but ERP did not deduct this carton					
2026-09-19	MR-2026-04833	MAT-STE-2026-21671	315138	L022-OWPALT-002B	CNWH64772	3	13	QTY_MISMATCH	Desktop and ERP qty differ on same carton	u653690g9p				
2026-09-19	MR-2026-04833	MAT-STE-2026-21671	315138	L022-OWPALT-002B	CNWH65675	0	5	ERP_AUTO_PICKED_HERE	ERP deducted here but desktop did not pick this carton	u654dib9lc				
2026-09-19	MR-2026-04833	MAT-STE-2026-21671	315138	L022-OWPALT-009A	CNWH08170	15	0	DESKTOP_PICKED_NOT_IN_ERP	Desktop picked here but ERP did not deduct this carton					
2026-09-19	MR-2026-04833	MAT-STE-2026-21671	315139	L022-OWPALT-002B	CNWH64772	0	22	ERP_AUTO_PICKED_HERE	ERP deducted here but desktop did not pick this carton	u65h9mikqg				
2026-09-19	MR-2026-04833	MAT-STE-2026-21671	315139	L022-OWPALT-002B	CNWH65675	7	6	QTY_MISMATCH	Desktop and ERP qty differ on same carton	u66aqq8igc				
2026-09-19	MR-2026-04833	MAT-STE-2026-21671	315139	L022-OWPALT-002B	CNWH65676	21	0	DESKTOP_PICKED_NOT_IN_ERP	Desktop picked here but ERP did not deduct this carton					
2026-09-19	MR-2026-04833	MAT-STE-2026-21671	315140	L022-OWPALT-002B	CNWH64772	0	26	ERP_AUTO_PICKED_HERE	ERP deducted here but desktop did not pick this carton	u6646q6l6p				
2026-09-19	MR-2026-04833	MAT-STE-2026-21671	315140	L022-OWPALT-002B	CNWH65675	0	4	ERP_AUTO_PICKED_HERE	ERP deducted here but desktop did not pick this carton	u666i6pin6				
2026-09-19	MR-2026-04833	MAT-STE-2026-21671	315140	L022-OWPALT-008A	CNWH65790	30	0	DESKTOP_PICKED_NOT_IN_ERP	Desktop picked here but ERP did not deduct this carton					
2026-09-19	MR-2026-04833	MAT-STE-2026-21671	315141	L022-OWPALT-002B	CNWH65675	0	7	ERP_AUTO_PICKED_HERE	ERP deducted here but desktop did not pick this carton	u670smu2mr				
2026-09-19	MR-2026-04833	MAT-STE-2026-21671	315141	L022-OWPALT-002B	CNWH65676	7	0	DESKTOP_PICKED_NOT_IN_ERP	Desktop picked here but ERP did not deduct this carton					
2026-09-19	MR-2026-04833	MAT-STE-2026-21671	315142	L022-OWPALT-002B	CNWH64772	3	10	QTY_MISMATCH	Desktop and ERP qty differ on same carton	u67m4k1jhn				
2026-09-19	MR-2026-04833	MAT-STE-2026-21671	315142	L022-OWPALT-002B	CNWH65675	8	5	QTY_MISMATCH	Desktop and ERP qty differ on same carton	u6720t9qbf				
2026-09-19	MR-2026-04833	MAT-STE-2026-21671	315142	L022-OWPALT-002B	CNWH69833	4	0	DESKTOP_PICKED_NOT_IN_ERP	Desktop picked here but ERP did not deduct this carton					
2026-09-19	MR-2026-04833	MAT-STE-2026-21671	315144	L022-OWPALT-001A	CNWH54915	6	21	QTY_MISMATCH	Desktop and ERP qty differ on same carton	u68h82pr00				
2026-09-19	MR-2026-04833	MAT-STE-2026-21671	315144	L022-OWPALT-001A	CNWH65583	0	9	ERP_AUTO_PICKED_HERE	ERP deducted here but desktop did not pick this carton	u682icn30d				
2026-09-19	MR-2026-04833	MAT-STE-2026-21671	315144	L022-OWPALT-003C	CNWH56092	4	0	DESKTOP_PICKED_NOT_IN_ERP	Desktop picked here but ERP did not deduct this carton					
2026-09-19	MR-2026-04833	MAT-STE-2026-21671	315144	L022-OWPALT-008A	CNWH67087	20	0	DESKTOP_PICKED_NOT_IN_ERP	Desktop picked here but ERP did not deduct this carton					
2026-09-19	MR-2026-04833	MAT-STE-2026-21671	315145	L022-OWPALT-001A	CNWH54915	23	17	QTY_MISMATCH	Desktop and ERP qty differ on same carton	u699rmn420				
2026-09-19	MR-2026-04833	MAT-STE-2026-21671	315145	L022-OWPALT-002B	CNWH65673	0	6	ERP_AUTO_PICKED_HERE	ERP deducted here but desktop did not pick this carton	u6953cvhpr				
2026-09-19	MR-2026-04833	MAT-STE-2026-21671	315146	L022-OWPALT-001A	CNWH54915	0	9	ERP_AUTO_PICKED_HERE	ERP deducted here but desktop did not pick this carton	u6a8o6tn6f				
2026-09-19	MR-2026-04833	MAT-STE-2026-21671	315146	L022-OWPALT-001A	CNWH65583	0	14	ERP_AUTO_PICKED_HERE	ERP deducted here but desktop did not pick this carton	u6afleb7vg				
2026-09-19	MR-2026-04833	MAT-STE-2026-21671	315146	L022-OWPALT-001A	CNWH68067	0	1	ERP_AUTO_PICKED_HERE	ERP deducted here but desktop did not pick this carton	u6ah1prard				
2026-09-19	MR-2026-04833	MAT-STE-2026-21671	315146	L022-OWPALT-002B	CNWH65673	0	6	ERP_AUTO_PICKED_HERE	ERP deducted here but desktop did not pick this carton	u6aeo9vjn6				
2026-09-19	MR-2026-04833	MAT-STE-2026-21671	315146	L022-OWPALT-007B	CNWH54860	10	0	DESKTOP_PICKED_NOT_IN_ERP	Desktop picked here but ERP did not deduct this carton					
2026-09-19	MR-2026-04833	MAT-STE-2026-21671	315146	L022-OWPALT-008A	CNWH65493	20	0	DESKTOP_PICKED_NOT_IN_ERP	Desktop picked here but ERP did not deduct this carton					
2026-09-19	MR-2026-04833	MAT-STE-2026-21671	315147	L022-OWPALT-001A	CNWH54915	8	16	QTY_MISMATCH	Desktop and ERP qty differ on same carton	u6bn92e2bs				
2026-09-19	MR-2026-04833	MAT-STE-2026-21671	315147	L022-OWPALT-001A	CNWH65583	0	3	ERP_AUTO_PICKED_HERE	ERP deducted here but desktop did not pick this carton	u6bj3bar6o				
2026-09-19	MR-2026-04833	MAT-STE-2026-21671	315147	L022-OWPALT-001A	CNWH65674	0	11	ERP_AUTO_PICKED_HERE	ERP deducted here but desktop did not pick this carton	u6bvki8mjo				
2026-09-19	MR-2026-04833	MAT-STE-2026-21671	315147	L022-OWPALT-003C	CNWH65750	8	0	DESKTOP_PICKED_NOT_IN_ERP	Desktop picked here but ERP did not deduct this carton					
2026-09-19	MR-2026-04833	MAT-STE-2026-21671	315147	L022-OWPALT-007B	CNWH65666	5	0	DESKTOP_PICKED_NOT_IN_ERP	Desktop picked here but ERP did not deduct this carton					
2026-09-19	MR-2026-04833	MAT-STE-2026-21671	315147	L022-OWPALT-008A	CNWH67086	9	0	DESKTOP_PICKED_NOT_IN_ERP	Desktop picked here but ERP did not deduct this carton					
2026-09-19	MR-2026-04833	MAT-STE-2026-21671	315148	L022-OWPALT-001A	CNWH65583	1	20	QTY_MISMATCH	Desktop and ERP qty differ on same carton	u6c83r1s8e				
2026-09-19	MR-2026-04833	MAT-STE-2026-21671	315148	L022-OWPALT-002B	CNWH65673	6	4	QTY_MISMATCH	Desktop and ERP qty differ on same carton	u6dprv2pua				
2026-09-19	MR-2026-04833	MAT-STE-2026-21671	315148	L022-OWPALT-003C	CNWH65495	6	0	DESKTOP_PICKED_NOT_IN_ERP	Desktop picked here but ERP did not deduct this carton					
2026-09-19	MR-2026-04833	MAT-STE-2026-21671	315148	L022-OWPALT-007B	CNWH65666	11	0	DESKTOP_PICKED_NOT_IN_ERP	Desktop picked here but ERP did not deduct this carton					
2026-09-19	MR-2026-04836	MAT-STE-2026-21672	315135	L022-OWPALT-003C	CNWH65534	0	1	ERP_AUTO_PICKED_HERE	ERP deducted here but desktop did not pick this carton	uceqkghkmf				
2026-09-19	MR-2026-04836	MAT-STE-2026-21672	315135	L022-OWPALT-003C	CNWH65750	0	4	ERP_AUTO_PICKED_HERE	ERP deducted here but desktop did not pick this carton	ucfjq7vafj				
2026-09-19	MR-2026-04836	MAT-STE-2026-21672	315135	L022-OWPALT-007B	CNWH57970	0	1	ERP_AUTO_PICKED_HERE	ERP deducted here but desktop did not pick this carton	ucfvcji7a7				
2026-09-19	MR-2026-04836	MAT-STE-2026-21672	315135	L022-OWPALT-007B	CNWH65727	0	3	ERP_AUTO_PICKED_HERE	ERP deducted here but desktop did not pick this carton	ucf1bsug77				
2026-09-19	MR-2026-04836	MAT-STE-2026-21672	315135	L022-OWPALT-008A	CNWH67084	0	21	ERP_AUTO_PICKED_HERE	ERP deducted here but desktop did not pick this carton	ucf27u95l0				
2026-09-19	MR-2026-04836	MAT-STE-2026-21672	315135	L022-OWPALT-009A	CNWH65601	30	0	DESKTOP_PICKED_NOT_IN_ERP	Desktop picked here but ERP did not deduct this carton					
2026-09-19	MR-2026-04836	MAT-STE-2026-21672	315136	L022-OWPALT-007B	CNWH67092	0	30	ERP_AUTO_PICKED_HERE	ERP deducted here but desktop did not pick this carton	ucg43lv7p2				
2026-09-19	MR-2026-04836	MAT-STE-2026-21672	315136	L022-OWPALT-008A	CNWH67084	30	0	DESKTOP_PICKED_NOT_IN_ERP	Desktop picked here but ERP did not deduct this carton					
2026-09-19	MR-2026-04836	MAT-STE-2026-21672	315138	L022-OWPALT-002B	CNWH64772	10	0	DESKTOP_PICKED_NOT_IN_ERP	Desktop picked here but ERP did not deduct this carton					
2026-09-19	MR-2026-04836	MAT-STE-2026-21672	315138	L022-OWPALT-002B	CNWH65676	0	11	ERP_AUTO_PICKED_HERE	ERP deducted here but desktop did not pick this carton	ucgome6dhc				
2026-09-19	MR-2026-04836	MAT-STE-2026-21672	315138	L022-OWPALT-003C	CNWH65495	0	2	ERP_AUTO_PICKED_HERE	ERP deducted here but desktop did not pick this carton	ucg2rjhkfh				
2026-09-19	MR-2026-04836	MAT-STE-2026-21672	315138	L022-OWPALT-003C	CNWH65745	0	5	ERP_AUTO_PICKED_HERE	ERP deducted here but desktop did not pick this carton	uch5n5i3q2				
2026-09-19	MR-2026-04836	MAT-STE-2026-21672	315138	L022-OWPALT-008A	CNWH67088	8	0	DESKTOP_PICKED_NOT_IN_ERP	Desktop picked here but ERP did not deduct this carton					
2026-09-19	MR-2026-04836	MAT-STE-2026-21672	315139	L022-OWPALT-002B	CNWH65676	0	20	ERP_AUTO_PICKED_HERE	ERP deducted here but desktop did not pick this carton	uchtdc0v21				
2026-09-19	MR-2026-04836	MAT-STE-2026-21672	315139	L022-OWPALT-003C	CNWH65495	0	2	ERP_AUTO_PICKED_HERE	ERP deducted here but desktop did not pick this carton	uchnnc9ajq				
2026-09-19	MR-2026-04836	MAT-STE-2026-21672	315139	L022-OWPALT-003C	CNWH65745	0	4	ERP_AUTO_PICKED_HERE	ERP deducted here but desktop did not pick this carton	uch1jjfdbf				
2026-09-19	MR-2026-04836	MAT-STE-2026-21672	315139	L022-OWPALT-007B	CNWH66165	26	0	DESKTOP_PICKED_NOT_IN_ERP	Desktop picked here but ERP did not deduct this carton					
2026-09-19	MR-2026-04836	MAT-STE-2026-21672	315140	L022-OWPALT-002B	CNWH65676	0	7	ERP_AUTO_PICKED_HERE	ERP deducted here but desktop did not pick this carton	uchr646dac				
2026-09-19	MR-2026-04836	MAT-STE-2026-21672	315140	L022-OWPALT-003C	CNWH65495	0	11	ERP_AUTO_PICKED_HERE	ERP deducted here but desktop did not pick this carton	uciotfdl3h				
2026-09-19	MR-2026-04836	MAT-STE-2026-21672	315140	L022-OWPALT-003C	CNWH65745	0	12	ERP_AUTO_PICKED_HERE	ERP deducted here but desktop did not pick this carton	ucitaq76pj				
2026-09-19	MR-2026-04836	MAT-STE-2026-21672	315140	L022-OWPALT-008A	CNWH65486	3	0	DESKTOP_PICKED_NOT_IN_ERP	Desktop picked here but ERP did not deduct this carton					
2026-09-19	MR-2026-04836	MAT-STE-2026-21672	315140	L022-OWPALT-008A	CNWH67088	27	0	DESKTOP_PICKED_NOT_IN_ERP	Desktop picked here but ERP did not deduct this carton					
2026-09-19	MR-2026-04836	MAT-STE-2026-21672	315141	L022-OWPALT-002B	CNWH65676	0	14	ERP_AUTO_PICKED_HERE	ERP deducted here but desktop did not pick this carton	uci10sr92u				
2026-09-19	MR-2026-04836	MAT-STE-2026-21672	315141	L022-OWPALT-003C	CNWH65495	0	8	ERP_AUTO_PICKED_HERE	ERP deducted here but desktop did not pick this carton	ucipapck3d				
2026-09-19	MR-2026-04836	MAT-STE-2026-21672	315141	L022-OWPALT-003C	CNWH65745	0	8	ERP_AUTO_PICKED_HERE	ERP deducted here but desktop did not pick this carton	ucia24rqhe				
2026-09-19	MR-2026-04836	MAT-STE-2026-21672	315141	L022-OWPALT-008A	CNWH65790	23	0	DESKTOP_PICKED_NOT_IN_ERP	Desktop picked here but ERP did not deduct this carton					
2026-09-19	MR-2026-04836	MAT-STE-2026-21672	315141	L022-OWPALT-008A	CNWH67088	7	0	DESKTOP_PICKED_NOT_IN_ERP	Desktop picked here but ERP did not deduct this carton					
2026-09-19	MR-2026-04836	MAT-STE-2026-21672	315142	L022-OWPALT-002B	CNWH65676	0	13	ERP_AUTO_PICKED_HERE	ERP deducted here but desktop did not pick this carton	ucjuo332fe				
2026-09-19	MR-2026-04836	MAT-STE-2026-21672	315142	L022-OWPALT-002B	CNWH69833	0	2	ERP_AUTO_PICKED_HERE	ERP deducted here but desktop did not pick this carton	ucjfacmts9				
2026-09-19	MR-2026-04836	MAT-STE-2026-21672	315142	L022-OWPALT-008A	CNWH65790	13	0	DESKTOP_PICKED_NOT_IN_ERP	Desktop picked here but ERP did not deduct this carton					
2026-09-19	MR-2026-04836	MAT-STE-2026-21672	315142	L022-OWPALT-008A	CNWH67088	2	0	DESKTOP_PICKED_NOT_IN_ERP	Desktop picked here but ERP did not deduct this carton					
2026-09-19	MR-2026-04836	MAT-STE-2026-21672	315144	L022-OWPALT-001A	CNWH65674	0	8	ERP_AUTO_PICKED_HERE	ERP deducted here but desktop did not pick this carton	ucj2ggv6fr				
2026-09-19	MR-2026-04836	MAT-STE-2026-21672	315144	L022-OWPALT-001A	CNWH69714	0	6	ERP_AUTO_PICKED_HERE	ERP deducted here but desktop did not pick this carton	ucjb4u666r				
2026-09-19	MR-2026-04836	MAT-STE-2026-21672	315144	L022-OWPALT-003C	CNWH56092	0	4	ERP_AUTO_PICKED_HERE	ERP deducted here but desktop did not pick this carton	uckl7vqhrq				
2026-09-19	MR-2026-04836	MAT-STE-2026-21672	315144	L022-OWPALT-003C	CNWH65534	0	12	ERP_AUTO_PICKED_HERE	ERP deducted here but desktop did not pick this carton	uckoj35s28				
2026-09-19	MR-2026-04836	MAT-STE-2026-21672	315144	L022-OWPALT-007B	CNWH67091	30	0	DESKTOP_PICKED_NOT_IN_ERP	Desktop picked here but ERP did not deduct this carton					
2026-09-19	MR-2026-04836	MAT-STE-2026-21672	315145	L022-OWPALT-002B	CNWH65808	0	8	ERP_AUTO_PICKED_HERE	ERP deducted here but desktop did not pick this carton	uckipjqap4				
2026-09-19	MR-2026-04836	MAT-STE-2026-21672	315145	L022-OWPALT-002B	CNWH69833	0	22	ERP_AUTO_PICKED_HERE	ERP deducted here but desktop did not pick this carton	ucklbbcabi				
2026-09-19	MR-2026-04836	MAT-STE-2026-21672	315145	L022-OWPALT-007B	CNWH54860	30	0	DESKTOP_PICKED_NOT_IN_ERP	Desktop picked here but ERP did not deduct this carton					
2026-09-19	MR-2026-04836	MAT-STE-2026-21672	315146	L022-OWPALT-002B	CNWH65676	0	1	ERP_AUTO_PICKED_HERE	ERP deducted here but desktop did not pick this carton	uclprkctbc				
2026-09-19	MR-2026-04836	MAT-STE-2026-21672	315146	L022-OWPALT-002B	CNWH65808	0	29	ERP_AUTO_PICKED_HERE	ERP deducted here but desktop did not pick this carton	uclc69f06v				
2026-09-19	MR-2026-04836	MAT-STE-2026-21672	315146	L022-OWPALT-022C	CNWH60979	30	0	DESKTOP_PICKED_NOT_IN_ERP	Desktop picked here but ERP did not deduct this carton					
2026-09-19	MR-2026-04836	MAT-STE-2026-21672	315147	L022-OWPALT-001A	CNWH68067	0	30	ERP_AUTO_PICKED_HERE	ERP deducted here but desktop did not pick this carton	uclh8l58mt				
2026-09-19	MR-2026-04836	MAT-STE-2026-21672	315147	L022-OWPALT-007B	CNWH27388	30	0	DESKTOP_PICKED_NOT_IN_ERP	Desktop picked here but ERP did not deduct this carton					
2026-09-19	MR-2026-04836	MAT-STE-2026-21672	315148	L022-OWPALT-002B	CNWH65808	0	7	ERP_AUTO_PICKED_HERE	ERP deducted here but desktop did not pick this carton	ucldpcpi95				
2026-09-19	MR-2026-04836	MAT-STE-2026-21672	315148	L022-OWPALT-003C	CNWH65495	0	6	ERP_AUTO_PICKED_HERE	ERP deducted here but desktop did not pick this carton	uclm9qkl44				
2026-09-19	MR-2026-04836	MAT-STE-2026-21672	315148	L022-OWPALT-003C	CNWH65534	0	17	ERP_AUTO_PICKED_HERE	ERP deducted here but desktop did not pick this carton	ucm7qu0tas				
2026-09-19	MR-2026-04836	MAT-STE-2026-21672	315148	L022-OWPALT-007B	CNWH67091	30	0	DESKTOP_PICKED_NOT_IN_ERP	Desktop picked here but ERP did not deduct this carton					
2026-09-19	MR-2026-04836	MAT-STE-2026-21672	315149	L022-OWPALT-001A	CNWH65674	2	0	DESKTOP_PICKED_NOT_IN_ERP	Desktop picked here but ERP did not deduct this carton					
2026-09-19	MR-2026-04836	MAT-STE-2026-21672	315149	L022-OWPALT-008A	CNWH65490	0	1	ERP_AUTO_PICKED_HERE	ERP deducted here but desktop did not pick this carton	ucmvh2dgt7				
2026-09-19	MR-2026-04836	MAT-STE-2026-21672	315149	L022-OWPALT-009A	CNWH65569	0	1	ERP_AUTO_PICKED_HERE	ERP deducted here but desktop did not pick this carton	ucms4gbc31				
2026-09-19	MR-2026-04837	MAT-STE-2026-21673	315135	L022-OWPALT-008A	CNWH67084	30	0	DESKTOP_PICKED_NOT_IN_ERP	Desktop picked here but ERP did not deduct this carton					
2026-09-19	MR-2026-04837	MAT-STE-2026-21673	315135	L022-OWPALT-008A	CNWH67085	0	7	ERP_AUTO_PICKED_HERE	ERP deducted here but desktop did not pick this carton	uhockok9dn				
2026-09-19	MR-2026-04837	MAT-STE-2026-21673	315135	L022-OWPALT-009A	CNWH65566	0	2	ERP_AUTO_PICKED_HERE	ERP deducted here but desktop did not pick this carton	uhodgkrisu				
2026-09-19	MR-2026-04837	MAT-STE-2026-21673	315135	L022-OWPALT-009A	CNWH65601	0	21	ERP_AUTO_PICKED_HERE	ERP deducted here but desktop did not pick this carton	uhoebanu6l				
2026-09-19	MR-2026-04837	MAT-STE-2026-21673	315136	L022-OWPALT-007B	CNWH67093	0	30	ERP_AUTO_PICKED_HERE	ERP deducted here but desktop did not pick this carton	uhp8dro58p				
2026-09-19	MR-2026-04837	MAT-STE-2026-21673	315136	L022-OWPALT-008A	CNWH65486	4	0	DESKTOP_PICKED_NOT_IN_ERP	Desktop picked here but ERP did not deduct this carton					
2026-09-19	MR-2026-04837	MAT-STE-2026-21673	315136	L022-OWPALT-008A	CNWH67084	26	0	DESKTOP_PICKED_NOT_IN_ERP	Desktop picked here but ERP did not deduct this carton					
2026-09-19	MR-2026-04837	MAT-STE-2026-21673	315137	L022-OWPALT-008A	CNWH65756	15	0	DESKTOP_PICKED_NOT_IN_ERP	Desktop picked here but ERP did not deduct this carton					
2026-09-19	MR-2026-04837	MAT-STE-2026-21673	315137	L022-OWPALT-008A	CNWH67084	0	6	ERP_AUTO_PICKED_HERE	ERP deducted here but desktop did not pick this carton	uhpg1oi0bl				
2026-09-19	MR-2026-04837	MAT-STE-2026-21673	315137	L022-OWPALT-008A	CNWH67085	0	3	ERP_AUTO_PICKED_HERE	ERP deducted here but desktop did not pick this carton	uhp7r0op81				
2026-09-19	MR-2026-04837	MAT-STE-2026-21673	315137	L022-OWPALT-010B	CNWH65500	0	6	ERP_AUTO_PICKED_HERE	ERP deducted here but desktop did not pick this carton	uhqs566nla				
2026-09-19	MR-2026-04837	MAT-STE-2026-21673	315138	L022-OWPALT-002B	CNWH64772	11	0	DESKTOP_PICKED_NOT_IN_ERP	Desktop picked here but ERP did not deduct this carton					
2026-09-19	MR-2026-04837	MAT-STE-2026-21673	315138	L022-OWPALT-003C	CNWH65745	9	0	DESKTOP_PICKED_NOT_IN_ERP	Desktop picked here but ERP did not deduct this carton					
2026-09-19	MR-2026-04837	MAT-STE-2026-21673	315138	L022-OWPALT-007B	CNWH65747	0	2	ERP_AUTO_PICKED_HERE	ERP deducted here but desktop did not pick this carton	uhqba354al				
2026-09-19	MR-2026-04837	MAT-STE-2026-21673	315138	L022-OWPALT-007B	CNWH66165	0	18	ERP_AUTO_PICKED_HERE	ERP deducted here but desktop did not pick this carton	uhq6frgl3s				
2026-09-19	MR-2026-04837	MAT-STE-2026-21673	315139	L022-OWPALT-002B	CNWH65676	20	0	DESKTOP_PICKED_NOT_IN_ERP	Desktop picked here but ERP did not deduct this carton					
2026-09-19	MR-2026-04837	MAT-STE-2026-21673	315139	L022-OWPALT-007B	CNWH27388	0	4	ERP_AUTO_PICKED_HERE	ERP deducted here but desktop did not pick this carton	uhrpi0580h				
2026-09-19	MR-2026-04837	MAT-STE-2026-21673	315139	L022-OWPALT-007B	CNWH65747	0	9	ERP_AUTO_PICKED_HERE	ERP deducted here but desktop did not pick this carton	uhrahkjaca				
2026-09-19	MR-2026-04837	MAT-STE-2026-21673	315139	L022-OWPALT-007B	CNWH66165	0	13	ERP_AUTO_PICKED_HERE	ERP deducted here but desktop did not pick this carton	uhrmj37pp1				
2026-09-19	MR-2026-04837	MAT-STE-2026-21673	315139	L022-OWPALT-009A	CNWH08170	6	0	DESKTOP_PICKED_NOT_IN_ERP	Desktop picked here but ERP did not deduct this carton					
2026-09-19	MR-2026-04837	MAT-STE-2026-21673	315140	L022-OWPALT-007B	CNWH27388	0	2	ERP_AUTO_PICKED_HERE	ERP deducted here but desktop did not pick this carton	uhskr2nup4				
2026-09-19	MR-2026-04837	MAT-STE-2026-21673	315140	L022-OWPALT-007B	CNWH65727	0	1	ERP_AUTO_PICKED_HERE	ERP deducted here but desktop did not pick this carton	uhs0phmuoj				
2026-09-19	MR-2026-04837	MAT-STE-2026-21673	315140	L022-OWPALT-007B	CNWH66165	0	26	ERP_AUTO_PICKED_HERE	ERP deducted here but desktop did not pick this carton	uhs35qpcqp				
2026-09-19	MR-2026-04837	MAT-STE-2026-21673	315140	L022-OWPALT-008A	CNWH65486	0	1	ERP_AUTO_PICKED_HERE	ERP deducted here but desktop did not pick this carton	uhs8itkk8t				
2026-09-19	MR-2026-04837	MAT-STE-2026-21673	315140	L022-OWPALT-009A	CNWH08170	20	0	DESKTOP_PICKED_NOT_IN_ERP	Desktop picked here but ERP did not deduct this carton					
2026-09-19	MR-2026-04837	MAT-STE-2026-21673	315140	L022-OWPALT-009A	CNWH65601	6	0	DESKTOP_PICKED_NOT_IN_ERP	Desktop picked here but ERP did not deduct this carton					
2026-09-19	MR-2026-04837	MAT-STE-2026-21673	315140	L022-OWPALT-009A	CNWH66576	4	0	DESKTOP_PICKED_NOT_IN_ERP	Desktop picked here but ERP did not deduct this carton					
2026-09-19	MR-2026-04837	MAT-STE-2026-21673	315141	L022-OWPALT-007B	CNWH27388	0	5	ERP_AUTO_PICKED_HERE	ERP deducted here but desktop did not pick this carton	uhtepi94as				
2026-09-19	MR-2026-04837	MAT-STE-2026-21673	315141	L022-OWPALT-007B	CNWH65727	0	6	ERP_AUTO_PICKED_HERE	ERP deducted here but desktop did not pick this carton	uhtcea89bd				
2026-09-19	MR-2026-04837	MAT-STE-2026-21673	315141	L022-OWPALT-007B	CNWH65747	0	1	ERP_AUTO_PICKED_HERE	ERP deducted here but desktop did not pick this carton	uhtfqvqoa4				
2026-09-19	MR-2026-04837	MAT-STE-2026-21673	315141	L022-OWPALT-007B	CNWH66165	0	21	ERP_AUTO_PICKED_HERE	ERP deducted here but desktop did not pick this carton	uhtd0t80od				
2026-09-19	MR-2026-04837	MAT-STE-2026-21673	315141	L022-OWPALT-008A	CNWH65486	10	0	DESKTOP_PICKED_NOT_IN_ERP	Desktop picked here but ERP did not deduct this carton					
2026-09-19	MR-2026-04837	MAT-STE-2026-21673	315141	L022-OWPALT-008A	CNWH67087	5	0	DESKTOP_PICKED_NOT_IN_ERP	Desktop picked here but ERP did not deduct this carton					
2026-09-19	MR-2026-04837	MAT-STE-2026-21673	315141	L022-OWPALT-008A	CNWH67088	18	0	DESKTOP_PICKED_NOT_IN_ERP	Desktop picked here but ERP did not deduct this carton					
2026-09-19	MR-2026-04837	MAT-STE-2026-21673	315142	L022-OWPALT-002B	CNWH64772	3	0	DESKTOP_PICKED_NOT_IN_ERP	Desktop picked here but ERP did not deduct this carton					
2026-09-19	MR-2026-04837	MAT-STE-2026-21673	315142	L022-OWPALT-002B	CNWH65675	16	0	DESKTOP_PICKED_NOT_IN_ERP	Desktop picked here but ERP did not deduct this carton					
2026-09-19	MR-2026-04837	MAT-STE-2026-21673	315142	L022-OWPALT-003C	CNWH65495	0	6	ERP_AUTO_PICKED_HERE	ERP deducted here but desktop did not pick this carton	uht69kkcbt				
2026-09-19	MR-2026-04837	MAT-STE-2026-21673	315142	L022-OWPALT-003C	CNWH65745	0	13	ERP_AUTO_PICKED_HERE	ERP deducted here but desktop did not pick this carton	uhu3cfvjo6				
2026-09-19	MR-2026-04837	MAT-STE-2026-21673	315145	L022-OWPALT-003C	CNWH56092	0	9	ERP_AUTO_PICKED_HERE	ERP deducted here but desktop did not pick this carton	uhvf4q3hsc				
2026-09-19	MR-2026-04837	MAT-STE-2026-21673	315145	L022-OWPALT-003C	CNWH65495	0	8	ERP_AUTO_PICKED_HERE	ERP deducted here but desktop did not pick this carton	uhvup74hgc				
2026-09-19	MR-2026-04837	MAT-STE-2026-21673	315145	L022-OWPALT-007B	CNWH54860	0	13	ERP_AUTO_PICKED_HERE	ERP deducted here but desktop did not pick this carton	uhv9f3ef3a				
2026-09-19	MR-2026-04837	MAT-STE-2026-21673	315145	L022-OWPALT-011C	CNWH66226	30	0	DESKTOP_PICKED_NOT_IN_ERP	Desktop picked here but ERP did not deduct this carton					
2026-09-19	MR-2026-04837	MAT-STE-2026-21673	315146	L022-OWPALT-002B	CNWH69833	0	30	ERP_AUTO_PICKED_HERE	ERP deducted here but desktop did not pick this carton	uhvm6nmmh2				
2026-09-19	MR-2026-04837	MAT-STE-2026-21673	315146	L022-OWPALT-008A	CNWH65490	30	0	DESKTOP_PICKED_NOT_IN_ERP	Desktop picked here but ERP did not deduct this carton					
2026-09-19	MR-2026-04837	MAT-STE-2026-21673	315147	L022-OWPALT-001A	CNWH68067	30	0	DESKTOP_PICKED_NOT_IN_ERP	Desktop picked here but ERP did not deduct this carton					
2026-09-19	MR-2026-04837	MAT-STE-2026-21673	315147	L022-OWPALT-002B	CNWH65808	0	27	ERP_AUTO_PICKED_HERE	ERP deducted here but desktop did not pick this carton	ui0p1sd7eq				
2026-09-19	MR-2026-04837	MAT-STE-2026-21673	315147	L022-OWPALT-002B	CNWH69833	0	1	ERP_AUTO_PICKED_HERE	ERP deducted here but desktop did not pick this carton	ui0o76n31e				
2026-09-19	MR-2026-04837	MAT-STE-2026-21673	315147	L022-OWPALT-003C	CNWH56092	0	2	ERP_AUTO_PICKED_HERE	ERP deducted here but desktop did not pick this carton	ui0t4jun4g				
2026-09-19	MR-2026-04837	MAT-STE-2026-21673	315148	L022-OWPALT-003C	CNWH65750	0	7	ERP_AUTO_PICKED_HERE	ERP deducted here but desktop did not pick this carton	ui0uhld09g				
2026-09-19	MR-2026-04837	MAT-STE-2026-21673	315148	L022-OWPALT-007B	CNWH51627	0	9	ERP_AUTO_PICKED_HERE	ERP deducted here but desktop did not pick this carton	ui0pd4q3p7				
2026-09-19	MR-2026-04837	MAT-STE-2026-21673	315148	L022-OWPALT-007B	CNWH54860	0	1	ERP_AUTO_PICKED_HERE	ERP deducted here but desktop did not pick this carton	ui1sm7peqa				
2026-09-19	MR-2026-04837	MAT-STE-2026-21673	315148	L022-OWPALT-007B	CNWH57970	0	1	ERP_AUTO_PICKED_HERE	ERP deducted here but desktop did not pick this carton	ui1carkfvl				
2026-09-19	MR-2026-04837	MAT-STE-2026-21673	315148	L022-OWPALT-007B	CNWH65666	0	12	ERP_AUTO_PICKED_HERE	ERP deducted here but desktop did not pick this carton	ui115pff79				
2026-09-19	MR-2026-04837	MAT-STE-2026-21673	315148	L022-OWPALT-008A	CNWH67086	30	0	DESKTOP_PICKED_NOT_IN_ERP	Desktop picked here but ERP did not deduct this carton					
2026-09-19	MR-2026-04837	MAT-STE-2026-21673	315149	L022-OWPALT-001A	CNWH65674	0	1	ERP_AUTO_PICKED_HERE	ERP deducted here but desktop did not pick this carton	ui12iioth2				
2026-09-19	MR-2026-04837	MAT-STE-2026-21673	315149	L022-OWPALT-009A	CNWH65569	2	0	DESKTOP_PICKED_NOT_IN_ERP	Desktop picked here but ERP did not deduct this carton					
2026-09-19	MR-2026-04837	MAT-STE-2026-21673	315149	L022-OWPALT-009A	CNWH66576	0	1	ERP_AUTO_PICKED_HERE	ERP deducted here but desktop did not pick this carton	ui1pjk2fir				
2026-09-20	MR-2026-04679	MAT-STE-2026-21698	264913	L015-OWPALT-022C	CNWH64788	3	1	QTY_MISMATCH	Desktop and ERP qty differ on same carton	j3eoafoefn				
2026-09-20	MR-2026-04679	MAT-STE-2026-21698	266017	L008-OWSHEL-005E	CNWH67054	0	1	ERP_AUTO_PICKED_HERE	ERP deducted here but desktop did not pick this carton	j3j6l3cs2b				
2026-09-20	MR-2026-04679	MAT-STE-2026-21698	266017	L008-OWSHEL-008E	CNWH65018	0	1	ERP_AUTO_PICKED_HERE	ERP deducted here but desktop did not pick this carton	j3jtc732au				
2026-09-20	MR-2026-04679	MAT-STE-2026-21698	266017	L015-OWPALT-033A	CNWH64284	2	0	DESKTOP_PICKED_NOT_IN_ERP	Desktop picked here but ERP did not deduct this carton					
2026-09-20	MR-2026-04679	MAT-STE-2026-21698	266018	L008-OWSHEL-008E	CNWH65018	0	1	ERP_AUTO_PICKED_HERE	ERP deducted here but desktop did not pick this carton	j3jirt34l7				
2026-09-20	MR-2026-04679	MAT-STE-2026-21698	266018	L008-OWSHEL-018F	CNWH59001	0	3	ERP_AUTO_PICKED_HERE	ERP deducted here but desktop did not pick this carton	j3ji0cb0te				
2026-09-20	MR-2026-04679	MAT-STE-2026-21698	266018	L008-OWSHEL-025A	CNWH46502	4	0	DESKTOP_PICKED_NOT_IN_ERP	Desktop picked here but ERP did not deduct this carton					
2026-09-20	MR-2026-04679	MAT-STE-2026-21698	266019	L008-OWSHEL-005E	CNWH67054	0	2	ERP_AUTO_PICKED_HERE	ERP deducted here but desktop did not pick this carton	j3k2mpvej4				
2026-09-20	MR-2026-04679	MAT-STE-2026-21698	266019	L008-OWSHEL-008E	CNWH65018	0	1	ERP_AUTO_PICKED_HERE	ERP deducted here but desktop did not pick this carton	j3k4gtmdk5				
2026-09-20	MR-2026-04679	MAT-STE-2026-21698	266019	L008-OWSHEL-018F	CNWH59001	0	1	ERP_AUTO_PICKED_HERE	ERP deducted here but desktop did not pick this carton	j3ke35gr0t				
2026-09-20	MR-2026-04679	MAT-STE-2026-21698	266019	L008-OWSHEL-025A	CNWH46502	12	0	DESKTOP_PICKED_NOT_IN_ERP	Desktop picked here but ERP did not deduct this carton					
2026-09-20	MR-2026-04679	MAT-STE-2026-21698	266020	L008-OWSHEL-018F	CNWH60945	0	1	ERP_AUTO_PICKED_HERE	ERP deducted here but desktop did not pick this carton	j3k5vgmo8t				
2026-09-20	MR-2026-04679	MAT-STE-2026-21698	266020	L008-OWSHEL-031F	CNWH65901	0	1	ERP_AUTO_PICKED_HERE	ERP deducted here but desktop did not pick this carton	j3kum1csi6				
2026-09-20	MR-2026-04679	MAT-STE-2026-21698	266020	L015-OWPALT-023B	CNWH66143	1	0	DESKTOP_PICKED_NOT_IN_ERP	Desktop picked here but ERP did not deduct this carton					
2026-09-20	MR-2026-04679	MAT-STE-2026-21698	266020	L015-OWPALT-033A	CNWH64284	1	0	DESKTOP_PICKED_NOT_IN_ERP	Desktop picked here but ERP did not deduct this carton					
2026-09-20	MR-2026-04679	MAT-STE-2026-21698	266198	L008-OWSHEL-013A	CNWH26274	12	0	DESKTOP_PICKED_NOT_IN_ERP	Desktop picked here but ERP did not deduct this carton					
2026-09-20	MR-2026-04679	MAT-STE-2026-21698	266198	L015-OWPALT-016A	CNWH66197	0	4	ERP_AUTO_PICKED_HERE	ERP deducted here but desktop did not pick this carton	j3nqpn9lq1				
2026-09-20	MR-2026-04679	MAT-STE-2026-21698	266199	L008-OWSHEL-013A	CNWH26274	6	0	DESKTOP_PICKED_NOT_IN_ERP	Desktop picked here but ERP did not deduct this carton					
2026-09-20	MR-2026-04679	MAT-STE-2026-21698	266199	L015-OWPALT-016A	CNWH66197	0	2	ERP_AUTO_PICKED_HERE	ERP deducted here but desktop did not pick this carton	j3n9vimf36				
2026-09-20	MR-2026-04679	MAT-STE-2026-21698	268187	L008-OWSHEL-008E	CNWH65018	0	2	ERP_AUTO_PICKED_HERE	ERP deducted here but desktop did not pick this carton	j3p2f6obfp				
2026-09-20	MR-2026-04679	MAT-STE-2026-21698	268187	L015-OWPALT-040A	CNWH61302	2	0	DESKTOP_PICKED_NOT_IN_ERP	Desktop picked here but ERP did not deduct this carton					
2026-09-20	MR-2026-04679	MAT-STE-2026-21698	268188	L008-OWSHEL-008E	CNWH65018	0	2	ERP_AUTO_PICKED_HERE	ERP deducted here but desktop did not pick this carton	j3ptqn86gm				
2026-09-20	MR-2026-04679	MAT-STE-2026-21698	268188	L015-OWPALT-006C	CNWH69068	2	0	DESKTOP_PICKED_NOT_IN_ERP	Desktop picked here but ERP did not deduct this carton					
2026-09-20	MR-2026-04679	MAT-STE-2026-21698	272737	L015-OWPALT-022C	CNWH69105	0	1	ERP_AUTO_PICKED_HERE	ERP deducted here but desktop did not pick this carton	j3raat6luu				
2026-09-20	MR-2026-04679	MAT-STE-2026-21698	272737	L015-OWPALT-051C	CNWH64255	1	0	DESKTOP_PICKED_NOT_IN_ERP	Desktop picked here but ERP did not deduct this carton					
2026-09-20	MR-2026-04679	MAT-STE-2026-21698	272738	L015-OWPALT-022C	CNWH69105	2	3	QTY_MISMATCH	Desktop and ERP qty differ on same carton	j3rqkmst0t				
2026-09-20	MR-2026-04679	MAT-STE-2026-21698	272738	L015-OWPALT-035C	CNWH65914	0	1	ERP_AUTO_PICKED_HERE	ERP deducted here but desktop did not pick this carton	j3rbsrggiq				
2026-09-20	MR-2026-04679	MAT-STE-2026-21698	272738	L015-OWPALT-051C	CNWH64255	2	0	DESKTOP_PICKED_NOT_IN_ERP	Desktop picked here but ERP did not deduct this carton					
2026-09-20	MR-2026-04679	MAT-STE-2026-21698	272739	L015-OWPALT-022C	CNWH69105	0	2	ERP_AUTO_PICKED_HERE	ERP deducted here but desktop did not pick this carton	j3sm0g63hg				
2026-09-20	MR-2026-04679	MAT-STE-2026-21698	272739	L015-OWPALT-051C	CNWH64255	2	0	DESKTOP_PICKED_NOT_IN_ERP	Desktop picked here but ERP did not deduct this carton					
2026-09-20	MR-2026-04679	MAT-STE-2026-21698	272778	L015-OWPALT-022C	CNWH69105	0	2	ERP_AUTO_PICKED_HERE	ERP deducted here but desktop did not pick this carton	j3uhlbu1us				
2026-09-20	MR-2026-04679	MAT-STE-2026-21698	272778	L015-OWPALT-051C	CNWH64255	1	0	DESKTOP_PICKED_NOT_IN_ERP	Desktop picked here but ERP did not deduct this carton					
2026-09-20	MR-2026-04679	MAT-STE-2026-21698	272778	L016-OWPALT-006C	CNWH50755	1	0	DESKTOP_PICKED_NOT_IN_ERP	Desktop picked here but ERP did not deduct this carton					
2026-09-20	MR-2026-04679	MAT-STE-2026-21698	272779	L015-OWPALT-022C	CNWH69105	0	1	ERP_AUTO_PICKED_HERE	ERP deducted here but desktop did not pick this carton	j3uub1etjb				
2026-09-20	MR-2026-04679	MAT-STE-2026-21698	272779	L015-OWPALT-051C	CNWH64255	1	0	DESKTOP_PICKED_NOT_IN_ERP	Desktop picked here but ERP did not deduct this carton					
2026-09-20	MR-2026-04679	MAT-STE-2026-21698	272793	L008-OWSHEL-005E	CNWH62344	0	1	ERP_AUTO_PICKED_HERE	ERP deducted here but desktop did not pick this carton	j3vnu1ghel				
2026-09-20	MR-2026-04679	MAT-STE-2026-21698	272793	L008-OWSHEL-015C	CNWH58956	1	0	DESKTOP_PICKED_NOT_IN_ERP	Desktop picked here but ERP did not deduct this carton					
2026-09-20	MR-2026-04679	MAT-STE-2026-21698	272793	L008-OWSHEL-019F	CNWH59368	0	1	ERP_AUTO_PICKED_HERE	ERP deducted here but desktop did not pick this carton	j3v5iijk7l				
2026-09-20	MR-2026-04679	MAT-STE-2026-21698	272793	L015-OWPALT-006C	CNWH69068	1	0	DESKTOP_PICKED_NOT_IN_ERP	Desktop picked here but ERP did not deduct this carton					
2026-09-20	MR-2026-04679	MAT-STE-2026-21698	272794	L008-OWSHEL-015C	CNWH58545	4	0	DESKTOP_PICKED_NOT_IN_ERP	Desktop picked here but ERP did not deduct this carton					
2026-09-20	MR-2026-04679	MAT-STE-2026-21698	272794	L008-OWSHEL-019F	CNWH59368	0	3	ERP_AUTO_PICKED_HERE	ERP deducted here but desktop did not pick this carton	j406jfjgkl				
2026-09-20	MR-2026-04679	MAT-STE-2026-21698	272794	L015-OWPALT-006C	CNWH69068	0	1	ERP_AUTO_PICKED_HERE	ERP deducted here but desktop did not pick this carton	j404a0bnud				
2026-09-20	MR-2026-04679	MAT-STE-2026-21698	272795	L008-OWSHEL-005E	CNWH62344	0	2	ERP_AUTO_PICKED_HERE	ERP deducted here but desktop did not pick this carton	j406eam124				
2026-09-20	MR-2026-04679	MAT-STE-2026-21698	272795	L008-OWSHEL-013A	CNWH04811	4	0	DESKTOP_PICKED_NOT_IN_ERP	Desktop picked here but ERP did not deduct this carton					
2026-09-20	MR-2026-04679	MAT-STE-2026-21698	272795	L008-OWSHEL-019F	CNWH59368	0	2	ERP_AUTO_PICKED_HERE	ERP deducted here but desktop did not pick this carton	j41dfh9212				
2026-09-20	MR-2026-04679	MAT-STE-2026-21698	272796	L008-OWSHEL-015C	CNWH58545	1	0	DESKTOP_PICKED_NOT_IN_ERP	Desktop picked here but ERP did not deduct this carton					
2026-09-20	MR-2026-04679	MAT-STE-2026-21698	272796	L015-OWPALT-024A	CNWH61290	0	1	ERP_AUTO_PICKED_HERE	ERP deducted here but desktop did not pick this carton	j416sdh1ug				
2026-09-20	MR-2026-04679	MAT-STE-2026-21698	272805	L008-OWSHEL-004D	CNWH65986	0	1	ERP_AUTO_PICKED_HERE	ERP deducted here but desktop did not pick this carton	j411c9nlb2				
2026-09-20	MR-2026-04679	MAT-STE-2026-21698	272805	L008-OWSHEL-005E	CNWH62344	0	1	ERP_AUTO_PICKED_HERE	ERP deducted here but desktop did not pick this carton	j4117t5h9f				
2026-09-20	MR-2026-04679	MAT-STE-2026-21698	272805	L015-OWPALT-009A	CNWH65926	2	0	DESKTOP_PICKED_NOT_IN_ERP	Desktop picked here but ERP did not deduct this carton					
2026-09-20	MR-2026-04679	MAT-STE-2026-21698	272806	L008-OWSHEL-004D	CNWH65986	0	1	ERP_AUTO_PICKED_HERE	ERP deducted here but desktop did not pick this carton	j42ph9f7b1				
2026-09-20	MR-2026-04679	MAT-STE-2026-21698	272806	L008-OWSHEL-005E	CNWH62344	0	3	ERP_AUTO_PICKED_HERE	ERP deducted here but desktop did not pick this carton	j42j5qms1q				
2026-09-20	MR-2026-04679	MAT-STE-2026-21698	272806	L015-OWPALT-016A	CNWH06432	4	0	DESKTOP_PICKED_NOT_IN_ERP	Desktop picked here but ERP did not deduct this carton					
2026-09-20	MR-2026-04679	MAT-STE-2026-21698	272807	L008-OWSHEL-008E	CNWH64912	0	1	ERP_AUTO_PICKED_HERE	ERP deducted here but desktop did not pick this carton	j42613pqo5				
2026-09-20	MR-2026-04679	MAT-STE-2026-21698	272807	L008-OWSHEL-019F	CNWH59368	0	3	ERP_AUTO_PICKED_HERE	ERP deducted here but desktop did not pick this carton	j426jfurqu				
2026-09-20	MR-2026-04679	MAT-STE-2026-21698	272807	L015-OWPALT-009A	CNWH65926	2	0	DESKTOP_PICKED_NOT_IN_ERP	Desktop picked here but ERP did not deduct this carton					
2026-09-20	MR-2026-04679	MAT-STE-2026-21698	272807	L015-OWPALT-016A	CNWH06432	2	0	DESKTOP_PICKED_NOT_IN_ERP	Desktop picked here but ERP did not deduct this carton					
2026-09-20	MR-2026-04679	MAT-STE-2026-21698	273299	L008-OWSHEL-030F	CNWH65976	0	1	ERP_AUTO_PICKED_HERE	ERP deducted here but desktop did not pick this carton	j4dud6m2rj				
2026-09-20	MR-2026-04679	MAT-STE-2026-21698	273299	L008-OWSHEL-030F	CNWH65977	2	1	QTY_MISMATCH	Desktop and ERP qty differ on same carton	j4evt8kq3i				
2026-09-20	MR-2026-04679	MAT-STE-2026-21698	273300	L008-OWSHEL-030F	CNWH65977	5	1	QTY_MISMATCH	Desktop and ERP qty differ on same carton	j4enrfmug5				
2026-09-20	MR-2026-04679	MAT-STE-2026-21698	273301	L008-OWSHEL-018F	CNWH58285	2	0	DESKTOP_PICKED_NOT_IN_ERP	Desktop picked here but ERP did not deduct this carton					
2026-09-20	MR-2026-04679	MAT-STE-2026-21698	273301	L008-OWSHEL-030F	CNWH65977	0	1	ERP_AUTO_PICKED_HERE	ERP deducted here but desktop did not pick this carton	j4ej1tfv53				
2026-09-20	MR-2026-04679	MAT-STE-2026-21698	273301	L015-OWPALT-041A	CNWH69169	0	1	ERP_AUTO_PICKED_HERE	ERP deducted here but desktop did not pick this carton	j4eri8htne				
2026-09-20	MR-2026-04679	MAT-STE-2026-21698	273308	L015-OWPALT-041A	CNWH68209	0	1	ERP_AUTO_PICKED_HERE	ERP deducted here but desktop did not pick this carton	j4fivrgdm6				
2026-09-20	MR-2026-04679	MAT-STE-2026-21698	273308	L015-OWPALT-041A	CNWH69169	3	2	QTY_MISMATCH	Desktop and ERP qty differ on same carton	j4f6rlr466				
2026-09-20	MR-2026-04679	MAT-STE-2026-21698	274247	L008-OWSHEL-008E	CNWH65018	0	1	ERP_AUTO_PICKED_HERE	ERP deducted here but desktop did not pick this carton	j4k8luqnro				
2026-09-20	MR-2026-04679	MAT-STE-2026-21698	274247	L008-OWSHEL-019F	CNWH65012	0	1	ERP_AUTO_PICKED_HERE	ERP deducted here but desktop did not pick this carton	j4k6n2ofjp				
2026-09-20	MR-2026-04679	MAT-STE-2026-21698	274247	L015-OWPALT-006C	CNWH69068	2	0	DESKTOP_PICKED_NOT_IN_ERP	Desktop picked here but ERP did not deduct this carton					
2026-09-20	MR-2026-04679	MAT-STE-2026-21698	274248	L008-OWSHEL-008E	CNWH65018	0	4	ERP_AUTO_PICKED_HERE	ERP deducted here but desktop did not pick this carton	j4k4m0qnp7				
2026-09-20	MR-2026-04679	MAT-STE-2026-21698	274248	L015-OWPALT-006C	CNWH69068	4	0	DESKTOP_PICKED_NOT_IN_ERP	Desktop picked here but ERP did not deduct this carton					
2026-09-20	MR-2026-04679	MAT-STE-2026-21698	274249	L008-OWSHEL-008E	CNWH65018	0	1	ERP_AUTO_PICKED_HERE	ERP deducted here but desktop did not pick this carton	j4koilp70n				
2026-09-20	MR-2026-04679	MAT-STE-2026-21698	274249	L008-OWSHEL-019F	CNWH65012	0	1	ERP_AUTO_PICKED_HERE	ERP deducted here but desktop did not pick this carton	j4k0h5hqpl				
2026-09-20	MR-2026-04679	MAT-STE-2026-21698	274249	L015-OWPALT-006C	CNWH69068	3	1	QTY_MISMATCH	Desktop and ERP qty differ on same carton	j4l427uedk				
2026-09-20	MR-2026-04679	MAT-STE-2026-21698	283518	L015-OWPALT-016A	CNWH66197	0	1	ERP_AUTO_PICKED_HERE	ERP deducted here but desktop did not pick this carton	j4l40p4glb				
2026-09-20	MR-2026-04679	MAT-STE-2026-21698	283518	L015-OWPALT-032A	CNWH66182	0	1	ERP_AUTO_PICKED_HERE	ERP deducted here but desktop did not pick this carton	j4m1826gv6				
2026-09-20	MR-2026-04679	MAT-STE-2026-21698	283518	L015-OWPALT-055B	CNWH61305	2	0	DESKTOP_PICKED_NOT_IN_ERP	Desktop picked here but ERP did not deduct this carton					
2026-09-20	MR-2026-04679	MAT-STE-2026-21698	283519	L015-OWPALT-018B	CNWH66586	0	3	ERP_AUTO_PICKED_HERE	ERP deducted here but desktop did not pick this carton	j4mkvljc87				
2026-09-20	MR-2026-04679	MAT-STE-2026-21698	283519	L015-OWPALT-055B	CNWH61305	3	0	DESKTOP_PICKED_NOT_IN_ERP	Desktop picked here but ERP did not deduct this carton					
2026-09-20	MR-2026-04679	MAT-STE-2026-21698	283520	L015-OWPALT-018B	CNWH66586	0	2	ERP_AUTO_PICKED_HERE	ERP deducted here but desktop did not pick this carton	j4m0aipjkg				
2026-09-20	MR-2026-04679	MAT-STE-2026-21698	283520	L015-OWPALT-055B	CNWH61305	2	0	DESKTOP_PICKED_NOT_IN_ERP	Desktop picked here but ERP did not deduct this carton					
2026-09-20	MR-2026-04679	MAT-STE-2026-21698	283521	L015-OWPALT-032A	CNWH66182	0	1	ERP_AUTO_PICKED_HERE	ERP deducted here but desktop did not pick this carton	j4ne8f0tqo				
2026-09-20	MR-2026-04679	MAT-STE-2026-21698	283521	L015-OWPALT-048A	CNWH60969	0	1	ERP_AUTO_PICKED_HERE	ERP deducted here but desktop did not pick this carton	j4ns6lur1h				
2026-09-20	MR-2026-04679	MAT-STE-2026-21698	283521	L015-OWPALT-055B	CNWH61305	2	0	DESKTOP_PICKED_NOT_IN_ERP	Desktop picked here but ERP did not deduct this carton					
2026-09-20	MR-2026-04679	MAT-STE-2026-21698	286376	L015-OWPALT-006C	CNWH69068	0	1	ERP_AUTO_PICKED_HERE	ERP deducted here but desktop did not pick this carton	j4nog6ll2t				
2026-09-20	MR-2026-04679	MAT-STE-2026-21698	286376	L015-OWPALT-034B	CNWH61414	1	0	DESKTOP_PICKED_NOT_IN_ERP	Desktop picked here but ERP did not deduct this carton					
2026-09-20	MR-2026-04679	MAT-STE-2026-21698	286377	L015-OWPALT-006C	CNWH69068	0	1	ERP_AUTO_PICKED_HERE	ERP deducted here but desktop did not pick this carton	j4n6rbshhb				
2026-09-20	MR-2026-04679	MAT-STE-2026-21698	286377	L015-OWPALT-018B	CNWH66150	0	1	ERP_AUTO_PICKED_HERE	ERP deducted here but desktop did not pick this carton	j4npumn405				
2026-09-20	MR-2026-04679	MAT-STE-2026-21698	286377	L015-OWPALT-030C	CNWH66200	2	0	DESKTOP_PICKED_NOT_IN_ERP	Desktop picked here but ERP did not deduct this carton					
2026-09-20	MR-2026-04679	MAT-STE-2026-21698	286378	L015-OWPALT-018B	CNWH66150	0	1	ERP_AUTO_PICKED_HERE	ERP deducted here but desktop did not pick this carton	j4nugm73kf				
2026-09-20	MR-2026-04679	MAT-STE-2026-21698	286378	L015-OWPALT-032A	CNWH61907	1	0	DESKTOP_PICKED_NOT_IN_ERP	Desktop picked here but ERP did not deduct this carton					
2026-09-20	MR-2026-04679	MAT-STE-2026-21698	286392	L008-OWSHEL-016D	CNWH69064	0	1	ERP_AUTO_PICKED_HERE	ERP deducted here but desktop did not pick this carton	j4q9f922n5				
2026-09-20	MR-2026-04679	MAT-STE-2026-21698	286392	L015-OWPALT-006C	CNWH69115	1	0	DESKTOP_PICKED_NOT_IN_ERP	Desktop picked here but ERP did not deduct this carton					
2026-09-20	MR-2026-04679	MAT-STE-2026-21698	286393	L008-OWSHEL-018F	CNWH55889	1	0	DESKTOP_PICKED_NOT_IN_ERP	Desktop picked here but ERP did not deduct this carton					
2026-09-20	MR-2026-04679	MAT-STE-2026-21698	286393	L008-OWSHEL-018F	CNWH62359	0	2	ERP_AUTO_PICKED_HERE	ERP deducted here but desktop did not pick this carton	j4qd4mt54e				
2026-09-20	MR-2026-04679	MAT-STE-2026-21698	286393	L015-OWPALT-006C	CNWH69115	3	0	DESKTOP_PICKED_NOT_IN_ERP	Desktop picked here but ERP did not deduct this carton					
2026-09-20	MR-2026-04679	MAT-STE-2026-21698	286394	L008-OWSHEL-018F	CNWH62359	1	2	QTY_MISMATCH	Desktop and ERP qty differ on same carton	j4qbe3advi				
2026-09-20	MR-2026-04679	MAT-STE-2026-21698	286394	L015-OWPALT-006C	CNWH69115	1	0	DESKTOP_PICKED_NOT_IN_ERP	Desktop picked here but ERP did not deduct this carton					
2026-09-20	MR-2026-04679	MAT-STE-2026-21698	286396	L008-OWSHEL-018F	CNWH62359	0	1	ERP_AUTO_PICKED_HERE	ERP deducted here but desktop did not pick this carton	j4rr51ipc3				
2026-09-20	MR-2026-04679	MAT-STE-2026-21698	286396	L016-OWPALT-006C	CNWH54352	1	0	DESKTOP_PICKED_NOT_IN_ERP	Desktop picked here but ERP did not deduct this carton					
2026-09-20	MR-2026-04679	MAT-STE-2026-21698	286397	L015-OWPALT-006C	CNWH69115	0	2	ERP_AUTO_PICKED_HERE	ERP deducted here but desktop did not pick this carton	j4r5gvtpdu				
2026-09-20	MR-2026-04679	MAT-STE-2026-21698	286397	L016-OWPALT-006C	CNWH54352	2	0	DESKTOP_PICKED_NOT_IN_ERP	Desktop picked here but ERP did not deduct this carton					
2026-09-20	MR-2026-04679	MAT-STE-2026-21698	286398	L008-OWSHEL-018F	CNWH62359	0	2	ERP_AUTO_PICKED_HERE	ERP deducted here but desktop did not pick this carton	j4rmlifp0p				
2026-09-20	MR-2026-04679	MAT-STE-2026-21698	286398	L016-OWPALT-006C	CNWH54352	2	0	DESKTOP_PICKED_NOT_IN_ERP	Desktop picked here but ERP did not deduct this carton					
2026-09-20	MR-2026-04679	MAT-STE-2026-21698	286602	L008-OWSHEL-018F	CNWH60945	0	2	ERP_AUTO_PICKED_HERE	ERP deducted here but desktop did not pick this carton	j4sk6hl6u7				
2026-09-20	MR-2026-04679	MAT-STE-2026-21698	286602	L008-OWSHEL-030F	CNWH62480	5	3	QTY_MISMATCH	Desktop and ERP qty differ on same carton	j4s8ubcnoh				
2026-09-20	MR-2026-04679	MAT-STE-2026-21698	286603	L008-OWSHEL-030F	CNWH62480	9	3	QTY_MISMATCH	Desktop and ERP qty differ on same carton	j4soadc9jf				
2026-09-20	MR-2026-04679	MAT-STE-2026-21698	286781	L015-OWPALT-032A	CNWH66182	0	1	ERP_AUTO_PICKED_HERE	ERP deducted here but desktop did not pick this carton	j4tsmvgt93				
2026-09-20	MR-2026-04679	MAT-STE-2026-21698	286781	L015-OWPALT-055B	CNWH61305	2	1	QTY_MISMATCH	Desktop and ERP qty differ on same carton	j4umj5ni8q				
2026-09-20	MR-2026-04679	MAT-STE-2026-21698	286782	L015-OWPALT-032A	CNWH66182	0	1	ERP_AUTO_PICKED_HERE	ERP deducted here but desktop did not pick this carton	j4us7c0d4u				
2026-09-20	MR-2026-04679	MAT-STE-2026-21698	286782	L015-OWPALT-055B	CNWH61305	2	1	QTY_MISMATCH	Desktop and ERP qty differ on same carton	j4v9incuft				
2026-09-20	MR-2026-04679	MAT-STE-2026-21698	286785	L015-OWPALT-016A	CNWH66197	0	1	ERP_AUTO_PICKED_HERE	ERP deducted here but desktop did not pick this carton	j4vu54ien2				
2026-09-20	MR-2026-04679	MAT-STE-2026-21698	286785	L015-OWPALT-018B	CNWH66586	0	1	ERP_AUTO_PICKED_HERE	ERP deducted here but desktop did not pick this carton	j4voefioco				
2026-09-20	MR-2026-04679	MAT-STE-2026-21698	286785	L015-OWPALT-055B	CNWH61305	2	0	DESKTOP_PICKED_NOT_IN_ERP	Desktop picked here but ERP did not deduct this carton					
2026-09-20	MR-2026-04679	MAT-STE-2026-21698	286786	L015-OWPALT-016A	CNWH66197	0	1	ERP_AUTO_PICKED_HERE	ERP deducted here but desktop did not pick this carton	j50c4rhq1n				
2026-09-20	MR-2026-04679	MAT-STE-2026-21698	286786	L015-OWPALT-018B	CNWH66586	0	1	ERP_AUTO_PICKED_HERE	ERP deducted here but desktop did not pick this carton	j50iif72s6				
2026-09-20	MR-2026-04679	MAT-STE-2026-21698	286786	L015-OWPALT-032A	CNWH66182	0	1	ERP_AUTO_PICKED_HERE	ERP deducted here but desktop did not pick this carton	j50usrcoou				
2026-09-20	MR-2026-04679	MAT-STE-2026-21698	286786	L015-OWPALT-055B	CNWH61305	3	0	DESKTOP_PICKED_NOT_IN_ERP	Desktop picked here but ERP did not deduct this carton					
2026-09-20	MR-2026-04679	MAT-STE-2026-21698	286789	L008-OWSHEL-018F	CNWH60945	0	1	ERP_AUTO_PICKED_HERE	ERP deducted here but desktop did not pick this carton	j51tsi5r15				
2026-09-20	MR-2026-04679	MAT-STE-2026-21698	286789	L008-OWSHEL-030F	CNWH65977	0	1	ERP_AUTO_PICKED_HERE	ERP deducted here but desktop did not pick this carton	j518kahgim				
2026-09-20	MR-2026-04679	MAT-STE-2026-21698	286789	L015-OWPALT-007B	CNWH68429	1	0	DESKTOP_PICKED_NOT_IN_ERP	Desktop picked here but ERP did not deduct this carton					
2026-09-20	MR-2026-04679	MAT-STE-2026-21698	286789	L015-OWPALT-041A	CNWH68209	1	0	DESKTOP_PICKED_NOT_IN_ERP	Desktop picked here but ERP did not deduct this carton					
2026-09-20	MR-2026-04679	MAT-STE-2026-21698	286797	L008-OWSHEL-030F	CNWH65977	0	1	ERP_AUTO_PICKED_HERE	ERP deducted here but desktop did not pick this carton	j52rr085f1				
2026-09-20	MR-2026-04679	MAT-STE-2026-21698	286797	L015-OWPALT-007B	CNWH68429	2	1	QTY_MISMATCH	Desktop and ERP qty differ on same carton	j52n6jo90k				
2026-09-20	MR-2026-04679	MAT-STE-2026-21698	286798	L008-OWSHEL-030F	CNWH65977	0	3	ERP_AUTO_PICKED_HERE	ERP deducted here but desktop did not pick this carton	j53f2g6g48				
2026-09-20	MR-2026-04679	MAT-STE-2026-21698	286798	L015-OWPALT-007B	CNWH68429	3	0	DESKTOP_PICKED_NOT_IN_ERP	Desktop picked here but ERP did not deduct this carton					
2026-09-20	MR-2026-04679	MAT-STE-2026-21698	287409	L008-OWSHEL-018F	CNWH62359	0	1	ERP_AUTO_PICKED_HERE	ERP deducted here but desktop did not pick this carton	j53bqvq6vf				
2026-09-20	MR-2026-04679	MAT-STE-2026-21698	287409	L015-OWPALT-041A	CNWH69170	1	0	DESKTOP_PICKED_NOT_IN_ERP	Desktop picked here but ERP did not deduct this carton					
2026-09-20	MR-2026-04679	MAT-STE-2026-21698	287428	L015-OWPALT-027C	CNWH64297	0	1	ERP_AUTO_PICKED_HERE	ERP deducted here but desktop did not pick this carton	j554dvr89j				
2026-09-20	MR-2026-04679	MAT-STE-2026-21698	287428	L015-OWPALT-051C	CNWH68850	1	0	DESKTOP_PICKED_NOT_IN_ERP	Desktop picked here but ERP did not deduct this carton					
2026-09-20	MR-2026-04679	MAT-STE-2026-21698	287429	L015-OWPALT-027C	CNWH64297	0	2	ERP_AUTO_PICKED_HERE	ERP deducted here but desktop did not pick this carton	j55tk8v6cm				
2026-09-20	MR-2026-04679	MAT-STE-2026-21698	287429	L015-OWPALT-041A	CNWH69170	0	1	ERP_AUTO_PICKED_HERE	ERP deducted here but desktop did not pick this carton	j55rqkif2h				
2026-09-20	MR-2026-04679	MAT-STE-2026-21698	287429	L015-OWPALT-051C	CNWH68850	3	0	DESKTOP_PICKED_NOT_IN_ERP	Desktop picked here but ERP did not deduct this carton					
2026-09-20	MR-2026-04679	MAT-STE-2026-21698	287431	L015-OWPALT-041A	CNWH69170	0	1	ERP_AUTO_PICKED_HERE	ERP deducted here but desktop did not pick this carton	j56eaf7kgu				
2026-09-20	MR-2026-04679	MAT-STE-2026-21698	287431	L016-OWPALT-006C	CNWH54352	1	0	DESKTOP_PICKED_NOT_IN_ERP	Desktop picked here but ERP did not deduct this carton					
2026-09-20	MR-2026-04679	MAT-STE-2026-21698	287656	L015-OWPALT-018B	CNWH66586	0	1	ERP_AUTO_PICKED_HERE	ERP deducted here but desktop did not pick this carton	j57ah2i4i0				
2026-09-20	MR-2026-04679	MAT-STE-2026-21698	287656	L015-OWPALT-032A	CNWH66182	1	0	DESKTOP_PICKED_NOT_IN_ERP	Desktop picked here but ERP did not deduct this carton					
2026-09-20	MR-2026-04679	MAT-STE-2026-21698	287657	L015-OWPALT-018B	CNWH66586	0	1	ERP_AUTO_PICKED_HERE	ERP deducted here but desktop did not pick this carton	j5709hnej4				
2026-09-20	MR-2026-04679	MAT-STE-2026-21698	287657	L015-OWPALT-032A	CNWH66182	1	0	DESKTOP_PICKED_NOT_IN_ERP	Desktop picked here but ERP did not deduct this carton					
2026-09-20	MR-2026-04679	MAT-STE-2026-21698	287658	L015-OWPALT-016A	CNWH66197	0	1	ERP_AUTO_PICKED_HERE	ERP deducted here but desktop did not pick this carton	j57lkcv5kv				
2026-09-20	MR-2026-04679	MAT-STE-2026-21698	287658	L015-OWPALT-018B	CNWH66586	0	2	ERP_AUTO_PICKED_HERE	ERP deducted here but desktop did not pick this carton	j57e9jal1b				
2026-09-20	MR-2026-04679	MAT-STE-2026-21698	287658	L015-OWPALT-032A	CNWH66182	3	0	DESKTOP_PICKED_NOT_IN_ERP	Desktop picked here but ERP did not deduct this carton					
2026-09-20	MR-2026-04679	MAT-STE-2026-21698	287659	L015-OWPALT-016A	CNWH66197	0	1	ERP_AUTO_PICKED_HERE	ERP deducted here but desktop did not pick this carton	j58kcbm4sk				
2026-09-20	MR-2026-04679	MAT-STE-2026-21698	287659	L015-OWPALT-032A	CNWH66182	1	0	DESKTOP_PICKED_NOT_IN_ERP	Desktop picked here but ERP did not deduct this carton					
2026-09-20	MR-2026-04680	MAT-STE-2026-21699	266017	L008-OWSHEL-005E	CNWH58474	1	0	DESKTOP_PICKED_NOT_IN_ERP	Desktop picked here but ERP did not deduct this carton					
2026-09-20	MR-2026-04680	MAT-STE-2026-21699	266017	L008-OWSHEL-018F	CNWH59001	0	1	ERP_AUTO_PICKED_HERE	ERP deducted here but desktop did not pick this carton	joqncb36md				
2026-09-20	MR-2026-04680	MAT-STE-2026-21699	266017	L008-OWSHEL-019F	CNWH46946	1	0	DESKTOP_PICKED_NOT_IN_ERP	Desktop picked here but ERP did not deduct this carton					
2026-09-20	MR-2026-04680	MAT-STE-2026-21699	266017	L008-OWSHEL-031F	CNWH65901	0	1	ERP_AUTO_PICKED_HERE	ERP deducted here but desktop did not pick this carton	joqo5ctsum				
2026-09-20	MR-2026-04680	MAT-STE-2026-21699	266018	L008-OWSHEL-005E	CNWH58474	2	0	DESKTOP_PICKED_NOT_IN_ERP	Desktop picked here but ERP did not deduct this carton					
2026-09-20	MR-2026-04680	MAT-STE-2026-21699	266018	L008-OWSHEL-018F	CNWH60945	0	1	ERP_AUTO_PICKED_HERE	ERP deducted here but desktop did not pick this carton	jor9f9j1v2				
2026-09-20	MR-2026-04680	MAT-STE-2026-21699	266018	L008-OWSHEL-019F	CNWH46946	2	0	DESKTOP_PICKED_NOT_IN_ERP	Desktop picked here but ERP did not deduct this carton					
2026-09-20	MR-2026-04680	MAT-STE-2026-21699	266018	L008-OWSHEL-031F	CNWH65901	0	3	ERP_AUTO_PICKED_HERE	ERP deducted here but desktop did not pick this carton	jorq186n77				
2026-09-20	MR-2026-04680	MAT-STE-2026-21699	266019	L008-OWSHEL-005E	CNWH58474	2	0	DESKTOP_PICKED_NOT_IN_ERP	Desktop picked here but ERP did not deduct this carton					
2026-09-20	MR-2026-04680	MAT-STE-2026-21699	266019	L008-OWSHEL-015C	CNWH58956	1	0	DESKTOP_PICKED_NOT_IN_ERP	Desktop picked here but ERP did not deduct this carton					
2026-09-20	MR-2026-04680	MAT-STE-2026-21699	266019	L008-OWSHEL-018F	CNWH60945	0	2	ERP_AUTO_PICKED_HERE	ERP deducted here but desktop did not pick this carton	jori173e8t				
2026-09-20	MR-2026-04680	MAT-STE-2026-21699	266019	L008-OWSHEL-018F	CNWH66499	0	1	ERP_AUTO_PICKED_HERE	ERP deducted here but desktop did not pick this carton	joshea6lr0				
2026-09-20	MR-2026-04680	MAT-STE-2026-21699	266019	L008-OWSHEL-026B	CNWH64952	0	1	ERP_AUTO_PICKED_HERE	ERP deducted here but desktop did not pick this carton	josocn2jjj				
2026-09-20	MR-2026-04680	MAT-STE-2026-21699	266019	L015-OWPALT-049A	CNWH43104	1	0	DESKTOP_PICKED_NOT_IN_ERP	Desktop picked here but ERP did not deduct this carton					
2026-09-20	MR-2026-04680	MAT-STE-2026-21699	266020	L008-OWSHEL-015C	CNWH58193	1	0	DESKTOP_PICKED_NOT_IN_ERP	Desktop picked here but ERP did not deduct this carton					
2026-09-20	MR-2026-04680	MAT-STE-2026-21699	266020	L015-OWPALT-001A	CNWH66110	0	2	ERP_AUTO_PICKED_HERE	ERP deducted here but desktop did not pick this carton	jos9ofu2q2				
2026-09-20	MR-2026-04680	MAT-STE-2026-21699	266020	L015-OWPALT-023B	CNWH66143	1	0	DESKTOP_PICKED_NOT_IN_ERP	Desktop picked here but ERP did not deduct this carton					
2026-09-20	MR-2026-04680	MAT-STE-2026-21699	266198	L008-OWSHEL-013A	CNWH26274	4	0	DESKTOP_PICKED_NOT_IN_ERP	Desktop picked here but ERP did not deduct this carton					
2026-09-20	MR-2026-04680	MAT-STE-2026-21699	266198	L015-OWPALT-032A	CNWH66182	0	4	ERP_AUTO_PICKED_HERE	ERP deducted here but desktop did not pick this carton	jose7vpne7				
2026-09-20	MR-2026-04680	MAT-STE-2026-21699	266199	L008-OWSHEL-013A	CNWH26274	2	0	DESKTOP_PICKED_NOT_IN_ERP	Desktop picked here but ERP did not deduct this carton					
2026-09-20	MR-2026-04680	MAT-STE-2026-21699	266199	L015-OWPALT-032A	CNWH66182	0	2	ERP_AUTO_PICKED_HERE	ERP deducted here but desktop did not pick this carton	jot0913emf				
2026-09-20	MR-2026-04680	MAT-STE-2026-21699	268186	L008-OWSHEL-005E	CNWH58474	1	0	DESKTOP_PICKED_NOT_IN_ERP	Desktop picked here but ERP did not deduct this carton					
2026-09-20	MR-2026-04680	MAT-STE-2026-21699	268186	L008-OWSHEL-008E	CNWH55821	1	0	DESKTOP_PICKED_NOT_IN_ERP	Desktop picked here but ERP did not deduct this carton					
2026-09-20	MR-2026-04680	MAT-STE-2026-21699	268186	L015-OWPALT-018B	CNWH66150	0	2	ERP_AUTO_PICKED_HERE	ERP deducted here but desktop did not pick this carton	jotqvhgr26				
2026-09-20	MR-2026-04680	MAT-STE-2026-21699	268187	L008-OWSHEL-008E	CNWH55821	4	0	DESKTOP_PICKED_NOT_IN_ERP	Desktop picked here but ERP did not deduct this carton					
2026-09-20	MR-2026-04680	MAT-STE-2026-21699	268187	L015-OWPALT-018B	CNWH66150	0	4	ERP_AUTO_PICKED_HERE	ERP deducted here but desktop did not pick this carton	jot0hovh91				
2026-09-20	MR-2026-04680	MAT-STE-2026-21699	268188	L008-OWSHEL-008E	CNWH55821	4	0	DESKTOP_PICKED_NOT_IN_ERP	Desktop picked here but ERP did not deduct this carton					
2026-09-20	MR-2026-04680	MAT-STE-2026-21699	268188	L015-OWPALT-006C	CNWH69068	0	2	ERP_AUTO_PICKED_HERE	ERP deducted here but desktop did not pick this carton	jot8uo919m				
2026-09-20	MR-2026-04680	MAT-STE-2026-21699	268188	L015-OWPALT-018B	CNWH66150	0	2	ERP_AUTO_PICKED_HERE	ERP deducted here but desktop did not pick this carton	jotu6eohor				
2026-09-20	MR-2026-04680	MAT-STE-2026-21699	272793	L008-OWSHEL-018F	CNWH55889	1	0	DESKTOP_PICKED_NOT_IN_ERP	Desktop picked here but ERP did not deduct this carton					
2026-09-20	MR-2026-04680	MAT-STE-2026-21699	272793	L015-OWPALT-006C	CNWH69068	0	1	ERP_AUTO_PICKED_HERE	ERP deducted here but desktop did not pick this carton	jou1elb4q7				
2026-09-20	MR-2026-04680	MAT-STE-2026-21699	272793	L015-OWPALT-024A	CNWH61290	0	1	ERP_AUTO_PICKED_HERE	ERP deducted here but desktop did not pick this carton	joumsr0j4a				
2026-09-20	MR-2026-04680	MAT-STE-2026-21699	272793	L015-OWPALT-032A	CNWH61907	1	0	DESKTOP_PICKED_NOT_IN_ERP	Desktop picked here but ERP did not deduct this carton					
2026-09-20	MR-2026-04680	MAT-STE-2026-21699	272794	L008-OWSHEL-005E	CNWH58474	1	0	DESKTOP_PICKED_NOT_IN_ERP	Desktop picked here but ERP did not deduct this carton					
2026-09-20	MR-2026-04680	MAT-STE-2026-21699	272794	L008-OWSHEL-013A	CNWH04811	2	0	DESKTOP_PICKED_NOT_IN_ERP	Desktop picked here but ERP did not deduct this carton					
2026-09-20	MR-2026-04680	MAT-STE-2026-21699	272794	L008-OWSHEL-015C	CNWH58956	1	0	DESKTOP_PICKED_NOT_IN_ERP	Desktop picked here but ERP did not deduct this carton					
2026-09-20	MR-2026-04680	MAT-STE-2026-21699	272794	L015-OWPALT-024A	CNWH61290	0	3	ERP_AUTO_PICKED_HERE	ERP deducted here but desktop did not pick this carton	joutst4vl6				
2026-09-20	MR-2026-04680	MAT-STE-2026-21699	272794	L015-OWPALT-030C	CNWH61426	0	1	ERP_AUTO_PICKED_HERE	ERP deducted here but desktop did not pick this carton	jou5ddqc17				
2026-09-20	MR-2026-04680	MAT-STE-2026-21699	272795	L008-OWSHEL-015C	CNWH58545	1	0	DESKTOP_PICKED_NOT_IN_ERP	Desktop picked here but ERP did not deduct this carton					
2026-09-20	MR-2026-04680	MAT-STE-2026-21699	272795	L015-OWPALT-006C	CNWH69068	0	2	ERP_AUTO_PICKED_HERE	ERP deducted here but desktop did not pick this carton	jov9n5jvpn				
2026-09-20	MR-2026-04680	MAT-STE-2026-21699	272795	L015-OWPALT-024A	CNWH61290	0	2	ERP_AUTO_PICKED_HERE	ERP deducted here but desktop did not pick this carton	jov4kp02p3				
2026-09-20	MR-2026-04680	MAT-STE-2026-21699	272795	L016-OWPALT-003C	CNWH52738	3	0	DESKTOP_PICKED_NOT_IN_ERP	Desktop picked here but ERP did not deduct this carton					
2026-09-20	MR-2026-04680	MAT-STE-2026-21699	272796	L008-OWSHEL-018F	CNWH55889	1	0	DESKTOP_PICKED_NOT_IN_ERP	Desktop picked here but ERP did not deduct this carton					
2026-09-20	MR-2026-04680	MAT-STE-2026-21699	272796	L015-OWPALT-030C	CNWH66200	0	1	ERP_AUTO_PICKED_HERE	ERP deducted here but desktop did not pick this carton	jovt83mmde				
2026-09-20	MR-2026-04680	MAT-STE-2026-21699	272805	L008-OWSHEL-008E	CNWH50884	2	0	DESKTOP_PICKED_NOT_IN_ERP	Desktop picked here but ERP did not deduct this carton					
2026-09-20	MR-2026-04680	MAT-STE-2026-21699	272805	L008-OWSHEL-018F	CNWH59001	0	1	ERP_AUTO_PICKED_HERE	ERP deducted here but desktop did not pick this carton	jov66ls3or				
2026-09-20	MR-2026-04680	MAT-STE-2026-21699	272805	L008-OWSHEL-019F	CNWH59368	0	1	ERP_AUTO_PICKED_HERE	ERP deducted here but desktop did not pick this carton	jov5d3le7s				
2026-09-20	MR-2026-04680	MAT-STE-2026-21699	272806	L008-OWSHEL-008E	CNWH50884	3	0	DESKTOP_PICKED_NOT_IN_ERP	Desktop picked here but ERP did not deduct this carton					
2026-09-20	MR-2026-04680	MAT-STE-2026-21699	272806	L008-OWSHEL-008E	CNWH64912	0	2	ERP_AUTO_PICKED_HERE	ERP deducted here but desktop did not pick this carton	jp0bnkqd0a				
2026-09-20	MR-2026-04680	MAT-STE-2026-21699	272806	L008-OWSHEL-019F	CNWH65850	0	2	ERP_AUTO_PICKED_HERE	ERP deducted here but desktop did not pick this carton	jp0d91q1u6				
2026-09-20	MR-2026-04680	MAT-STE-2026-21699	272806	L015-OWPALT-032A	CNWH27149	1	0	DESKTOP_PICKED_NOT_IN_ERP	Desktop picked here but ERP did not deduct this carton					
2026-09-20	MR-2026-04680	MAT-STE-2026-21699	272807	L008-OWSHEL-005E	CNWH58474	1	0	DESKTOP_PICKED_NOT_IN_ERP	Desktop picked here but ERP did not deduct this carton					
2026-09-20	MR-2026-04680	MAT-STE-2026-21699	272807	L008-OWSHEL-008E	CNWH50884	3	0	DESKTOP_PICKED_NOT_IN_ERP	Desktop picked here but ERP did not deduct this carton					
2026-09-20	MR-2026-04680	MAT-STE-2026-21699	272807	L008-OWSHEL-019F	CNWH65850	0	2	ERP_AUTO_PICKED_HERE	ERP deducted here but desktop did not pick this carton	jp0tdaua18				
2026-09-20	MR-2026-04680	MAT-STE-2026-21699	272807	L015-OWPALT-002B	CNWH61467	0	2	ERP_AUTO_PICKED_HERE	ERP deducted here but desktop did not pick this carton	jp0rb4plmm				
2026-09-20	MR-2026-04680	MAT-STE-2026-21699	272808	L015-OWPALT-002B	CNWH61467	0	1	ERP_AUTO_PICKED_HERE	ERP deducted here but desktop did not pick this carton	jp0f998a16				
2026-09-20	MR-2026-04680	MAT-STE-2026-21699	272808	L015-OWPALT-032A	CNWH27149	1	0	DESKTOP_PICKED_NOT_IN_ERP	Desktop picked here but ERP did not deduct this carton					
2026-09-20	MR-2026-04680	MAT-STE-2026-21699	274247	L008-OWSHEL-018F	CNWH55889	2	0	DESKTOP_PICKED_NOT_IN_ERP	Desktop picked here but ERP did not deduct this carton					
2026-09-20	MR-2026-04680	MAT-STE-2026-21699	274247	L015-OWPALT-006C	CNWH69068	0	2	ERP_AUTO_PICKED_HERE	ERP deducted here but desktop did not pick this carton	jp1aa1hcte				
2026-09-20	MR-2026-04680	MAT-STE-2026-21699	274248	L008-OWSHEL-005E	CNWH58474	2	0	DESKTOP_PICKED_NOT_IN_ERP	Desktop picked here but ERP did not deduct this carton					
2026-09-20	MR-2026-04680	MAT-STE-2026-21699	274248	L008-OWSHEL-018F	CNWH55889	1	0	DESKTOP_PICKED_NOT_IN_ERP	Desktop picked here but ERP did not deduct this carton					
2026-09-20	MR-2026-04680	MAT-STE-2026-21699	274248	L008-OWSHEL-019F	CNWH46946	1	0	DESKTOP_PICKED_NOT_IN_ERP	Desktop picked here but ERP did not deduct this carton					
2026-09-20	MR-2026-04680	MAT-STE-2026-21699	274248	L008-OWSHEL-019F	CNWH65012	0	2	ERP_AUTO_PICKED_HERE	ERP deducted here but desktop did not pick this carton	jp1cv1pq7c				
2026-09-20	MR-2026-04680	MAT-STE-2026-21699	274248	L015-OWPALT-006C	CNWH69068	0	2	ERP_AUTO_PICKED_HERE	ERP deducted here but desktop did not pick this carton	jp16ub2v2d				
2026-09-20	MR-2026-04680	MAT-STE-2026-21699	274249	L008-OWSHEL-018F	CNWH55889	2	0	DESKTOP_PICKED_NOT_IN_ERP	Desktop picked here but ERP did not deduct this carton					
2026-09-20	MR-2026-04680	MAT-STE-2026-21699	274249	L015-OWPALT-024A	CNWH61290	0	2	ERP_AUTO_PICKED_HERE	ERP deducted here but desktop did not pick this carton	jp1radgpmp				
2026-09-20	MR-2026-04680	MAT-STE-2026-21699	286393	L008-OWSHEL-019F	CNWH65012	0	1	ERP_AUTO_PICKED_HERE	ERP deducted here but desktop did not pick this carton	jp2bnjplu9				
2026-09-20	MR-2026-04680	MAT-STE-2026-21699	286393	L015-OWPALT-051C	CNWH47004	1	0	DESKTOP_PICKED_NOT_IN_ERP	Desktop picked here but ERP did not deduct this carton					
2026-09-20	MR-2026-04680	MAT-STE-2026-21699	286394	L008-OWSHEL-018F	CNWH62359	1	0	DESKTOP_PICKED_NOT_IN_ERP	Desktop picked here but ERP did not deduct this carton					
2026-09-20	MR-2026-04680	MAT-STE-2026-21699	286394	L015-OWPALT-006C	CNWH69115	0	1	ERP_AUTO_PICKED_HERE	ERP deducted here but desktop did not pick this carton	jp2atb2aoh				
2026-09-20	MR-2026-04680	MAT-STE-2026-21699	286408	L008-OWSHEL-008E	CNWH58962	2	0	DESKTOP_PICKED_NOT_IN_ERP	Desktop picked here but ERP did not deduct this carton					
2026-09-20	MR-2026-04680	MAT-STE-2026-21699	286408	L008-OWSHEL-018F	CNWH62359	0	2	ERP_AUTO_PICKED_HERE	ERP deducted here but desktop did not pick this carton	jp2bj312aq				
2026-09-20	MR-2026-04680	MAT-STE-2026-21699	286409	L008-OWSHEL-005E	CNWH62344	0	1	ERP_AUTO_PICKED_HERE	ERP deducted here but desktop did not pick this carton	jp2ukh5td9				
2026-09-20	MR-2026-04680	MAT-STE-2026-21699	286409	L008-OWSHEL-006F	CNWH57363	1	0	DESKTOP_PICKED_NOT_IN_ERP	Desktop picked here but ERP did not deduct this carton					
2026-09-20	MR-2026-04680	MAT-STE-2026-21699	286409	L008-OWSHEL-008E	CNWH58962	2	0	DESKTOP_PICKED_NOT_IN_ERP	Desktop picked here but ERP did not deduct this carton					
2026-09-20	MR-2026-04680	MAT-STE-2026-21699	286409	L008-OWSHEL-018F	CNWH59001	0	2	ERP_AUTO_PICKED_HERE	ERP deducted here but desktop did not pick this carton	jp2d2vf58s				
2026-09-20	MR-2026-04680	MAT-STE-2026-21699	286410	L008-OWSHEL-005E	CNWH62344	0	1	ERP_AUTO_PICKED_HERE	ERP deducted here but desktop did not pick this carton	jp3ak0nr69				
2026-09-20	MR-2026-04680	MAT-STE-2026-21699	286410	L008-OWSHEL-008E	CNWH58962	1	0	DESKTOP_PICKED_NOT_IN_ERP	Desktop picked here but ERP did not deduct this carton					
2026-09-20	MR-2026-04680	MAT-STE-2026-21699	286410	L008-OWSHEL-015C	CNWH58956	1	0	DESKTOP_PICKED_NOT_IN_ERP	Desktop picked here but ERP did not deduct this carton					
2026-09-20	MR-2026-04680	MAT-STE-2026-21699	286410	L008-OWSHEL-018F	CNWH59001	0	1	ERP_AUTO_PICKED_HERE	ERP deducted here but desktop did not pick this carton	jp3qaftigu				
2026-09-20	MR-2026-04680	MAT-STE-2026-21699	287416	L015-OWPALT-006C	CNWH69115	0	1	ERP_AUTO_PICKED_HERE	ERP deducted here but desktop did not pick this carton	jp3rnmm4r1				
2026-09-20	MR-2026-04680	MAT-STE-2026-21699	287416	L016-OWPALT-006C	CNWH54352	1	0	DESKTOP_PICKED_NOT_IN_ERP	Desktop picked here but ERP did not deduct this carton					
2026-09-20	MR-2026-04680	MAT-STE-2026-21699	287417	L008-OWSHEL-008E	CNWH65018	0	1	ERP_AUTO_PICKED_HERE	ERP deducted here but desktop did not pick this carton	jp3ubh6naj				
2026-09-20	MR-2026-04680	MAT-STE-2026-21699	287417	L015-OWPALT-006C	CNWH69115	0	2	ERP_AUTO_PICKED_HERE	ERP deducted here but desktop did not pick this carton	jp3d1nvk0d				
2026-09-20	MR-2026-04680	MAT-STE-2026-21699	287417	L015-OWPALT-022C	CNWH69105	0	1	ERP_AUTO_PICKED_HERE	ERP deducted here but desktop did not pick this carton	jp40sb4slk				
2026-09-20	MR-2026-04680	MAT-STE-2026-21699	287417	L016-OWPALT-006C	CNWH54352	4	0	DESKTOP_PICKED_NOT_IN_ERP	Desktop picked here but ERP did not deduct this carton					
2026-09-20	MR-2026-04680	MAT-STE-2026-21699	287418	L015-OWPALT-006C	CNWH69115	0	2	ERP_AUTO_PICKED_HERE	ERP deducted here but desktop did not pick this carton	jp4hbp4j81				
2026-09-20	MR-2026-04680	MAT-STE-2026-21699	287418	L016-OWPALT-006C	CNWH54352	2	0	DESKTOP_PICKED_NOT_IN_ERP	Desktop picked here but ERP did not deduct this carton					
